{
    "modes": [
        {
            "index": 0,
            "strictly local log-evidence": -550.5813910293713,
            "strictly local log-evidence error": 0.033631082233906116,
            "local log-evidence": -550.5813910293713,
            "local log-evidence error": 0.033631082233906116,
            "mean": [
                -0.5124142214468425,
                2.6261206762568654,
                -1.263765584444622,
                115.07185434001782,
                52.19658029750384
            ],
            "sigma": [
                0.015929805603921623,
                0.013808932371699542,
                0.0063954959153665605,
                0.5598655784892484,
                0.5894205988663689
            ],
            "maximum": [
                -0.5164389867225747,
                2.6293468376265614,
                -1.2649657125748757,
                115.13665427787406,
                52.06664889164705
            ],
            "maximum a posterior": [
                -0.5164389867225747,
                2.6293468376265614,
                -1.2649657125748757,
                115.13665427787406,
                52.06664889164705
            ]
        }
    ],
    "nested sampling global log-evidence": -549.8419246341628,
    "nested sampling global log-evidence error": 0.509599556788037,
    "global evidence": -550.5813910293713,
    "global evidence error": 0.033631082233906116,
    "nested importance sampling global log-evidence": -550.5813910293713,
    "nested importance sampling global log-evidence error": 0.033631082233906116,
    "marginals": [
        {
            "median": -0.512678740182735,
            "sigma": 0.01592933151292411,
            "1sigma": [
                -0.5282453982214891,
                -0.49638673519564086
            ],
            "2sigma": [
                -0.5414743428985284,
                -0.48163645020668133
            ],
            "3sigma": [
                -0.5598680830936025,
                -0.4619988528202853
            ],
            "5sigma": [
                -0.5870311875328181,
                -0.44126331361885235
            ],
            "q75%": -0.5017742470497579,
            "q25%": -0.5222525960070691,
            "q99%": -0.4775177743943581,
            "q01%": -0.5505462581969989,
            "q90%": -0.4926432961529808,
            "q10%": -0.5343459697505315
        },
        {
            "median": 2.6258241445218324,
            "sigma": 0.013641667726560724,
            "1sigma": [
                2.6122374315435257,
                2.639520766996647
            ],
            "2sigma": [
                2.5978789193996974,
                2.6528697500417473
            ],
            "3sigma": [
                2.58433277473969,
                2.6681766872750807
            ],
            "5sigma": [
                2.563187997711203,
                2.696401005403429
            ],
            "q75%": 2.6354635509691877,
            "q25%": 2.617459312024489,
            "q99%": 2.657653357542465,
            "q01%": 2.5923062410659585,
            "q90%": 2.6433684426744626,
            "q10%": 2.608517854584163
        },
        {
            "median": -1.2639237325620345,
            "sigma": 0.006090138960476943,
            "1sigma": [
                -1.2698232962175815,
                -1.2576430182966276
            ],
            "2sigma": [
                -1.276353819902196,
                -1.2503422125383292
            ],
            "3sigma": [
                -1.2835742914852801,
                -1.2443222311751452
            ],
            "5sigma": [
                -1.2921911503461303,
                -1.2294855292902875
            ],
            "q75%": -1.2597191340034128,
            "q25%": -1.2679260834934485,
            "q99%": -1.2480667777359384,
            "q01%": -1.2795269696745368,
            "q90%": -1.2560579323857641,
            "q10%": -1.2718573896641376
        },
        {
            "median": 115.08487198470583,
            "sigma": 0.5506228506122426,
            "1sigma": [
                114.50959994903648,
                115.61084565026097
            ],
            "2sigma": [
                114.03365605497834,
                116.21311278896401
            ],
            "3sigma": [
                113.36186431656711,
                116.73323884197752
            ],
            "5sigma": [
                112.26657739834839,
                117.68966589173182
            ],
            "q75%": 115.42611515521067,
            "q25%": 114.68433407144934,
            "q99%": 116.4086390631302,
            "q01%": 113.71709360173107,
            "q90%": 115.77841011646318,
            "q10%": 114.35926772471124
        },
        {
            "median": 52.210286397976,
            "sigma": 0.625247546665495,
            "1sigma": [
                51.57237648541786,
                52.82287157874885
            ],
            "2sigma": [
                50.89854095787432,
                53.21413857581974
            ],
            "3sigma": [
                50.52422995445047,
                53.896378783294765
            ],
            "5sigma": [
                49.217431646843096,
                54.8950250842102
            ],
            "q75%": 52.604570018542006,
            "q25%": 51.807949541101515,
            "q99%": 53.50523355097556,
            "q01%": 50.75696534850235,
            "q90%": 52.97036675238026,
            "q10%": 51.43678732305278
        }
    ]
}