{
    "modes": [
        {
            "index": 0,
            "strictly local log-evidence": -551.133804508835,
            "strictly local log-evidence error": 0.031113819175077658,
            "local log-evidence": -551.133804508835,
            "local log-evidence error": 0.031113819175077658,
            "mean": [
                -0.5125812888573584,
                2.6263016166857565,
                -0.23877525098556193,
                115.0221179181067,
                52.279015821876875
            ],
            "sigma": [
                0.015611866485176058,
                0.01403564845233482,
                0.027547091840154313,
                0.5865357858813488,
                0.604543137809244
            ],
            "maximum": [
                -0.5118518736915956,
                2.6254450808963146,
                -0.24011105566671986,
                114.79301000930099,
                52.342251241033296
            ],
            "maximum a posterior": [
                -0.5118518736915956,
                2.6254450808963146,
                -0.24011105566671986,
                114.79301000930099,
                52.342251241033296
            ]
        }
    ],
    "nested sampling global log-evidence": -550.1136909963599,
    "nested sampling global log-evidence error": 0.5110548234697677,
    "global evidence": -551.133804508835,
    "global evidence error": 0.031113819175077658,
    "nested importance sampling global log-evidence": -551.133804508835,
    "nested importance sampling global log-evidence error": 0.031113819175077658,
    "marginals": [
        {
            "median": -0.5119405975723608,
            "sigma": 0.015064446777987295,
            "1sigma": [
                -0.528286790349771,
                -0.4981578967937964
            ],
            "2sigma": [
                -0.5444290548393301,
                -0.4830558079206213
            ],
            "3sigma": [
                -0.5627419798602157,
                -0.46436667574864166
            ],
            "5sigma": [
                -0.593109164235501,
                -0.42382053033907113
            ],
            "q75%": -0.5019712982523468,
            "q25%": -0.5231752330615104,
            "q99%": -0.47472932161723874,
            "q01%": -0.5466809403760554,
            "q90%": -0.4927447600544084,
            "q10%": -0.5328206025559754
        },
        {
            "median": 2.6256796217779126,
            "sigma": 0.013784749141568353,
            "1sigma": [
                2.612443339312604,
                2.640012837595741
            ],
            "2sigma": [
                2.6012760121140617,
                2.653459569840179
            ],
            "3sigma": [
                2.5800064348104597,
                2.66972635346983
            ],
            "5sigma": [
                2.5557419329667774,
                2.698201083969544
            ],
            "q75%": 2.6360131759467413,
            "q25%": 2.6161496141473433,
            "q99%": 2.6585506694831142,
            "q01%": 2.5925035105199736,
            "q90%": 2.6451413319641417,
            "q10%": 2.609724342826947
        },
        {
            "median": -0.24011120241983094,
            "sigma": 0.02694637100973367,
            "1sigma": [
                -0.26489610265411045,
                -0.21100336063464312
            ],
            "2sigma": [
                -0.2894881534667962,
                -0.18351355995391216
            ],
            "3sigma": [
                -0.32846642323028735,
                -0.15008281661814923
            ],
            "5sigma": [
                -0.396136261876106,
                -0.10021949693343098
            ],
            "q75%": -0.21956858621827036,
            "q25%": -0.2563271459135922,
            "q99%": -0.17880490801068366,
            "q01%": -0.30389556353214636,
            "q90%": -0.20324553214573968,
            "q10%": -0.2748281201313295
        },
        {
            "median": 115.02071741012773,
            "sigma": 0.5721494397743854,
            "1sigma": [
                114.44929048421747,
                115.59358936376624
            ],
            "2sigma": [
                113.86904883267859,
                116.20158506917495
            ],
            "3sigma": [
                113.23316886409079,
                117.06949145407621
            ],
            "5sigma": [
                112.91246172443343,
                117.85586402181825
            ],
            "q75%": 115.416810129151,
            "q25%": 114.62867948374337,
            "q99%": 116.41176644372084,
            "q01%": 113.57044627472972,
            "q90%": 115.78544116246971,
            "q10%": 114.28982780656916
        },
        {
            "median": 52.284229898926775,
            "sigma": 0.5994543956229492,
            "1sigma": [
                51.674175129354246,
                52.873083920600145
            ],
            "2sigma": [
                51.020420876405844,
                53.485071683729025
            ],
            "3sigma": [
                50.14985250695415,
                54.15610445577703
            ],
            "5sigma": [
                49.473841849608235,
                55.025860761852286
            ],
            "q75%": 52.67151046225891,
            "q25%": 51.86659146436178,
            "q99%": 53.774700851134014,
            "q01%": 50.82210758597174,
            "q90%": 53.02227840842741,
            "q10%": 51.532934528309916
        }
    ]
}