{
    "modes": [
        {
            "index": 0,
            "strictly local log-evidence": -525.7575117528319,
            "strictly local log-evidence error": 0.020534046553734184,
            "local log-evidence": -525.7575117528319,
            "local log-evidence error": 0.020534046553734184,
            "mean": [
                -1.2965631369379986,
                2.1486549460387736,
                -0.5977581465594201
            ],
            "sigma": [
                0.010936705723188552,
                0.008869616439282926,
                0.008553645466016906
            ],
            "maximum": [
                -1.2956123242484312,
                2.147668036428791,
                -0.5969065271477128
            ],
            "maximum a posterior": [
                -1.2956123242484312,
                2.147668036428791,
                -0.5969065271477128
            ]
        }
    ],
    "nested sampling global log-evidence": -524.9776289914672,
    "nested sampling global log-evidence error": 0.22864164083059582,
    "global evidence": -525.7575117528319,
    "global evidence error": 0.020534046553734184,
    "nested importance sampling global log-evidence": -525.7575117528319,
    "nested importance sampling global log-evidence error": 0.020534046553734184,
    "marginals": [
        {
            "median": -1.2967113375864905,
            "sigma": 0.010533762529719493,
            "1sigma": [
                -1.306972186574351,
                -1.2859046615149121
            ],
            "2sigma": [
                -1.3183383063764502,
                -1.2753973745858838
            ],
            "3sigma": [
                -1.3299003347543015,
                -1.263571806748594
            ],
            "5sigma": [
                -1.351490918881435,
                -1.2376177345490067
            ],
            "q75%": -1.2894611100556665,
            "q25%": -1.303833580761274,
            "q99%": -1.270984040373376,
            "q01%": -1.322643565122403,
            "q90%": -1.2820772251596082,
            "q10%": -1.309864538263574
        },
        {
            "median": 2.1487831994094555,
            "sigma": 0.008560456326295318,
            "1sigma": [
                2.1396586535733886,
                2.156779566225979
            ],
            "2sigma": [
                2.131670804548214,
                2.1666443532393203
            ],
            "3sigma": [
                2.1237150723118887,
                2.176696124814499
            ],
            "5sigma": [
                2.1048687317789345,
                2.1949435321256234
            ],
            "q75%": 2.154042840862825,
            "q25%": 2.1428428543238414,
            "q99%": 2.1704923571927406,
            "q01%": 2.1275372339805316,
            "q90%": 2.1596915303371835,
            "q10%": 2.13689972619235
        },
        {
            "median": -0.5981417125300815,
            "sigma": 0.008535058119314265,
            "1sigma": [
                -0.6061609421411054,
                -0.5890908259024769
            ],
            "2sigma": [
                -0.6142186449667859,
                -0.5807287575210616
            ],
            "3sigma": [
                -0.625098700216413,
                -0.5721804642253012
            ],
            "5sigma": [
                -0.6400568900462368,
                -0.5524105500671602
            ],
            "q75%": -0.5920157964955416,
            "q25%": -0.6032896019994236,
            "q99%": -0.5774705990312936,
            "q01%": -0.6175293568732967,
            "q90%": -0.5868769934844964,
            "q10%": -0.6081433260905651
        }
    ]
}