{
    "modes": [
        {
            "index": 0,
            "strictly local log-evidence": -227.77367688878357,
            "strictly local log-evidence error": 0.026986558018260873,
            "local log-evidence": -227.77367688878357,
            "local log-evidence error": 0.026986558018260873,
            "mean": [
                -1.563205308965322,
                2.6922551331243048,
                -0.7716607232840622
            ],
            "sigma": [
                0.010429886153516806,
                0.017676129750974153,
                0.00653994602381425
            ],
            "maximum": [
                -1.5637249947733824,
                2.692665691623801,
                -0.7718983799290982
            ],
            "maximum a posterior": [
                -1.5637249947733824,
                2.692665691623801,
                -0.7718983799290982
            ]
        }
    ],
    "nested sampling global log-evidence": -227.51803810495682,
    "nested sampling global log-evidence error": 0.23923647684641436,
    "global evidence": -227.77367688878357,
    "global evidence error": 0.026986558018260873,
    "nested importance sampling global log-evidence": -227.77367688878357,
    "nested importance sampling global log-evidence error": 0.026986558018260873,
    "marginals": [
        {
            "median": -1.5631883371511162,
            "sigma": 0.010421899481476093,
            "1sigma": [
                -1.5732813283337108,
                -1.5524375293707586
            ],
            "2sigma": [
                -1.5834702216043781,
                -1.5418272830462552
            ],
            "3sigma": [
                -1.5948958750984612,
                -1.5311305407367035
            ],
            "5sigma": [
                -1.614040175820686,
                -1.5093765333389149
            ],
            "q75%": -1.5566707905930903,
            "q25%": -1.57031164696992,
            "q99%": -1.538218077608164,
            "q01%": -1.5876775780282593,
            "q90%": -1.5496781209184363,
            "q10%": -1.5764079390464207
        },
        {
            "median": 2.6919422400114805,
            "sigma": 0.018250136332632616,
            "1sigma": [
                2.6740076267838897,
                2.710507899449155
            ],
            "2sigma": [
                2.6582555227251294,
                2.7267271214418844
            ],
            "3sigma": [
                2.6395345430242747,
                2.7464865246640726
            ],
            "5sigma": [
                2.609024404876564,
                2.7852056903663676
            ],
            "q75%": 2.704792811124919,
            "q25%": 2.67988643845824,
            "q99%": 2.731076315746749,
            "q01%": 2.6512230171602753,
            "q90%": 2.714831139298506,
            "q10%": 2.6695192014321543
        },
        {
            "median": -0.7715429440095344,
            "sigma": 0.006494946253258638,
            "1sigma": [
                -0.7782658801402271,
                -0.7652759876337099
            ],
            "2sigma": [
                -0.78414230249876,
                -0.7583821085877944
            ],
            "3sigma": [
                -0.7910557436726156,
                -0.751917028938842
            ],
            "5sigma": [
                -0.8031926635528946,
                -0.738749765287612
            ],
            "q75%": -0.7674933721004787,
            "q25%": -0.7762827688393503,
            "q99%": -0.7560368972538216,
            "q01%": -0.7862097312846947,
            "q90%": -0.7633191315653481,
            "q10%": -0.7799496540282186
        }
    ]
}