{
    "modes": [
        {
            "index": 0,
            "strictly local log-evidence": -331.25912524561835,
            "strictly local log-evidence error": 0.03552019726089975,
            "local log-evidence": -331.25912524561835,
            "local log-evidence error": 0.03552019726089975,
            "mean": [
                2.7754015230329476,
                -1.5463590484113803,
                2.3256255667437795,
                -0.7615834129833543
            ],
            "sigma": [
                0.5001834389963544,
                0.010646829654307993,
                0.009715951176241439,
                0.006599853115897078
            ],
            "maximum": [
                2.7436665091620673,
                -1.5477911033572558,
                2.325574493309429,
                -0.7624020828841545
            ],
            "maximum a posterior": [
                2.7436665091620673,
                -1.5477911033572558,
                2.325574493309429,
                -0.7624020828841545
            ]
        }
    ],
    "nested sampling global log-evidence": -331.5780427351234,
    "nested sampling global log-evidence error": 0.24194560994383407,
    "global evidence": -331.25912524561835,
    "global evidence error": 0.03552019726089975,
    "nested importance sampling global log-evidence": -331.25912524561835,
    "nested importance sampling global log-evidence error": 0.03552019726089975,
    "marginals": [
        {
            "median": 2.725087302075465,
            "sigma": 0.3304925358485953,
            "1sigma": [
                2.4151937824599004,
                3.076178854157091
            ],
            "2sigma": [
                2.1244062996395368,
                3.6255613618445057
            ],
            "3sigma": [
                1.8079758020367975,
                7.863190706003591
            ],
            "5sigma": [
                1.5382545912872396,
                9.991735648440791
            ],
            "q75%": 2.9470557917638973,
            "q25%": 2.506377125731642,
            "q99%": 4.358496197298145,
            "q01%": 2.0379041521089323,
            "q90%": 3.215620136962806,
            "q10%": 2.3249036722757697
        },
        {
            "median": -1.5461762649244377,
            "sigma": 0.01052568400217857,
            "1sigma": [
                -1.556906600020425,
                -1.5358552320160679
            ],
            "2sigma": [
                -1.5672167574374352,
                -1.5249423816619938
            ],
            "3sigma": [
                -1.580514741202784,
                -1.5141869662375362
            ],
            "5sigma": [
                -1.6021974875596732,
                -1.498592371130886
            ],
            "q75%": -1.5389363031099788,
            "q25%": -1.5535931001016945,
            "q99%": -1.5210555078421446,
            "q01%": -1.5704855005348883,
            "q90%": -1.5330180940834648,
            "q10%": -1.560026957221954
        },
        {
            "median": 2.325655321612552,
            "sigma": 0.009894345504369184,
            "1sigma": [
                2.3156667104426245,
                2.335455401451363
            ],
            "2sigma": [
                2.307482470921668,
                2.3440203340655716
            ],
            "3sigma": [
                2.297670430217092,
                2.355058053327523
            ],
            "5sigma": [
                2.283732471748266,
                2.373938242135374
            ],
            "q75%": 2.332200740521646,
            "q25%": 2.3189011398304484,
            "q99%": 2.3478750838762306,
            "q01%": 2.303730116465626,
            "q90%": 2.338161631850127,
            "q10%": 2.312801904099739
        },
        {
            "median": -0.7615146200098317,
            "sigma": 0.006608901597037586,
            "1sigma": [
                -0.7682774906338005,
                -0.7550596874397253
            ],
            "2sigma": [
                -0.7741506373477267,
                -0.748576977523026
            ],
            "3sigma": [
                -0.7816919450392932,
                -0.7417814360278396
            ],
            "5sigma": [
                -0.7928066528412007,
                -0.7306405027122015
            ],
            "q75%": -0.7572589870823868,
            "q25%": -0.7662759722316005,
            "q99%": -0.7466366841440754,
            "q01%": -0.7759783069257729,
            "q90%": -0.7528151687373833,
            "q10%": -0.7699826313150788
        }
    ]
}