{
    "LE": {
        "obs": {
            "x": [
                0.7200000286102295,
                1.0399999618530273,
                1.1749999523162842,
                1.2400000095367432,
                1.3550000190734863,
                1.465000033378601,
                1.5399999618530273,
                1.6949999332427979,
                1.8700000047683716,
                1.9850000143051147,
                2.115000009536743,
                2.375,
                2.759999990463257,
                3.4850001335144043
            ],
            "y": [
                0.16504417027579646,
                0.38095381060011335,
                1.1734700158926998,
                1.3690506833524885,
                0.5602246658262166,
                1.9761930643056038,
                0.8214294307903707,
                0.39115711605496634,
                0.5867350079463499,
                0.8862461855184945,
                0.47619109009409155,
                0.22449046006192727,
                0.1899096812871081,
                0.08437393323060813
            ],
            "x_le": [
                0.2199999988079071,
                0.09999999403953552,
                0.0350000262260437,
                0.029999971389770508,
                0.08500003814697266,
                0.02499997615814209,
                0.050000011920928955,
                0.10499995946884155,
                0.0700000524520874,
                0.04499995708465576,
                0.08500003814697266,
                0.17499995231628418,
                0.21000003814697266,
                0.5149999856948853
            ],
            "x_he": [
                0.2199999988079071,
                0.09999999403953552,
                0.0350000262260437,
                0.029999971389770508,
                0.08500003814697266,
                0.02499997615814209,
                0.050000011920928955,
                0.10499995946884155,
                0.0700000524520874,
                0.04499995708465576,
                0.08500003814697266,
                0.17499995231628418,
                0.21000003814697266,
                0.5149999856948853
            ],
            "y_e": [
                0.08003351755633815,
                0.17577166593048363,
                0.500762562159184,
                0.5842239841124847,
                0.22277261519164207,
                0.7563045169445765,
                0.3505339725980339,
                0.1669210435628147,
                0.250381281079592,
                0.389931601162516,
                0.20631528355649428,
                0.10032572936864034,
                0.08355667681347648,
                0.03689524977417809
            ]
        },
        "mo": {
            "x": [
                0.7200000286102295,
                1.0399999618530273,
                1.1749999523162842,
                1.2400000095367432,
                1.3550000190734863,
                1.465000033378601,
                1.5399999618530273,
                1.6949999332427979,
                1.8700000047683716,
                1.9850000143051147,
                2.115000009536743,
                2.375,
                2.759999990463257,
                3.4850001335144043
            ],
            "y": [
                0.17529060288500808,
                0.6492233481838744,
                0.8254986630277216,
                0.8563957011236066,
                0.825563976149173,
                0.7620801183785021,
                0.6400177528768862,
                0.4606416595689848,
                0.4974499270458926,
                0.40424808020488356,
                0.23844963083860365,
                0.2751737120224502,
                0.23865346736749457,
                0.146870977539687
            ]
        },
        "res": {
            "x": [
                0.7200000286102295,
                1.0399999618530273,
                1.1749999523162842,
                1.2400000095367432,
                1.3550000190734863,
                1.465000033378601,
                1.5399999618530273,
                1.6949999332427979,
                1.8700000047683716,
                1.9850000143051147,
                2.115000009536743,
                2.375,
                2.759999990463257,
                3.4850001335144043
            ],
            "y": [
                -0.12802676830990015,
                -1.526238806258226,
                0.6948829228858449,
                0.8774973232358376,
                -1.1910768749322982,
                1.6053228808311808,
                0.5175295180918561,
                -0.4162719213283044,
                0.3565964696541159,
                1.236109368608787,
                1.1523211230756363,
                -0.5051869772537676,
                -0.5833619519023855,
                -1.6939048980993414
            ]
        }
    },
    "ME": {
        "obs": {
            "x": [
                9.692604064941406,
                11.055755615234375,
                12.087057113647461,
                13.681354522705078,
                15.893847465515137,
                18.302501678466797,
                20.261932373046875,
                21.640117645263672,
                23.030315399169922,
                24.447616577148438,
                25.907245635986328,
                27.53824234008789,
                29.36956024169922,
                31.320110321044922,
                33.3100471496582,
                35.835994720458984,
                38.21410369873047,
                39.896507263183594,
                42.578643798828125,
                45.39963912963867,
                48.401702880859375,
                52.688690185546875,
                58.56452178955078,
                63.461402893066406,
                66.0560302734375,
                73.16748046875,
                82.05587768554688,
                88.42527770996094,
                96.86344909667969,
                105.62454223632812,
                113.07662200927734,
                123.07978820800781,
                140.56405639648438,
                159.4930877685547,
                524.2996215820312
            ],
            "y": [
                0.7654122487867543,
                1.4561015379090456,
                0.7400830835703616,
                0.8150597561060273,
                1.8218510683922453,
                1.2960633406559978,
                0.8232564261623523,
                0.5816967636876491,
                0.8143727639040677,
                1.5355074993399427,
                1.3541370012166034,
                0.7916398220276442,
                0.5489961919034236,
                0.5729031270693703,
                0.6627313822461041,
                0.541973707208184,
                1.0660979409860722,
                0.6041904810429051,
                0.44927239192299595,
                0.5215219996972476,
                0.29911240494619307,
                0.1716591415764004,
                0.19436246409563918,
                0.31060992959373923,
                0.28420313685609155,
                0.06323573440778185,
                0.14634700213847207,
                0.15325710228208722,
                0.1173977959120227,
                0.1350157286521887,
                0.147563703086816,
                0.08112857500316961,
                0.046196951738580516,
                0.06896213093380432,
                0.001004004882472015
            ],