{
    "LE": {
        "obs": {
            "x": [
                0.7200000286102295,
                1.0399999618530273,
                1.1749999523162842,
                1.2400000095367432,
                1.3550000190734863,
                1.465000033378601,
                1.5399999618530273,
                1.6949999332427979,
                1.8700000047683716,
                1.9850000143051147,
                2.115000009536743,
                2.375,
                2.759999990463257,
                3.4850001335144043
            ],
            "y": [
                0.042557749944509594,
                0.1883172075725035,
                0.5998889878794769,
                0.7295800209093293,
                0.31964033267496617,
                1.270628216160348,
                0.6340234693628789,
                0.4115966729516674,
                0.5297012658401199,
                0.9454887511344873,
                0.8166986486219697,
                0.2965520159131201,
                0.23849222221266556,
                0.12439298302803506
            ],
            "x_le": [
                0.2199999988079071,
                0.09999999403953552,
                0.0350000262260437,
                0.029999971389770508,
                0.08500003814697266,
                0.02499997615814209,
                0.050000011920928955,
                0.10499995946884155,
                0.0700000524520874,
                0.04499995708465576,
                0.08500003814697266,
                0.17499995231628418,
                0.21000003814697266,
                0.5149999856948853
            ],
            "x_he": [
                0.2199999988079071,
                0.09999999403953552,
                0.0350000262260437,
                0.029999971389770508,
                0.08500003814697266,
                0.02499997615814209,
                0.050000011920928955,
                0.10499995946884155,
                0.0700000524520874,
                0.04499995708465576,
                0.08500003814697266,
                0.17499995231628418,
                0.21000003814697266,
                0.5149999856948853
            ],
            "y_e": [
                0.02063718107492374,
                0.08688935082773465,
                0.25599456527492115,
                0.31133847104970547,
                0.12710456567583078,
                0.4862793401093993,
                0.27056099660601923,
                0.17564334983597843,
                0.22604289795958107,
                0.41599721232687276,
                0.35384411169338265,
                0.13253034130723046,
                0.10493207823262397,
                0.054394882438756856
            ]
        },
        "mo": {
            "x": [
                0.7200000286102295,
                1.0399999618530273,
                1.1749999523162842,
                1.2400000095367432,
                1.3550000190734863,
                1.465000033378601,
                1.5399999618530273,
                1.6949999332427979,
                1.8700000047683716,
                1.9850000143051147,
                2.115000009536743,
                2.375,
                2.759999990463257,
                3.4850001335144043
            ],
            "y": [
                0.043827035707555126,
                0.31507993367409526,
                0.4164526410353461,
                0.45124370902450717,
                0.46688349983111216,
                0.4866949756227326,
                0.49120872764914286,
                0.48298169208116704,
                0.4482049464477557,
                0.4306863660473606,
                0.40880543040550366,
                0.36386000708977395,
                0.3003935526579413,
                0.21737988448296777
            ]
        },
        "res": {
            "x": [
                0.7200000286102295,
                1.0399999618530273,
                1.1749999523162842,
                1.2400000095367432,
                1.3550000190734863,
                1.465000033378601,
                1.5399999618530273,
                1.6949999332427979,
                1.8700000047683716,
                1.9850000143051147,
                2.115000009536743,
                2.375,
                2.759999990463257,
                3.4850001335144043
            ],
            "y": [
                -0.06150480331772833,
                -1.4588982987444505,
                0.7165634420681251,
                0.8939990966949455,
                -1.1584412123454089,
                1.6121047634087275,
                0.5278467462244659,
                -0.40642027834336664,
                0.3605347486163297,
                1.237514026133947,
                1.1527483565133299,
                -0.5078685417448761,
                -0.5899180830865342,
                -1.7094788569425918
            ]
        }
    },
    "ME": {
        "obs": {
            "x": [
                9.692604064941406,
                11.055755615234375,
                12.087057113647461,
                13.681354522705078,
                15.893847465515137,
                18.302501678466797,
                20.261932373046875,
                21.640117645263672,
                23.030315399169922,
                24.447616577148438,
                25.907245635986328,
                27.53824234008789,
                29.36956024169922,
                31.320110321044922,
                33.3100471496582,
                35.835994720458984,
                38.21410369873047,
                39.896507263183594,
                42.578643798828125,
                45.39963912963867,
                48.401702880859375,
                52.688690185546875,
                58.56452178955078,
                63.461402893066406,
                66.0560302734375,
                73.16748046875,
                82.05587768554688,
                88.42527770996094,
                96.86344909667969,
                105.62454223632812,
                113.07662200927734,
                123.07978820800781,
                140.56405639648438,
                159.4930877685547,
                524.2996215820312
            ],
            "y": [
                0.03543763890181329,
                0.04161524338773816,
                0.01610488292762063,
                0.01333480044996602,
                0.023438967499453026,
                0.01402869211611549,
                0.008217516397580832,
                0.00557814922602329,
                0.0075218983719532425,
                0.013825797564566152,
                0.011990394702365601,
                0.006917443532630492,
                0.004794584895135983,
                0.005073705854428528,
                0.006103054374890083,
                0.005226001089519702,
                0.010309150268476636,
                0.0057683864778760455,
                0.004190673530750071,
                0.0047203623216559585,
                0.002634652310853523,
                0.0014598985750057295,
                0.001563872371699569,
                0.002416314326981797,
                0.002172315047874276,
                0.00046388636864658065,
                0.001045563572859211,
                0.0010778117319616084,
                0.0008170425538777404,
                0.0009392504822601391,
                0.001016609047801864,
                0.000561340614773382,
                0.00033187083919230284,
                0.0005375516309514526,
                6.917734194618271e-06
            ],