{
    "LE": {
        "obs": {
            "x": [
                0.7200000286102295,
                1.0399999618530273,
                1.1749999523162842,
                1.2400000095367432,
                1.3550000190734863,
                1.465000033378601,
                1.5399999618530273,
                1.6949999332427979,
                1.8700000047683716,
                1.9850000143051147,
                2.115000009536743,
                2.375,
                2.759999990463257,
                3.4850001335144043
            ],
            "y": [
                0.04422325102097924,
                0.1885184000068675,
                0.5999316480394362,
                0.7294225240520625,
                0.31968911769669134,
                1.2704747892961596,
                0.6338114837125585,
                0.411505669076889,
                0.5298235128242944,
                0.9453237994596412,
                0.8166209941294351,
                0.29651359469130284,
                0.23848062477371024,
                0.12439854914093294
            ],
            "x_le": [
                0.2199999988079071,
                0.09999999403953552,
                0.0350000262260437,
                0.029999971389770508,
                0.08500003814697266,
                0.02499997615814209,
                0.050000011920928955,
                0.10499995946884155,
                0.0700000524520874,
                0.04499995708465576,
                0.08500003814697266,
                0.17499995231628418,
                0.21000003814697266,
                0.5149999856948853
            ],
            "x_he": [
                0.2199999988079071,
                0.09999999403953552,
                0.0350000262260437,
                0.029999971389770508,
                0.08500003814697266,
                0.02499997615814209,
                0.050000011920928955,
                0.10499995946884155,
                0.0700000524520874,
                0.04499995708465576,
                0.08500003814697266,
                0.17499995231628418,
                0.21000003814697266,
                0.5149999856948853
            ],
            "y_e": [
                0.021444818869224436,
                0.08698218079393204,
                0.25601276992498806,
                0.31127126138204564,
                0.12712396497674494,
                0.4862206224504307,
                0.2704705345780528,
                0.17560451515517428,
                0.22609506521752745,
                0.41592463670202023,
                0.35381046698859925,
                0.1325131707018471,
                0.10492697557828803,
                0.05439731640287083
            ]
        },
        "mo": {
            "x": [
                0.7200000286102295,
                1.0399999618530273,
                1.1749999523162842,
                1.2400000095367432,
                1.3550000190734863,
                1.465000033378601,
                1.5399999618530273,
                1.6949999332427979,
                1.8700000047683716,
                1.9850000143051147,
                2.115000009536743,
                2.375,
                2.759999990463257,
                3.4850001335144043
            ],
            "y": [
                0.04714745781279103,
                0.31788395138840153,
                0.4153818336100604,
                0.4483222738841426,
                0.4620628389123506,
                0.4798794397984318,
                0.4833975378484996,
                0.47397486553593343,
                0.43924935370749435,
                0.4216707233208648,
                0.39993633920708926,
                0.3556557084540157,
                0.2935997150937279,
                0.2125788663696353
            ]
        },
        "res": {
            "x": [
                0.7200000286102295,
                1.0399999618530273,
                1.1749999523162842,
                1.2400000095367432,
                1.3550000190734863,
                1.465000033378601,
                1.5399999618530273,
                1.6949999332427979,
                1.8700000047683716,
                1.9850000143051147,
                2.115000009536743,
                2.375,
                2.759999990463257,
                3.4850001335144043
            ],
            "y": [
                -0.1363595938787967,
                -1.4872649800309292,
                0.7208617542142488,
                0.9030716453547097,
                -1.119959727827118,
                1.6260012697802178,
                0.556119527395884,
                -0.35573798546035684,
                0.4006021052677913,
                1.2590095174235516,
                1.1777058447956332,
                -0.44631121155331677,
                -0.5253090543803223,
                -1.621041681093824
            ]
        }
    },
    "ME": {
        "obs": {
            "x": [
                9.692604064941406,
                11.055755615234375,
                12.087057113647461,
                13.681354522705078,
                15.893847465515137,
                18.302501678466797,
                20.261932373046875,
                21.640117645263672,
                23.030315399169922,
                24.447616577148438,
                25.907245635986328,
                27.53824234008789,
                29.36956024169922,
                31.320110321044922,
                33.3100471496582,
                35.835994720458984,
                38.21410369873047,
                39.896507263183594,
                42.578643798828125,
                45.39963912963867,
                48.401702880859375,
                52.688690185546875,
                58.56452178955078,
                63.461402893066406,
                66.0560302734375,
                73.16748046875,
                82.05587768554688,
                88.42527770996094,
                96.86344909667969,
                105.62454223632812,
                113.07662200927734,
                123.07978820800781,
                140.56405639648438,
                159.4930877685547,
                524.2996215820312
            ],
            "y": [
                0.03538624029623702,
                0.041581166429324815,
                0.01609607963952323,
                0.01332961100716368,
                0.023434287910111873,
                0.01402718003381746,
                0.008217051276918384,
                0.005577992927482718,
                0.007521832146114912,
                0.01382609352469298,
                0.011991089741936889,
                0.006918107594493777,
                0.004795279852056401,
                0.005074744778449542,
                0.006104616298823264,
                0.005227611534808019,
                0.010312703410512408,
                0.005770564408599801,
                0.004192523353995985,
                0.00472277071771273,
                0.0026362353928663616,
                0.0014609803099310912,
                0.001565377062978372,
                0.002419152205167665,
                0.0021751309692619614,
                0.0004646513008749672,
                0.0010477219656056338,
                0.0010803482455443165,
                0.0008192878315697263,
                0.0009422766798174472,
                0.001020254243477257,
                0.0005636392924081663,
                0.0003335047278256675,
                0.0005407083942350247,
                6.696913072231037e-06
            ],