{
    "LE": {
        "obs": {
            "x": [
                0.7200000286102295,
                1.0399999618530273,
                1.1749999523162842,
                1.2400000095367432,
                1.3550000190734863,
                1.465000033378601,
                1.5399999618530273,
                1.6949999332427979,
                1.8700000047683716,
                1.9850000143051147,
                2.115000009536743,
                2.375,
                2.759999990463257,
                3.4850001335144043
            ],
            "y": [
                0.04471440567554596,
                0.18856348074084683,
                0.599925077722,
                0.7293577329553093,
                0.3197000441632047,
                1.2704076035943324,
                0.633746514699386,
                0.4114669351569685,
                0.529847546570306,
                0.9452902611662427,
                0.8165862495884952,
                0.2964976586546674,
                0.23847732030751653,
                0.12440922012391237
            ],
            "x_le": [
                0.2199999988079071,
                0.09999999403953552,
                0.0350000262260437,
                0.029999971389770508,
                0.08500003814697266,
                0.02499997615814209,
                0.050000011920928955,
                0.10499995946884155,
                0.0700000524520874,
                0.04499995708465576,
                0.08500003814697266,
                0.17499995231628418,
                0.21000003814697266,
                0.5149999856948853
            ],
            "x_he": [
                0.2199999988079071,
                0.09999999403953552,
                0.0350000262260437,
                0.029999971389770508,
                0.08500003814697266,
                0.02499997615814209,
                0.050000011920928955,
                0.10499995946884155,
                0.0700000524520874,
                0.04499995708465576,
                0.08500003814697266,
                0.17499995231628418,
                0.21000003814697266,
                0.5149999856948853
            ],
            "y_e": [
                0.021682990472641002,
                0.08700298099461891,
                0.25600996613030313,
                0.31124361265206035,
                0.12712830987204937,
                0.48619490995771736,
                0.27044280992462616,
                0.1755879859752897,
                0.2261053212957127,
                0.415909880485679,
                0.3537954135153924,
                0.13250604882014996,
                0.10492552167550691,
                0.05440198263765789
            ]
        },
        "mo": {
            "x": [
                0.7200000286102295,
                1.0399999618530273,
                1.1749999523162842,
                1.2400000095367432,
                1.3550000190734863,
                1.465000033378601,
                1.5399999618530273,
                1.6949999332427979,
                1.8700000047683716,
                1.9850000143051147,
                2.115000009536743,
                2.375,
                2.759999990463257,
                3.4850001335144043
            ],
            "y": [
                0.04801205038894831,
                0.3177618345192654,
                0.41392524503031114,
                0.44628800860169066,
                0.45954615434326995,
                0.47683713150495793,
                0.48012389244498094,
                0.4705027279029049,
                0.43598409987531905,
                0.4184893759885412,
                0.3969027940221148,
                0.3529913939866729,
                0.29153048393743214,
                0.2112685261299283
            ]
        },
        "res": {
            "x": [
                0.7200000286102295,
                1.0399999618530273,
                1.1749999523162842,
                1.2400000095367432,
                1.3550000190734863,
                1.465000033378601,
                1.5399999618530273,
                1.6949999332427979,
                1.8700000047683716,
                1.9850000143051147,
                2.115000009536743,
                2.375,
                2.759999990463257,
                3.4850001335144043
            ],
            "y": [
                -0.1520844054035454,
                -1.4849876671054456,
                0.7265335623575659,
                0.909479625755606,
                -1.1000390890181417,
                1.632206458431226,
                0.5680410667868021,
                -0.33621772251687226,
                0.4151315243581875,
                1.2666226745143192,
                1.1862320412701486,
                -0.42634835039632246,
                -0.5056268749750705,
                -1.5966202295335208
            ]
        }
    },
    "ME": {
        "obs": {
            "x": [
                9.692604064941406,
                11.055755615234375,
                12.087057113647461,
                13.681354522705078,
                15.893847465515137,
                18.302501678466797,
                20.261932373046875,
                21.640117645263672,
                23.030315399169922,
                24.447616577148438,
                25.907245635986328,
                27.53824234008789,
                29.36956024169922,
                31.320110321044922,
                33.3100471496582,
                35.835994720458984,
                38.21410369873047,
                39.896507263183594,
                42.578643798828125,
                45.39963912963867,
                48.401702880859375,
                52.688690185546875,
                58.56452178955078,
                63.461402893066406,
                66.0560302734375,
                73.16748046875,
                82.05587768554688,
                88.42527770996094,
                96.86344909667969,
                105.62454223632812,
                113.07662200927734,
                123.07978820800781,
                140.56405639648438,
                159.4930877685547,
                524.2996215820312
            ],
            "y": [
                0.035348342638247786,
                0.04155535372954948,
                0.016089182401076544,
                0.013325315514629982,
                0.023429751884086865,
                0.0140252887431579,
                0.008216206486728043,
                0.0055774987605214195,
                0.007521217773255119,
                0.013825176209935739,
                0.011990524885941736,
                0.006917899102628285,
                0.004795234384505005,
                0.005074833043407014,
                0.0061048256078607465,
                0.005227865341967059,
                0.010313295998330347,
                0.005770969518420539,
                0.004192935655960277,
                0.004723366172511803,
                0.002636669563949745,
                0.0014613064492950494,
                0.0015658717854980268,
                0.0024201201299335778,
                0.0021761121834485307,
                0.0004649333376072819,
                0.001048543083089491,
                0.0010813335050744565,
                0.0008201803561931549,
                0.0009435002627625225,
                0.0010217471003624045,
                0.0005645946155086086,
                0.0003341971355421596,
                0.0005420623117525085,
                6.5983435387383774e-06
            ],