{
    "LE": {
        "obs": {
            "x": [
                0.7200000286102295,
                1.0399999618530273,
                1.1749999523162842,
                1.2400000095367432,
                1.3550000190734863,
                1.465000033378601,
                1.5399999618530273,
                1.6949999332427979,
                1.8700000047683716,
                1.9850000143051147,
                2.115000009536743,
                2.375,
                2.759999990463257,
                3.4850001335144043
            ],
            "y": [
                0.04168783570868545,
                0.18822611650868748,
                0.5998954444136745,
                0.7296955228132384,
                0.31961916034450505,
                1.270750868177264,
                0.6341418677079742,
                0.41166789740535237,
                0.5296577537239635,
                0.9455489422817969,
                0.8167624407016395,
                0.29658135982407097,
                0.23849821848619135,
                0.1243729140502096
            ],
            "x_le": [
                0.2199999988079071,
                0.09999999403953552,
                0.0350000262260437,
                0.029999971389770508,
                0.08500003814697266,
                0.02499997615814209,
                0.050000011920928955,
                0.10499995946884155,
                0.0700000524520874,
                0.04499995708465576,
                0.08500003814697266,
                0.17499995231628418,
                0.21000003814697266,
                0.5149999856948853
            ],
            "x_he": [
                0.2199999988079071,
                0.09999999403953552,
                0.0350000262260437,
                0.029999971389770508,
                0.08500003814697266,
                0.02499997615814209,
                0.050000011920928955,
                0.10499995946884155,
                0.0700000524520874,
                0.04499995708465576,
                0.08500003814697266,
                0.17499995231628418,
                0.21000003814697266,
                0.5149999856948853
            ],
            "y_e": [
                0.020215340690322464,
                0.08684732151186272,
                0.2559973205141379,
                0.3113877599352777,
                0.12709614652595352,
                0.48632627999400946,
                0.2706115215089502,
                0.1756737439145937,
                0.2260243297486542,
                0.4160236952960858,
                0.353871750347863,
                0.13254345522426667,
                0.10493471647984592,
                0.054386106624696375
            ]
        },
        "mo": {
            "x": [
                0.7200000286102295,
                1.0399999618530273,
                1.1749999523162842,
                1.2400000095367432,
                1.3550000190734863,
                1.465000033378601,
                1.5399999618530273,
                1.6949999332427979,
                1.8700000047683716,
                1.9850000143051147,
                2.115000009536743,
                2.375,
                2.759999990463257,
                3.4850001335144043
            ],
            "y": [
                0.04192696535277115,
                0.3118477921069094,
                0.4145447956212824,
                0.4500259048204012,
                0.4663962770468165,
                0.4869818646302126,
                0.4918859631135426,
                0.48413324132996516,
                0.44935449998900157,
                0.4318745738152282,
                0.4099590743506388,
                0.36481618944941385,
                0.3009290611399389,
                0.21740596323566191
            ]
        },
        "res": {
            "x": [
                0.7200000286102295,
                1.0399999618530273,
                1.1749999523162842,
                1.2400000095367432,
                1.3550000190734863,
                1.465000033378601,
                1.5399999618530273,
                1.6949999332427979,
                1.8700000047683716,
                1.9850000143051147,
                2.115000009536743,
                2.375,
                2.759999990463257,
                3.4850001335144043
            ],
            "y": [
                -0.011829117685865994,
                -1.4234368250647325,
                0.724033550117396,
                0.8981394067993127,
                -1.1548510376932555,
                1.6116114546734053,
                0.5256831039609914,
                -0.4124995705666912,
                0.35528588371111025,
                1.234723825288328,
                1.1495785293714598,
                -0.5148110067742537,
                -0.5949493623088811,
                -1.7106032212867879
            ]
        }
    },
    "ME": {
        "obs": {
            "x": [
                9.692604064941406,
                11.055755615234375,
                12.087057113647461,
                13.681354522705078,
                15.893847465515137,
                18.302501678466797,
                20.261932373046875,
                21.640117645263672,
                23.030315399169922,
                24.447616577148438,
                25.907245635986328,
                27.53824234008789,
                29.36956024169922,
                31.320110321044922,
                33.3100471496582,
                35.835994720458984,
                38.21410369873047,
                39.896507263183594,
                42.578643798828125,
                45.39963912963867,
                48.401702880859375,
                52.688690185546875,
                58.56452178955078,
                63.461402893066406,
                66.0560302734375,
                73.16748046875,
                82.05587768554688,
                88.42527770996094,
                96.86344909667969,
                105.62454223632812,
                113.07662200927734,
                123.07978820800781,
                140.56405639648438,
                159.4930877685547,
                524.2996215820312
            ],
            "y": [
                0.0354883860605471,
                0.041647224435786265,
                0.01611270318352639,
                0.013338870608007479,
                0.023440804037937513,
                0.01402581022570488,
                0.008221480747795084,
                0.0055792406381816664,
                0.007521991731799885,
                0.01382455789059663,
                0.011988547128304763,
                0.006915994163473388,
                0.00479325162795918,
                0.005071876891204009,
                0.006100386171621057,
                0.005223287927221752,
                0.01030319034501833,
                0.005764775878790984,
                0.004187679224794018,
                0.004716525070979714,
                0.002632176266394649,
                0.001458237615515492,
                0.0015616053308936614,
                0.0024120768031029713,
                0.0021681330762981584,
                0.00046276654506604767,
                0.0010424302038601816,
                0.001074151659062714,
                0.0008138234914881689,
                0.0009349344824415452,
                0.0010114292595349932,
                0.0005580867621392154,
                0.00032956643234527633,
                0.000533101735045207,
                7.214117217440633e-06
            ],