{
    "LE": {
        "obs": {
            "x": [
                0.7200000286102295,
                1.0399999618530273,
                1.1749999523162842,
                1.2400000095367432,
                1.3550000190734863,
                1.465000033378601,
                1.5399999618530273,
                1.6949999332427979,
                1.8700000047683716,
                1.9850000143051147,
                2.115000009536743,
                2.375,
                2.759999990463257,
                3.4850001335144043
            ],
            "y": [
                0.04356530357828901,
                0.18844115303764683,
                0.5999163132077253,
                0.7294853072029952,
                0.3196703760741618,
                1.2705358991329694,
                0.6338949754671855,
                0.41154149758842473,
                0.5297757451279618,
                0.94538877574437,
                0.8166516240710449,
                0.29652872305039407,
                0.23848525676560112,
                0.1243963946954223
            ],
            "x_le": [
                0.2199999988079071,
                0.09999999403953552,
                0.0350000262260437,
                0.029999971389770508,
                0.08500003814697266,
                0.02499997615814209,
                0.050000011920928955,
                0.10499995946884155,
                0.0700000524520874,
                0.04499995708465576,
                0.08500003814697266,
                0.17499995231628418,
                0.21000003814697266,
                0.5149999856948853
            ],
            "x_he": [
                0.2199999988079071,
                0.09999999403953552,
                0.0350000262260437,
                0.029999971389770508,
                0.08500003814697266,
                0.02499997615814209,
                0.050000011920928955,
                0.10499995946884155,
                0.0700000524520874,
                0.04499995708465576,
                0.08500003814697266,
                0.17499995231628418,
                0.21000003814697266,
                0.5149999856948853
            ],
            "y_e": [
                0.021125765805322196,
                0.08694653912796048,
                0.2560062259915992,
                0.3112980532481314,
                0.12711651239473898,
                0.48624400966215797,
                0.2705061635625177,
                0.17561980449106868,
                0.22607468099493974,
                0.41595322504141835,
                0.35382373776417647,
                0.13251993162905784,
                0.10492901356733002,
                0.05439637430141608
            ]
        },
        "mo": {
            "x": [
                0.7200000286102295,
                1.0399999618530273,
                1.1749999523162842,
                1.2400000095367432,
                1.3550000190734863,
                1.465000033378601,
                1.5399999618530273,
                1.6949999332427979,
                1.8700000047683716,
                1.9850000143051147,
                2.115000009536743,
                2.375,
                2.759999990463257,
                3.4850001335144043
            ],
            "y": [
                0.045752868955661725,
                0.3163440231112492,
                0.415227736626864,
                0.4488456517713009,
                0.46330757098519604,
                0.4818754743135289,
                0.4857752170419737,
                0.47682852275218385,
                0.4421296258089345,
                0.4245975598120055,
                0.40283526283749566,
                0.35835621141758695,
                0.2958371749856383,
                0.21415321817233185
            ]
        },
        "res": {
            "x": [
                0.7200000286102295,
                1.0399999618530273,
                1.1749999523162842,
                1.2400000095367432,
                1.3550000190734863,
                1.465000033378601,
                1.5399999618530273,
                1.6949999332427979,
                1.8700000047683716,
                1.9850000143051147,
                2.115000009536743,
                2.375,
                2.759999990463257,
                3.4850001335144043
            ],
            "y": [
                -0.10354963685253045,
                -1.471051882644413,
                0.7214222070791427,
                0.9015143284818432,
                -1.129964881863601,
                1.621943734314385,
                0.5475651884397057,
                -0.37175206607794253,
                0.3876865774323002,
                1.2520427408166073,
                1.1695551119562189,
                -0.46655237145953876,
                -0.5465782653454188,
                -1.650051582106511
            ]
        }
    },
    "ME": {
        "obs": {
            "x": [
                9.692604064941406,
                11.055755615234375,
                12.087057113647461,
                13.681354522705078,
                15.893847465515137,
                18.302501678466797,
                20.261932373046875,
                21.640117645263672,
                23.030315399169922,
                24.447616577148438,
                25.907245635986328,
                27.53824234008789,
                29.36956024169922,
                31.320110321044922,
                33.3100471496582,
                35.835994720458984,
                38.21410369873047,
                39.896507263183594,
                42.578643798828125,
                45.39963912963867,
                48.401702880859375,
                52.688690185546875,
                58.56452178955078,
                63.461402893066406,
                66.0560302734375,
                73.16748046875,
                82.05587768554688,
                88.42527770996094,
                96.86344909667969,
                105.62454223632812,
                113.07662200927734,
                123.07978820800781,
                140.56405639648438,
                159.4930877685547,
                524.2996215820312
            ],
            "y": [
                0.035406565462242176,
                0.04159467103832482,
                0.016099577532662192,
                0.013331678239326643,
                0.023436178341734046,
                0.01402780521575412,
                0.008217252270114276,
                0.005578067441816192,
                0.007521877851133559,
                0.013826013985630265,
                0.011990849560991404,
                0.00691786786868234,
                0.0047950234065002794,
                0.0050743565810034315,
                0.006104029858307654,
                0.005227006016054127,
                0.010311368185821611,
                0.005769744311986565,
                0.004191824629378078,
                0.004721859235576456,
                0.0026356351227000267,
                0.001460569035489117,
                0.0015648038994510581,
                0.002418069965755284,
                0.002174056252483395,
                0.00046435894625371525,
                0.0010468962387522067,
                0.0010793772496796772,
                0.0008184278455924338,
                0.0009411170284833558,
                0.001018856946470082,
                0.0005627578943293123,
                0.00033287838008170563,
                0.0005394990384268328,
                6.782442004894201e-06
            ],