{
    "LE": {
        "obs": {
            "x": [
                0.7200000286102295,
                1.0399999618530273,
                1.1749999523162842,
                1.2400000095367432,
                1.3550000190734863,
                1.465000033378601,
                1.5399999618530273,
                1.6949999332427979,
                1.8700000047683716,
                1.9850000143051147,
                2.115000009536743,
                2.375,
                2.759999990463257,
                3.4850001335144043
            ],
            "y": [
                0.043304881947264444,
                0.18844054118692613,
                0.5999577483922669,
                0.7295596697819872,
                0.319670688154449,
                1.270621149221506,
                0.6339365979539185,
                0.41158914821192405,
                0.5297881872237323,
                0.9453739524472626,
                0.816696557253057,
                0.2965477442343442,
                0.23848676747757733,
                0.12437043705137218
            ],
            "x_le": [
                0.2199999988079071,
                0.09999999403953552,
                0.0350000262260437,
                0.029999971389770508,
                0.08500003814697266,
                0.02499997615814209,
                0.050000011920928955,
                0.10499995946884155,
                0.0700000524520874,
                0.04499995708465576,
                0.08500003814697266,
                0.17499995231628418,
                0.21000003814697266,
                0.5149999856948853
            ],
            "x_he": [
                0.2199999988079071,
                0.09999999403953552,
                0.0350000262260437,
                0.029999971389770508,
                0.08500003814697266,
                0.02499997615814209,
                0.050000011920928955,
                0.10499995946884155,
                0.0700000524520874,
                0.04499995708465576,
                0.08500003814697266,
                0.17499995231628418,
                0.21000003814697266,
                0.5149999856948853
            ],
            "y_e": [
                0.020999481676995665,
                0.08694625682071618,
                0.2560239078998658,
                0.3113297864795565,
                0.12711663649306232,
                0.48627663553672185,
                0.2705239253994778,
                0.1756401387543978,
                0.22607999049213381,
                0.4159467030703566,
                0.3538432055836733,
                0.13252843227604624,
                0.10492967825209754,
                0.05438502347629618
            ]
        },
        "mo": {
            "x": [
                0.7200000286102295,
                1.0399999618530273,
                1.1749999523162842,
                1.2400000095367432,
                1.3550000190734863,
                1.465000033378601,
                1.5399999618530273,
                1.6949999332427979,
                1.8700000047683716,
                1.9850000143051147,
                2.115000009536743,
                2.375,
                2.759999990463257,
                3.4850001335144043
            ],
            "y": [
                0.045993377722553165,
                0.32114129240559713,
                0.42205110694215187,
                0.4563686155025914,
                0.4710763743005106,
                0.4899901397808017,
                0.49393248120960953,
                0.4847032062335872,
                0.4491688607548014,
                0.4312183359400576,
                0.4089555572021953,
                0.36349938233606066,
                0.2996987493952103,
                0.21649349470111795
            ]
        },
        "res": {
            "x": [
                0.7200000286102295,
                1.0399999618530273,
                1.1749999523162842,
                1.2400000095367432,
                1.3550000190734863,
                1.465000033378601,
                1.5399999618530273,
                1.6949999332427979,
                1.8700000047683716,
                1.9850000143051147,
                2.115000009536743,
                2.375,
                2.759999990463257,
                3.4850001335144043
            ],
            "y": [
                -0.12802676830990015,
                -1.526238806258226,
                0.6948829228858449,
                0.8774973232358376,
                -1.1910768749322982,
                1.6053228808311808,
                0.5175295180918561,
                -0.4162719213283044,
                0.3565964696541159,
                1.236109368608787,
                1.1523211230756363,
                -0.5051869772537676,
                -0.5833619519023855,
                -1.6939048980993414
            ]
        }
    },
    "ME": {
        "obs": {
            "x": [
                9.692604064941406,
                11.055755615234375,
                12.087057113647461,
                13.681354522705078,
                15.893847465515137,
                18.302501678466797,
                20.261932373046875,
                21.640117645263672,
                23.030315399169922,
                24.447616577148438,
                25.907245635986328,
                27.53824234008789,
                29.36956024169922,
                31.320110321044922,
                33.3100471496582,
                35.835994720458984,
                38.21410369873047,
                39.896507263183594,
                42.578643798828125,
                45.39963912963867,
                48.401702880859375,
                52.688690185546875,
                58.56452178955078,
                63.461402893066406,
                66.0560302734375,
                73.16748046875,
                82.05587768554688,
                88.42527770996094,
                96.86344909667969,
                105.62454223632812,
                113.07662200927734,
                123.07978820800781,
                140.56405639648438,
                159.4930877685547,
                524.2996215820312
            ],
            "y": [
                0.035454286862680776,
                0.041624644349637155,
                0.01610689238723267,
                0.013335470570099752,
                0.02343785218285179,
                0.014024987596299505,
                0.008221135249025423,
                0.005579158133727529,
                0.007522018403011091,
                0.013824928776543963,
                0.011989188614445945,
                0.006916556081042954,
                0.0047938124144038695,
                0.00507269206162762,
                0.006101600980308352,
                0.005224537027654722,
                0.010305945948100921,
                0.005766459940077709,
                0.004189100451612969,
                0.004718368023495913,
                0.0026333811791501276,
                0.0014590568692072836,
                0.0015627389255757698,
                0.002414209131888144,
                0.0021702458290996825,
                0.0004633385209709377,
                0.0010440407860935461,
                0.0010760411604767296,
                0.0008154938454846398,
                0.0009371826721123613,
                0.001014135537313344,
                0.0005597931676611286,
                0.00033078228330812436,
                0.0005354608184874074,
                7.058453529811163e-06
            ],