{
    "modes": [
        {
            "index": 0,
            "strictly local log-evidence": -227.79291052152632,
            "strictly local log-evidence error": 0.024813036746695584,
            "local log-evidence": -227.79291052152632,
            "local log-evidence error": 0.024813036746695584,
            "mean": [
                -1.2662712317400815,
                -0.8616683604460051,
                -1.384687042194251,
                2.4406430200317395,
                -0.5818523958650372
            ],
            "sigma": [
                0.03637265850413769,
                0.07005779873562704,
                0.02765633807666815,
                0.01721391071882821,
                0.039927122725095895
            ],
            "maximum": [
                -1.2686875877356911,
                -0.8798128627585431,
                -1.3940009106330786,
                2.436072061988167,
                -0.5667697205011288
            ],
            "maximum a posterior": [
                -1.2686875877356911,
                -0.8798128627585431,
                -1.3940009106330786,
                2.436072061988167,
                -0.5667697205011288
            ]
        }
    ],
    "nested sampling global log-evidence": -227.20007855540442,
    "nested sampling global log-evidence error": 0.2827160195048662,
    "global evidence": -227.79291052152632,
    "global evidence error": 0.024813036746695584,
    "nested importance sampling global log-evidence": -227.79291052152632,
    "nested importance sampling global log-evidence error": 0.024813036746695584,
    "marginals": [
        {
            "median": -1.2653648469713348,
            "sigma": 0.03640309804325781,
            "1sigma": [
                -1.3019362650197914,
                -1.2291300689332758
            ],
            "2sigma": [
                -1.3420781858975241,
                -1.1995560414250983
            ],
            "3sigma": [
                -1.4095278282924426,
                -1.1718710074521521
            ],
            "5sigma": [
                -1.5814503237393145,
                -1.1269477598573292
            ],
            "q75%": -1.2404136046152603,
            "q25%": -1.2886396819839183,
            "q99%": -1.1918443994673842,
            "q01%": -1.3599273384122952,
            "q90%": -1.221530438949076,
            "q10%": -1.3127724101697587
        },
        {
            "median": -0.8589976781377622,
            "sigma": 0.06757903107141011,
            "1sigma": [
                -0.9279394979133928,
                -0.7927814357705726
            ],
            "2sigma": [
                -1.0102705036910689,
                -0.7336281271468421
            ],
            "3sigma": [
                -1.137667122958829,
                -0.6922403086480426
            ],
            "5sigma": [
                -1.4612283261166203,
                -0.6521131229920633
            ],
            "q75%": -0.8112720503077109,
            "q25%": -0.9067841888808389,
            "q99%": -0.7160615654860412,
            "q01%": -1.0453277547916249,
            "q90%": -0.7755406904911292,
            "q10%": -0.9491175059735251
        },
        {
            "median": -1.3868637362901697,
            "sigma": 0.028322287143782154,
            "1sigma": [
                -1.4124112611839523,
                -1.355766686896388
            ],
            "2sigma": [
                -1.4310341512078415,
                -1.3266253445914984
            ],
            "3sigma": [
                -1.4578018006136524,
                -1.3036808439868823
            ],
            "5sigma": [
                -1.5024406999957778,
                -1.2667983311573894
            ],
            "q75%": -1.3665389630837825,
            "q25%": -1.404681177936419,
            "q99%": -1.3171165554916846,
            "q01%": -1.4422460840152742,
            "q90%": -1.3456127923723544,
            "q10%": -1.4187701809161737
        },
        {
            "median": 2.441049822668869,
            "sigma": 0.01707017311201331,
            "1sigma": [
                2.4232373212505736,
                2.4573776674746
            ],
            "2sigma": [
                2.405852234444753,
                2.4740627847770753
            ],
            "3sigma": [
                2.3883353026860927,
                2.4954600682964654
            ],
            "5sigma": [
                2.35212393885012,
                2.5110178468162596
            ],
            "q75%": 2.4522016023635835,
            "q25%": 2.4292930808236957,
            "q99%": 2.4819553736819486,
            "q01%": 2.402504892864721,
            "q90%": 2.4625956974713374,
            "q10%": 2.4182086843689024
        },
        {
            "median": -0.5789725932734059,
            "sigma": 0.04119515168122795,
            "1sigma": [
                -0.6245468361671427,
                -0.5421565328046868
            ],
            "2sigma": [
                -0.6660079705921707,
                -0.510868492389153
            ],
            "3sigma": [
                -0.7010052404956014,
                -0.47287579834221
            ],
            "5sigma": [
                -0.7299983687820992,
                -0.3956818455148138
            ],
            "q75%": -0.553980782257671,
            "q25%": -0.6076538831883346,
            "q99%": -0.4979257086322449,
            "q01%": -0.6814137283322347,
            "q90%": -0.5337951588390223,
            "q10%": -0.6363005206778828
        }
    ]
}