{
    "modes": [
        {
            "index": 0,
            "strictly local log-evidence": -287.81709913033075,
            "strictly local log-evidence error": 0.027527316328291657,
            "local log-evidence": -287.81709913033075,
            "local log-evidence error": 0.027527316328291657,
            "mean": [
                -1.5841766022225157,
                1.6786099868386053,
                -1.5548287412578063,
                2.3706047590167887,
                -0.3523788894570894
            ],
            "sigma": [
                0.13633251051099876,
                0.032720200722232584,
                0.02742283313666311,
                0.018775525915328425,
                0.03647267734345551
            ],
            "maximum": [
                -1.544484453898411,
                1.6851659196199709,
                -1.5516576543810374,
                2.373814148454602,
                -0.35806174535886903
            ],
            "maximum a posterior": [
                -1.544484453898411,
                1.6851659196199709,
                -1.5516576543810374,
                2.373814148454602,
                -0.35806174535886903
            ]
        }
    ],
    "nested sampling global log-evidence": -287.1412522184215,
    "nested sampling global log-evidence error": 0.2846595060327744,
    "global evidence": -287.81709913033075,
    "global evidence error": 0.027527316328291657,
    "nested importance sampling global log-evidence": -287.81709913033075,
    "nested importance sampling global log-evidence error": 0.027527316328291657,
    "marginals": [
        {
            "median": -1.556082491773773,
            "sigma": 0.1295571467299813,
            "1sigma": [
                -1.7149035148377736,
                -1.455789221377811
            ],
            "2sigma": [
                -1.930785198268704,
                -1.40289727143459
            ],
            "3sigma": [
                -2.219756350194353,
                -1.3581117160066818
            ],
            "5sigma": [
                -2.8415429825838983,
                -1.3491740779557984
            ],
            "q75%": -1.4881819690588804,
            "q25%": -1.6523839655284418,
            "q99%": -1.3846395282075008,
            "q01%": -2.0300605983889333,
            "q90%": -1.4367020850086913,
            "q10%": -1.762551691878334
        },
        {
            "median": 1.679257699796283,
            "sigma": 0.031641153601114635,
            "1sigma": [
                1.6462317083058529,
                1.7095140155080821
            ],
            "2sigma": [
                1.6111432364857015,
                1.7424755211235128
            ],
            "3sigma": [
                1.5796645903636246,
                1.7834485922939385
            ],
            "5sigma": [
                1.5147627262118608,
                1.8428370581322229
            ],
            "q75%": 1.700172092839042,
            "q25%": 1.6574491973174155,
            "q99%": 1.75820727978229,
            "q01%": 1.6011933908587153,
            "q90%": 1.71863512212639,
            "q10%": 1.6363347384178126
        },
        {
            "median": -1.5532721269481262,
            "sigma": 0.027771339495327285,
            "1sigma": [
                -1.5829841896618468,
                -1.5274415106711923
            ],
            "2sigma": [
                -1.6124454681009133,
                -1.504707073985471
            ],
            "3sigma": [
                -1.6350977515147413,
                -1.4905986759285308
            ],
            "5sigma": [
                -1.6594307492956486,
                -1.4869994521310277
            ],
            "q75%": -1.5355193927597397,
            "q25%": -1.5733916523654907,
            "q99%": -1.4978342135250482,
            "q01%": -1.6192633633118565,
            "q90%": -1.5201111824561895,
            "q10%": -1.59207393297386
        },
        {
            "median": 2.370563995693542,
            "sigma": 0.019759009723156362,
            "1sigma": [
                2.3514550657991995,
                2.390973085245512
            ],
            "2sigma": [
                2.3349857567418866,
                2.405514466107705
            ],
            "3sigma": [
                2.3184620829724945,
                2.42162248530058
            ],
            "5sigma": [
                2.2961571298853265,
                2.4311212633689316
            ],
            "q75%": 2.384336006905901,
            "q25%": 2.35755583633379,
            "q99%": 2.4108435493453064,
            "q01%": 2.327957869999189,
            "q90%": 2.395399686696686,
            "q10%": 2.345593016357865
        },
        {
            "median": -0.3536721533265595,
            "sigma": 0.03847140607174776,
            "1sigma": [
                -0.39058894155600643,
                -0.3136461294125109
            ],
            "2sigma": [
                -0.4204501531745574,
                -0.28149133980000085
            ],
            "3sigma": [
                -0.4370310164408026,
                -0.25656410967344645
            ],
            "5sigma": [
                -0.43843197867318473,
                -0.2347049497389887
            ],
            "q75%": -0.3257138104321509,
            "q25%": -0.3796373539402846,
            "q99%": -0.2706518945465311,
            "q01%": -0.42577985138540897,
            "q90%": -0.3026940976087521,
            "q10%": -0.3999220841701465
        }
    ]
}