{
    "modes": [
        {
            "index": 0,
            "strictly local log-evidence": -287.8691617210151,
            "strictly local log-evidence error": 0.1503026980162124,
            "local log-evidence": -287.8691617210151,
            "local log-evidence error": 0.1503026980162124,
            "mean": [
                -1.6302179613718095,
                1.6807660113860834,
                -1.564236491479913,
                2.364325581336991,
                -0.33872592553972475
            ],
            "sigma": [
                0.14329815878106666,
                0.0340581753230174,
                0.024656574217388594,
                0.017556054664800636,
                0.03196992365105475
            ],
            "maximum": [
                -1.517222526815594,
                1.6707275854355466,
                -1.5494047068009036,
                2.37618664688088,
                -0.36226250588984144
            ],
            "maximum a posterior": [
                -1.517222526815594,
                1.6707275854355466,
                -1.5494047068009036,
                2.37618664688088,
                -0.36226250588984144
            ]
        }
    ],
    "nested sampling global log-evidence": -287.66167391030774,
    "nested sampling global log-evidence error": 0.286499273919536,
    "global evidence": -287.8691617210151,
    "global evidence error": 0.1503026980162124,
    "nested importance sampling global log-evidence": -287.8691617210151,
    "nested importance sampling global log-evidence error": 0.1503026980162124,
    "marginals": [
        {
            "median": -1.5989167442946808,
            "sigma": 0.13080684436727952,
            "1sigma": [
                -1.7584748831442685,
                -1.4968611944097094
            ],
            "2sigma": [
                -1.9836956323040051,
                -1.4473574174284685
            ],
            "3sigma": [
                -2.292288419627169,
                -1.4076930855414405
            ],
            "5sigma": [
                -2.775622562194346,
                -1.4040740446734452
            ],
            "q75%": -1.5273673575728381,
            "q25%": -1.697154032003423,
            "q99%": -1.439089360582639,
            "q01%": -2.1020918576017946,
            "q90%": -1.4785161397902757,
            "q10%": -1.8341784767892184
        },
        {
            "median": 1.6789460085930612,
            "sigma": 0.03530779065349865,
            "1sigma": [
                1.6457770894163062,
                1.7163926707233035
            ],
            "2sigma": [
                1.617386050588374,
                1.7488251427809791
            ],
            "3sigma": [
                1.5870693170434886,
                1.7836396722527457
            ],
            "5sigma": [
                1.522313666113174,
                1.8353819185267761
            ],
            "q75%": 1.7045729834462353,
            "q25%": 1.657306319497988,
            "q99%": 1.7604487246993914,
            "q01%": 1.606465847306707,
            "q90%": 1.7255099371268683,
            "q10%": 1.637247482366691
        },
        {
            "median": -1.5619987906986472,
            "sigma": 0.02596660159528419,
            "1sigma": [
                -1.5908526136439287,
                -1.5389194104533603
            ],
            "2sigma": [
                -1.6165505933168436,
                -1.523313020335068
            ],
            "3sigma": [
                -1.6351005057303498,
                -1.510959132606522
            ],
            "5sigma": [
                -1.6637463392285108,
                -1.5080755860474648
            ],
            "q75%": -1.545036196284279,
            "q25%": -1.580816425061651,
            "q99%": -1.5189481366262476,
            "q01%": -1.623480166912785,
            "q90%": -1.533686047233077,
            "q10%": -1.5985604835895313
        },
        {
            "median": 2.3652449352644656,
            "sigma": 0.018764455285891435,
            "1sigma": [
                2.3452807464431027,
                2.3828096570148856
            ],
            "2sigma": [
                2.330073382824275,
                2.3958467099326533
            ],
            "3sigma": [
                2.313794887979627,
                2.407092756453757
            ],
            "5sigma": [
                2.2922560193143844,
                2.415221889828897
            ],
            "q75%": 2.377494912877225,
            "q25%": 2.351409687920117,
            "q99%": 2.400050440567092,
            "q01%": 2.323828710815211,
            "q90%": 2.3869397888410386,
            "q10%": 2.341350693440148
        },
        {
            "median": -0.3404504201505813,
            "sigma": 0.03452866915068625,
            "1sigma": [
                -0.3733405724079558,
                -0.3042832341065833
            ],
            "2sigma": [
                -0.3918976541054509,
                -0.2740271387331944
            ],
            "3sigma": [
                -0.40628846244070105,
                -0.2545512218513775
            ],
            "5sigma": [
                -0.4072639373340401,
                -0.23422055053272553
            ],
            "q75%": -0.31648580536539556,
            "q25%": -0.36363941547295303,
            "q99%": -0.26634065419215386,
            "q01%": -0.3973741291642133,
            "q90%": -0.2929287697804519,
            "q10%": -0.37952407076783307
        }
    ]
}