{
    "modes": [
        {
            "index": 0,
            "strictly local log-evidence": -287.87305638125315,
            "strictly local log-evidence error": 0.021594667175839206,
            "local log-evidence": -287.87305638125315,
            "local log-evidence error": 0.021594667175839206,
            "mean": [
                -1.6036125055782735,
                1.6844486907007843,
                -1.5581573411452745,
                2.368386928824781,
                -0.34734364950219826
            ],
            "sigma": [
                0.13417226976177984,
                0.03203146758920437,
                0.026889076782262215,
                0.017525960196498963,
                0.03506159242540211
            ],
            "maximum": [
                -1.5299593407543215,
                1.6833343682359683,
                -1.5469790553332847,
                2.3745137823617557,
                -0.3627011729091798
            ],
            "maximum a posterior": [
                -1.5299593407543215,
                1.6833343682359683,
                -1.5469790553332847,
                2.3745137823617557,
                -0.3627011729091798
            ]
        }
    ],
    "nested sampling global log-evidence": -287.4750298098218,
    "nested sampling global log-evidence error": 0.28683750926867435,
    "global evidence": -287.87305638125315,
    "global evidence error": 0.021594667175839206,
    "nested importance sampling global log-evidence": -287.87305638125315,
    "nested importance sampling global log-evidence error": 0.021594667175839206,
    "marginals": [
        {
            "median": -1.5739239873137252,
            "sigma": 0.12290572629267649,
            "1sigma": [
                -1.7286536961626588,
                -1.4828422435773059
            ],
            "2sigma": [
                -1.9504041777473147,
                -1.4213472428550549
            ],
            "3sigma": [
                -2.2119304870363106,
                -1.394153920469075
            ],
            "5sigma": [
                -2.7399789746155387,
                -1.3862058838596722
            ],
            "q75%": -1.5087735126788373,
            "q25%": -1.6687092546916789,
            "q99%": -1.410070533756365,
            "q01%": -2.0273544764946827,
            "q90%": -1.4627196675467915,
            "q10%": -1.783897544167252
        },
        {
            "median": 1.684674484914972,
            "sigma": 0.0315629097764607,
            "1sigma": [
                1.6531215244126092,
                1.7162473439655306
            ],
            "2sigma": [
                1.6193770583482066,
                1.744703069663712
            ],
            "3sigma": [
                1.572620516495171,
                1.782500363282996
            ],
            "5sigma": [
                1.506948654453694,
                1.8443081755379014
            ],
            "q75%": 1.7059543972588875,
            "q25%": 1.6637116746839955,
            "q99%": 1.7606947617330162,
            "q01%": 1.6114245590692244,
            "q90%": 1.7241807584716617,
            "q10%": 1.6441352548848887
        },
        {
            "median": -1.5570097766022102,
            "sigma": 0.028335754446133565,
            "1sigma": [
                -1.5861480301390578,
                -1.5294765212467907
            ],
            "2sigma": [
                -1.612894800557617,
                -1.510212525771447
            ],
            "3sigma": [
                -1.6337584489045534,
                -1.4968227315351932
            ],
            "5sigma": [
                -1.667629130180706,
                -1.4940316520076087
            ],
            "q75%": -1.539295215692138,
            "q25%": -1.5769217587617521,
            "q99%": -1.5019644189185206,
            "q01%": -1.620173114436009,
            "q90%": -1.5228211057885768,
            "q10%": -1.5934127232594564
        },
        {
            "median": 2.3687782039916647,
            "sigma": 0.018245359551351203,
            "1sigma": [
                2.3500008091663567,
                2.386491528269059
            ],
            "2sigma": [
                2.3334041511739994,
                2.402061049066146
            ],
            "3sigma": [
                2.3176992166735784,
                2.40974492158386
            ],
            "5sigma": [
                2.291788410529612,
                2.4176374547061545
            ],
            "q75%": 2.380654231526389,
            "q25%": 2.3562811258744993,
            "q99%": 2.405497258928728,
            "q01%": 2.328027180390205,
            "q90%": 2.3908139784378424,
            "q10%": 2.345350289167982
        },
        {
            "median": -0.3487568177678746,
            "sigma": 0.03735075554003495,
            "1sigma": [
                -0.38451429622685224,
                -0.30981278514678234
            ],
            "2sigma": [
                -0.4123743327381783,
                -0.2787434013169151
            ],
            "3sigma": [
                -0.4302994680467397,
                -0.25673483747839704
            ],
            "5sigma": [
                -0.43301696154301084,
                -0.23512474096427494
            ],
            "q75%": -0.3218973788655867,
            "q25%": -0.37279110556479117,
            "q99%": -0.2709683263034379,
            "q01%": -0.4200880123304894,
            "q90%": -0.30002625392251714,
            "q10%": -0.39398731572134854
        }
    ]
}