{
    "modes": [
        {
            "index": 0,
            "strictly local log-evidence": -298.0632407283694,
            "strictly local log-evidence error": 0.04325525429345353,
            "local log-evidence": -298.0632407283694,
            "local log-evidence error": 0.04325525429345353,
            "mean": [
                -1.3610220594238223,
                1.6570784209689848,
                -1.444967739061784,
                2.405197797968897,
                -0.4877685124374383
            ],
            "sigma": [
                0.03779258416326673,
                0.03336203101486487,
                0.013553082610872581,
                0.012008252671082438,
                0.016672644690885315
            ],
            "maximum": [
                -1.3098565210150834,
                1.6340335701111481,
                -1.4351287673911282,
                2.4177765176866286,
                -0.5088414508003574
            ],
            "maximum a posterior": [
                -1.3098565210150834,
                1.6340335701111481,
                -1.4351287673911282,
                2.4177765176866286,
                -0.5088414508003574
            ]
        }
    ],
    "nested sampling global log-evidence": -297.95637150789645,
    "nested sampling global log-evidence error": 0.29999521692197667,
    "global evidence": -298.0632407283694,
    "global evidence error": 0.04325525429345353,
    "nested importance sampling global log-evidence": -298.0632407283694,
    "nested importance sampling global log-evidence error": 0.04325525429345353,
    "marginals": [
        {
            "median": -1.3590665738850392,
            "sigma": 0.03783656811624514,
            "1sigma": [
                -1.3970144122765102,
                -1.32134127604402
            ],
            "2sigma": [
                -1.442429477154248,
                -1.2975854190586675
            ],
            "3sigma": [
                -1.5231468141487798,
                -1.2842861326908301
            ],
            "5sigma": [
                -1.9828021681997665,
                -1.2815118483925918
            ],
            "q75%": -1.3341531072815314,
            "q25%": -1.383932402692036,
            "q99%": -1.2922627557678814,
            "q01%": -1.464369066374802,
            "q90%": -1.3131956090974037,
            "q10%": -1.4099820375093166
        },
        {
            "median": 1.6563577219559513,
            "sigma": 0.034417977093407104,
            "1sigma": [
                1.6231622804034243,
                1.6919982345902385
            ],
            "2sigma": [
                1.5941907670590327,
                1.720719288925445
            ],
            "3sigma": [
                1.5659098045980964,
                1.746944657668455
            ],
            "5sigma": [
                1.5026496788210533,
                1.7886969657695213
            ],
            "q75%": 1.6798394051625443,
            "q25%": 1.6330591951436406,
            "q99%": 1.7288646878580918,
            "q01%": 1.5852561821109215,
            "q90%": 1.7023573499097364,
            "q10%": 1.613100425147338
        },
        {
            "median": -1.4443297955856782,
            "sigma": 0.013666511731712294,
            "1sigma": [
                -1.4582379881856222,
                -1.4309049647221976
            ],
            "2sigma": [
                -1.4742916800555752,
                -1.4225009978946386
            ],
            "3sigma": [
                -1.494824344191072,
                -1.414496902685569
            ],
            "5sigma": [
                -1.548319902471794,
                -1.411023005005417
            ],
            "q75%": -1.4351294624853659,
            "q25%": -1.4535198879012772,
            "q99%": -1.4190848334855473,
            "q01%": -1.4813099248698136,
            "q90%": -1.428046867167338,
            "q10%": -1.4628510862427138
        },
        {
            "median": 2.4050727226507362,
            "sigma": 0.012261933720074003,
            "1sigma": [
                2.3932618093272584,
                2.4177856767674064
            ],
            "2sigma": [
                2.3808471431314198,
                2.426590924425242
            ],
            "3sigma": [
                2.3645478329854837,
                2.432938962052499
            ],
            "5sigma": [
                2.3300653980817607,
                2.439015633661661
            ],
            "q75%": 2.4137980839687887,
            "q25%": 2.397391109956545,
            "q99%": 2.429021269730986,
            "q01%": 2.375977665806339,
            "q90%": 2.4210221606179476,
            "q10%": 2.3894201081737663
        },
        {
            "median": -0.49122919058233,
            "sigma": 0.016391566976374783,
            "1sigma": [
                -0.5038150338307986,
                -0.47103189987804905
            ],
            "2sigma": [
                -0.5113678775628333,
                -0.44932880259201224
            ],
            "3sigma": [
                -0.5193844266703899,
                -0.4177746526738737
            ],
            "5sigma": [
                -0.5211105410848624,
                -0.33527352427888996
            ],
            "q75%": -0.4777080945060828,
            "q25%": -0.5003449315169675,
            "q99%": -0.4387325207027849,
            "q01%": -0.5135860317112291,
            "q90%": -0.46531857825138223,
            "q10%": -0.506534812599359
        }
    ]
}