{
    "modes": [
        {
            "index": 0,
            "strictly local log-evidence": -296.7219834415729,
            "strictly local log-evidence error": 0.09114942446311754,
            "local log-evidence": -296.7219834415729,
            "local log-evidence error": 0.09114942446311754,
            "mean": [
                -1.3070270345578558,
                1.6457178121622291,
                -1.4301481403039966,
                2.423847867746061,
                -0.5192417373284971
            ],
            "sigma": [
                0.04351749870677639,
                0.027815551421191066,
                0.015903034025675184,
                0.016236680800732324,
                0.025849533716051056
            ],
            "maximum": [
                -1.2901565164478352,
                1.666086492271429,
                -1.409597907528491,
                2.429033482538961,
                -0.5472142454787168
            ],
            "maximum a posterior": [
                -1.2901565164478352,
                1.666086492271429,
                -1.409597907528491,
                2.429033482538961,
                -0.5472142454787168
            ]
        }
    ],
    "nested sampling global log-evidence": -296.7196378303247,
    "nested sampling global log-evidence error": 0.2995655948433253,
    "global evidence": -296.7219834415729,
    "global evidence error": 0.09114942446311754,
    "nested importance sampling global log-evidence": -296.7219834415729,
    "nested importance sampling global log-evidence error": 0.09114942446311754,
    "marginals": [
        {
            "median": -1.3006139949065965,
            "sigma": 0.04117007535347428,
            "1sigma": [
                -1.3476420789185033,
                -1.2653019282115547
            ],
            "2sigma": [
                -1.413351724254388,
                -1.242727755784705
            ],
            "3sigma": [
                -1.4862800354835553,
                -1.2279655899672177
            ],
            "5sigma": [
                -1.843020162572706,
                -1.2048303112608294
            ],
            "q75%": -1.277339749396585,
            "q25%": -1.32851816269569,
            "q99%": -1.23523033037172,
            "q01%": -1.4347091112269612,
            "q90%": -1.2580052126576957,
            "q10%": -1.366608967522755
        },
        {
            "median": 1.6468847297135476,
            "sigma": 0.027477905691981275,
            "1sigma": [
                1.6176825260410994,
                1.672638337425062
            ],
            "2sigma": [
                1.5869073025117904,
                1.6969090089426004
            ],
            "3sigma": [
                1.5524839005653484,
                1.7372767809371117
            ],
            "5sigma": [
                1.4871277545708286,
                1.7905082419258989
            ],
            "q75%": 1.6652482841669556,
            "q25%": 1.627946603761032,
            "q99%": 1.7071546358528364,
            "q01%": 1.5746576928110865,
            "q90%": 1.679015462185891,
            "q10%": 1.609230777530582
        },
        {
            "median": -1.4281645009120032,
            "sigma": 0.015987778796026975,
            "1sigma": [
                -1.4463547620918447,
                -1.4143792044997907
            ],
            "2sigma": [
                -1.4661649488946513,
                -1.404705276173638
            ],
            "3sigma": [
                -1.4864863639546408,
                -1.3989035612160647
            ],
            "5sigma": [
                -1.5345270043918435,
                -1.3962588733646473
            ],
            "q75%": -1.4180674419906993,
            "q25%": -1.439894770791359,
            "q99%": -1.4025514656619333,
            "q01%": -1.4744129977855611,
            "q90%": -1.4116971362577646,
            "q10%": -1.4516239187870044
        },
        {
            "median": 2.425837785317254,
            "sigma": 0.016331993891239627,
            "1sigma": [
                2.4069397640251093,
                2.4396037518075886
            ],
            "2sigma": [
                2.3885678392065066,
                2.451564087679561
            ],
            "3sigma": [
                2.3745066870781395,
                2.4600535253627496
            ],
            "5sigma": [
                2.3345188829334953,
                2.4667495158611863
            ],
            "q75%": 2.434933603728738,
            "q25%": 2.4131940936113114,
            "q99%": 2.455070764542626,
            "q01%": 2.3823721501653363,
            "q90%": 2.443773625417493,
            "q10%": 2.4009241741229976
        },
        {
            "median": -0.5231460675594739,
            "sigma": 0.026477135923667572,
            "1sigma": [
                -0.5452199170729026,
                -0.4922656452255675
            ],
            "2sigma": [
                -0.55935269802926,
                -0.4608707268658045
            ],
            "3sigma": [
                -0.5692168821907025,
                -0.431376554662751
            ],
            "5sigma": [
                -0.5714901607408045,
                -0.35123282894617763
            ],
            "q75%": -0.5013033895841885,
            "q25%": -0.5395287440316935,
            "q99%": -0.45020177462914585,
            "q01%": -0.564461277121972,
            "q90%": -0.48392118362574577,
            "q10%": -0.5492129839221679
        }
    ]
}