-2.080227184916545013e+00 1.766090283434119002e+00 -1.644855611338684520e+00 2.363903210857320136e+00 -2.574278352863093033e-01
-1.400314796946943829e+00 1.625713445729283890e+00 -1.495725593201901127e+00 2.410297576138813458e+00 -4.248731285017868231e-01
-1.589455493434358324e+00 1.623811353625265852e+00 -1.551781544601219975e+00 2.348322457465293223e+00 -3.326802088371536570e-01
-2.187951843860330037e+00 1.633228576377508290e+00 -1.625368578175488521e+00 2.316214622310778903e+00 -2.587405922413292814e-01
-1.847356714892383955e+00 1.813026986420640085e+00 -1.592505832479338412e+00 2.361663492813947940e+00 -3.047854032962025173e-01
-2.189084922130064115e+00 1.742682604159451643e+00 -1.622760544898665502e+00 2.356395279479285065e+00 -2.706679373624947260e-01
-1.636197320897425200e+00 1.650811450539155345e+00 -1.595134944719852843e+00 2.392258637924188136e+00 -3.220066812529118749e-01
-1.824539568750411789e+00 1.584975341256223302e+00 -1.587043454860290081e+00 2.340375686940796562e+00 -2.960345053187261044e-01
-1.930169864272853530e+00 1.753305285254430856e+00 -1.571596407216013125e+00 2.332071865006968725e+00 -3.023500595802914859e-01
-1.676483410877111169e+00 1.624113735705892125e+00 -1.579600173364364757e+00 2.345111626434845942e+00 -3.205759642650658492e-01
-2.346273980485031885e+00 1.690974855086269102e+00 -1.635585553740231290e+00 2.348704056747431768e+00 -2.552809709792107640e-01
-1.400677641775848414e+00 1.639752538467188714e+00 -1.564504275442992087e+00 2.424017787834391147e+00 -3.803365023941491785e-01
-1.565346973133476816e+00 1.723522171464539454e+00 -1.512452881496557655e+00 2.360011641263400683e+00 -3.897046673693065344e-01
-1.867910369867517240e+00 1.720856273768418987e+00 -1.597017801766398737e+00 2.352926534619939947e+00 -3.017071583605641649e-01
-1.349521843066986193e+00 1.615775073015212726e+00 -1.535762510138444892e+00 2.405101525690352737e+00 -4.010901439901299881e-01
-1.481482809421213354e+00 1.675006063553167834e+00 -1.548142976439838225e+00 2.422498558755849185e+00 -3.759639626200161899e-01
-1.448257679248627028e+00 1.586905646496184374e+00 -1.550954332050748841e+00 2.366731688296659808e+00 -3.673038160850286005e-01
-2.347783009982253866e+00 1.730878129056012682e+00 -1.619236056163605664e+00 2.332698716200016342e+00 -2.645143922705024409e-01
-1.540962538307541152e+00 1.606759259887082791e+00 -1.550318417392863468e+00 2.374700419916911276e+00 -3.579045476672817472e-01
-2.108450693082612126e+00 1.742532795895563424e+00 -1.597053043155690188e+00 2.342456726176585402e+00 -2.845207727193770353e-01
-1.792075219393749919e+00 1.754065971572824623e+00 -1.586208099474167632e+00 2.361426969851629032e+00 -3.033290192273412345e-01
-1.886755731943916992e+00 1.683551815470110569e+00 -1.624372532230359267e+00 2.372564248407012411e+00 -2.734898218994565866e-01
-1.563864493698247315e+00 1.554023758952247647e+00 -1.576682198873918361e+00 2.367720676696439597e+00 -3.260573248340286057e-01
-1.401238216492548538e+00 1.617490030904855658e+00 -1.566135344223571257e+00 2.412700361661004766e+00 -3.726863408577631986e-01
-1.879852154915632845e+00 1.673596291498281374e+00 -1.633176835983133346e+00 2.342862097199465143e+00 -2.644085771673729823e-01
-1.699683933260322632e+00 1.717505403373477790e+00 -1.603107184860107060e+00 2.347605208195643112e+00 -2.996498027109133488e-01
-1.370765734271564895e+00 1.567811907223031653e+00 -1.531978204638588359e+00 2.403876210440796690e+00 -3.916934626763648453e-01
-2.092106470661383000e+00 1.743379388388383688e+00 -1.597384776321037592e+00 2.315792416562589384e+00 -2.772570248244665692e-01
-1.478227916007396558e+00 1.748249235044825767e+00 -1.507054243825188378e+00 2.388823543253599802e+00 -4.060326745547353511e-01
-1.576676126420545998e+00 1.574571654985261304e+00 -1.563029409219180543e+00 2.356084517536650491e+00 -3.290639422436072437e-01
-2.142444412088114092e+00 1.757259241329741428e+00 -1.612708445416261238e+00 2.342187392681305713e+00 -2.759750423583025025e-01
-1.418904926178187864e+00 1.612853502233878800e+00 -1.501523314547254406e+00 2.366709849976295299e+00 -4.023869868651051007e-01
-1.585754133861096093e+00 1.584687862045477402e+00 -1.594351300447644171e+00 2.353951027499893822e+00 -3.096388042948987618e-01
-1.980340908980927850e+00 1.670677731251783982e+00 -1.601004499490020105e+00 2.311722601132786270e+00 -2.789757081258557037e-01
-2.098459946998737280e+00 1.753127269238593300e+00 -1.597736615897608736e+00 2.335068049882591090e+00 -2.809015265706946707e-01
-1.528761761607103864e+00 1.667771953078840852e+00 -1.542884587528552398e+00 2.340246761371741258e+00 -3.549617231987713950e-01
-1.723512992702754154e+00 1.781416602769663626e+00 -1.574060354944571083e+00 2.376741958258185239e+00 -3.272481857955806817e-01
-1.651629792684901510e+00 1.726603185478587932e+00 -1.593961081350885323e+00 2.393868702304010831e+00 -3.195747226122716000e-01
-1.485662501062315677e+00 1.685661977427006519e+00 -1.530220786630157370e+00 2.412487226110164418e+00 -3.953930401487397717e-01
-1.914862105180386465e+00 1.767849512101859588e+00 -1.579128855797741871e+00 2.345911130095035269e+00 -3.044997527759445433e-01
-1.517351472335468188e+00 1.665404779548762093e+00 -1.513334294988740059e+00 2.376579623602585123e+00 -3.911117674998703109e-01
-1.463759246014497251e+00 1.665452408712774002e+00 -1.559893139166181220e+00 2.389902066184831142e+00 -3.727575325446874643e-01
-2.244486943490588082e+00 1.687669780266933373e+00 -1.626249280034637756e+00 2.341565937265014163e+00 -2.599684966592388236e-01
-1.379490259560929744e+00 1.681217205352641741e+00 -1.533649881499009826e+00 2.417119222475611728e+00 -4.157798569490172014e-01
-2.134699763124320526e+00 1.704194925434460828e+00 -1.627665319998413240e+00 2.356474897246217726e+00 -2.653941209230463727e-01
-1.527058028466610651e+00 1.619166144794474960e+00 -1.525007828158836620e+00 2.349135214298336383e+00 -3.660287278211136197e-01
-2.061514329020129210e+00 1.701304211797513233e+00 -1.628033612042617762e+00 2.351283394968446849e+00 -2.690582021639986721e-01
-1.767186100398232540e+00 1.640394732979688186e+00 -1.573269911336502735e+00 2.349054769639911999e+00 -3.159022761955085912e-01
-1.909066370492887188e+00 1.707707534185738396e+00 -1.595870019878201873e+00 2.328379812042859598e+00 -2.824950014792051434e-01
-1.521085390245211499e+00 1.588995491883553157e+00 -1.585212749029661916e+00 2.392416337731867237e+00 -3.311410621601229565e-01
-1.592768894458062690e+00 1.708097887916792956e+00 -1.586934405272326432e+00 2.395439990597436619e+00 -3.356876599249787319e-01
-1.676649911166292917e+00 1.619193253449214609e+00 -1.593128822604266581e+00 2.367459577888587408e+00 -3.022723651359893182e-01
-1.487481881115057192e+00 1.709762377300499736e+00 -1.489456357452676016e+00 2.361590682466784052e+00 -4.093215217349950308e-01
-1.489378064089898146e+00 1.654749099591102279e+00 -1.528022729072778363e+00 2.344578418741680270e+00 -3.736431834797855345e-01
-1.778677022263179808e+00 1.728078264847709988e+00 -1.602427409762280153e+00 2.377882902579220303e+00 -3.045287756850996175e-01
-1.729854620443338042e+00 1.633724741558843618e+00 -1.589739223446732019e+00 2.335885832954101904e+00 -2.954800718207764021e-01
-1.534811223639222177e+00 1.749003645597060341e+00 -1.514845593953865421e+00 2.354447434486697688e+00 -3.861545733131457325e-01
-1.384937585363475776e+00 1.582564471682763596e+00 -1.527370509703408041e+00 2.407929040127511300e+00 -3.986683739887411093e-01
-1.602515931253785553e+00 1.679388250717398279e+00 -1.581775314568581781e+00 2.370681864011043860e+00 -3.344623746617365612e-01
-1.406481446045223294e+00 1.614956043598532176e+00 -1.535528456562302413e+00 2.374048213068302715e+00 -3.811246613233514324e-01
-1.588818612627012961e+00 1.704830961421714974e+00 -1.556275773193206202e+00 2.379534908441497620e+00 -3.436266549718194341e-01
-1.355005730594876390e+00 1.619376361391839936e+00 -1.511619566347328192e+00 2.429988515705031382e+00 -4.279891609101689198e-01
-1.538947062742325400e+00 1.768188119065461805e+00 -1.508830111448889344e+00 2.365642029093717014e+00 -3.939095049910648072e-01
-1.457591523371272402e+00 1.688886857369718442e+00 -1.523080885940486517e+00 2.412582370876179994e+00 -3.969869229963425283e-01
-1.435439982908631507e+00 1.669961489724428816e+00 -1.508284542612617241e+00 2.370200363738967919e+00 -3.994005882247382289e-01
-1.884192842761422071e+00 1.654791037505505713e+00 -1.588524946580819774e+00 2.332171209128274025e+00 -2.974015676731198710e-01
-1.613114700101847987e+00 1.613556604976192688e+00 -1.583071056871960591e+00 2.350711351759592116e+00 -3.114212897013004522e-01
-1.394538035584568902e+00 1.635920494592653540e+00 -1.504055287258845963e+00 2.384980980483936364e+00 -4.235294902111981230e-01
-1.429106122183353200e+00 1.652917069812993134e+00 -1.540255815051225330e+00 2.370773901892588853e+00 -3.807334651417448868e-01
-1.519722001193263949e+00 1.671727873251011687e+00 -1.505328824622266470e+00 2.361483745821659319e+00 -3.902865440860274759e-01
-1.376216514227358800e+00 1.629798156155272792e+00 -1.484079407866336853e+00 2.378093763980188680e+00 -4.308819756914790133e-01
-1.590617715334239790e+00 1.706891668926783012e+00 -1.535369884791524031e+00 2.370697211549076755e+00 -3.704239746925725996e-01
-1.594942492652855037e+00 1.647461255141500658e+00 -1.555092345490437511e+00 2.379945607972528965e+00 -3.422668695973758446e-01
-1.803476806562607671e+00 1.662287434179132717e+00 -1.615614867733649040e+00 2.348762112315847972e+00 -2.775177196190128370e-01
-1.395596095410617465e+00 1.591936338340211421e+00 -1.543897650985139425e+00 2.385267660733463302e+00 -3.768431273394234893e-01
-1.759105110366992797e+00 1.740758133634104254e+00 -1.602916166897663697e+00 2.372397377390265572e+00 -3.052929921613714015e-01
-1.701382535221101833e+00 1.623598317828246707e+00 -1.595267942356274116e+00 2.356973691132160376e+00 -2.969761422685301966e-01
-1.716751069078469527e+00 1.685214674128921786e+00 -1.575255900725320402e+00 2.378053381702697866e+00 -3.206785533296923063e-01
-1.847847995817105016e+00 1.740330381884053423e+00 -1.577210927284529607e+00 2.358251312144259426e+00 -3.100844470828292287e-01
-1.774743121133181667e+00 1.708456599941378329e+00 -1.579001856293912098e+00 2.319592060610840001e+00 -3.046693497899006786e-01
-1.411516922605732915e+00 1.705376095164588435e+00 -1.505155621735365212e+00 2.429441947829497739e+00 -4.375427411045649251e-01
-1.787571600800943017e+00 1.770941978291842744e+00 -1.587067695466222395e+00 2.354061090527415967e+00 -3.128389278825185471e-01
-1.470325248311983302e+00 1.696942816942188514e+00 -1.503159590366132559e+00 2.385434373555712195e+00 -4.165317143808984213e-01
-1.450243408378637966e+00 1.604805816346285496e+00 -1.567319383094331497e+00 2.387592791613097010e+00 -3.598905116315602726e-01
-1.935552653174434923e+00 1.682776165672075663e+00 -1.594636114655743064e+00 2.340427634235762167e+00 -2.848510311818319707e-01
-1.830903041779570195e+00 1.696817582989652351e+00 -1.620934188542252796e+00 2.371776585382132652e+00 -2.804838346735465393e-01
-1.591656527287402589e+00 1.678426437842084340e+00 -1.535013360735359544e+00 2.343293855569689832e+00 -3.606230377613321991e-01
-1.751443996335765974e+00 1.713614247128877111e+00 -1.598389147956171152e+00 2.351628749359746084e+00 -2.945380361973626293e-01
-1.495149182833996448e+00 1.730084218035942811e+00 -1.487130340351420221e+00 2.372554322822816975e+00 -4.167035675617434265e-01
-1.521417487428863069e+00 1.641659029289588290e+00 -1.541073353595070916e+00 2.345324258982710131e+00 -3.619107094692015636e-01
-2.008433574155603196e+00 1.662926105685171407e+00 -1.631348277337164587e+00 2.343773044974580166e+00 -2.604241650248813045e-01
-1.893431539747997050e+00 1.639082995721732772e+00 -1.603742565621062877e+00 2.321788246264133271e+00 -2.800512955600158449e-01
-1.412328527740191575e+00 1.630455197094892839e+00 -1.515622705690202299e+00 2.383307969268901427e+00 -4.098026752134451556e-01
-1.907862149452487444e+00 1.662141185652583175e+00 -1.623620367317257340e+00 2.351312097793591072e+00 -2.686117414567270600e-01
-1.673026229684646538e+00 1.660920875584304568e+00 -1.580943259465419803e+00 2.331661394007520816e+00 -3.087248813860625773e-01
-1.574177951022946331e+00 1.733933897837653504e+00 -1.524410158904780932e+00 2.367497085893608411e+00 -3.707623474086396698e-01
-1.716447382911228559e+00 1.671979367186960275e+00 -1.553080767269920281e+00 2.348467430875457396e+00 -3.304344235514236061e-01
-1.733351555082290218e+00 1.774812421894331749e+00 -1.567647009157245641e+00 2.351891865489369238e+00 -3.301129177538424386e-01
-1.548709897225304388e+00 1.770488512895834532e+00 -1.544789065956070351e+00 2.395159748481737072e+00 -3.757355171077598754e-01
-2.004089841952885642e+00 1.718837527685490585e+00 -1.629390952195126197e+00 2.335036377386061623e+00 -2.638696017053945297e-01
-1.307826730197924725e+00 1.620181416611499614e+00 -1.495793977637161820e+00 2.409392115744391383e+00 -4.473727135804583810e-01
-1.917332536748313387e+00 1.698316209958036893e+00 -1.615741019977978699e+00 2.348692889138003004e+00 -2.728134666867845226e-01
-1.477303462177633975e+00 1.597462296309231533e+00 -1.577654732925826808e+00 2.387398667092479609e+00 -3.447562083046022963e-01
-1.766105437103599130e+00 1.753825885451350430e+00 -1.574328861509646238e+00 2.359675207455653734e+00 -3.238978162545524953e-01
-2.012542014547987534e+00 1.710106373973680149e+00 -1.603663172885697596e+00 2.333013475623924471e+00 -2.756794411352654350e-01
-1.336021156457616321e+00 1.657712646276273460e+00 -1.502855150684993424e+00 2.425437234981111523e+00 -4.415141020418751339e-01
-1.425466906075058660e+00 1.609012351431957200e+00 -1.524394422314944153e+00 2.383463744732730927e+00 -3.965342676323810878e-01
-1.859735847047737423e+00 1.764600565716305525e+00 -1.591732175407165162e+00 2.344483622384484711e+00 -2.948538767563242402e-01
-1.486839258487032467e+00 1.675595697119549143e+00 -1.548179439305947813e+00 2.375624407746287137e+00 -3.623346268746789889e-01
-1.798682008544046695e+00 1.739059921043386581e+00 -1.577092632505112002e+00 2.365302492976138815e+00 -3.138073396594780462e-01
-1.814655764324179188e+00 1.715644845402122698e+00 -1.577441906043421715e+00 2.357158859816288921e+00 -3.079694878143772740e-01
-1.878708168597224670e+00 1.699392912271772360e+00 -1.605944972704772544e+00 2.341351954303036109e+00 -2.793331138152783666e-01
-1.554477284026104300e+00 1.644781429733326306e+00 -1.587794119457853981e+00 2.394834631494736410e+00 -3.281717996700397322e-01
-1.342187011839103050e+00 1.630143263144844923e+00 -1.492560600549185601e+00 2.386748763349589630e+00 -4.390302075148770911e-01
-1.442685777837001027e+00 1.635252785395728381e+00 -1.544408899942874447e+00 2.377044283219076792e+00 -3.811046504532438206e-01
-2.110029570056712878e+00 1.735864546121131724e+00 -1.627665525526835522e+00 2.337509402223212795e+00 -2.607819032037799190e-01
-1.647986626550290268e+00 1.689186537273190680e+00 -1.580324892466876907e+00 2.392111179384383668e+00 -3.302414780855507104e-01
-1.586352019364293042e+00 1.692255121895184899e+00 -1.569179117948156232e+00 2.345825885151501033e+00 -3.346288353504807134e-01
-1.479591585273517751e+00 1.657825743459167001e+00 -1.528302257097897243e+00 2.352550991545306225e+00 -3.803717553407075513e-01
-1.628749168632317890e+00 1.668045776086497511e+00 -1.551124467098451198e+00 2.329922236925108248e+00 -3.373505904136120392e-01
-1.855588951941880893e+00 1.781352125676896492e+00 -1.588982323072514413e+00 2.348468067538374893e+00 -3.017308390414257246e-01
-1.625673836087440094e+00 1.668505956786404454e+00 -1.554853228726895464e+00 2.347196364523207901e+00 -3.442273631465724293e-01
-1.411372792907815921e+00 1.580815801984776670e+00 -1.540941203862581599e+00 2.399737990374079200e+00 -3.827361609130122133e-01
-1.541154393168458370e+00 1.686787954648842458e+00 -1.563757280471178124e+00 2.402744330931454897e+00 -3.511606162704055123e-01
-1.486529647128985054e+00 1.722776205673085315e+00 -1.515306520632293319e+00 2.409669450336829222e+00 -4.049938566118509442e-01
-1.988211334078891390e+00 1.719641482798852650e+00 -1.593380240295058758e+00 2.322535830706508264e+00 -2.837865625129918357e-01
-1.375656713099805195e+00 1.615610162976340192e+00 -1.536591545539825132e+00 2.389664252428459701e+00 -3.957339241326423007e-01
-1.583361981938384844e+00 1.660052811196523592e+00 -1.592918186855713403e+00 2.366685139686623973e+00 -3.187245419443645034e-01
-1.574278623863252236e+00 1.736221283517355829e+00 -1.546922725590233583e+00 2.384786437381818835e+00 -3.700583133012980142e-01
-1.647842295056042516e+00 1.639903359509482073e+00 -1.559723912285257974e+00 2.367925471157080075e+00 -3.355172485978723529e-01
-1.616946081454493367e+00 1.714801639751378559e+00 -1.533829389436975887e+00 2.347527345614352168e+00 -3.531064308183520239e-01
-1.626358556477285333e+00 1.633724184828544423e+00 -1.584399119381761256e+00 2.350786864851171387e+00 -3.207151108507222403e-01
-1.477338208994850355e+00 1.636338216724844585e+00 -1.575590141817061252e+00 2.387480394895457714e+00 -3.483646183439539357e-01
-1.569452728908861339e+00 1.684630176068097285e+00 -1.558445491808868155e+00 2.360047723353023486e+00 -3.532214662225250379e-01
-2.074034153762209343e+00 1.710897398083302434e+00 -1.604434074241657626e+00 2.333867576159357693e+00 -2.754964358851896833e-01
-1.547257129551129040e+00 1.684547859964593997e+00 -1.561086106273602780e+00 2.359150992462426100e+00 -3.526823338100388838e-01
-2.068590517406260432e+00 1.696131874518345128e+00 -1.606622246513409458e+00 2.341777080052953153e+00 -2.789495716239631662e-01
-1.950800413482459028e+00 1.705823848434002699e+00 -1.626164782580499679e+00 2.355500587113243505e+00 -2.730096671256827534e-01
-1.466243514675250381e+00 1.625064999294563606e+00 -1.562915479305228672e+00 2.410544516458750675e+00 -3.620417581557937581e-01
-1.825268900440460307e+00 1.739413762604204550e+00 -1.591195397546343759e+00 2.340047683425753533e+00 -2.944592898628108912e-01
-1.452956435040082539e+00 1.591821172140800655e+00 -1.532516864782944133e+00 2.381741450730003429e+00 -3.794450846653720788e-01
-1.555333914165411002e+00 1.717514414458792160e+00 -1.532621062074853491e+00 2.394619064478664239e+00 -3.786513893344363169e-01
-1.537879308972069481e+00 1.701993942853228248e+00 -1.540508988731410511e+00 2.403016607469286026e+00 -3.757144117895343527e-01
-1.486303140734044348e+00 1.748643025801261075e+00 -1.532485551926688006e+00 2.390168483026867019e+00 -3.958472475576240157e-01
-1.808600993769960752e+00 1.683185544177600690e+00 -1.613355472936858881e+00 2.373856283317350879e+00 -2.892616826646445816e-01
-1.613529921576335013e+00 1.641789838243688848e+00 -1.540952743025841398e+00 2.347819957057301732e+00 -3.476635951934969881e-01
-1.501036945191322580e+00 1.697764521612032951e+00 -1.508472944603322929e+00 2.387550433874057187e+00 -3.976513852243392932e-01
-1.770242234312098262e+00 1.631550879515884844e+00 -1.577730896344432754e+00 2.331779566713604535e+00 -3.066831627420381068e-01
-1.446048050460763790e+00 1.630274059112910123e+00 -1.535643561425832582e+00 2.361320225426293273e+00 -3.743839633489844942e-01
-1.479281077392187171e+00 1.716766323254839577e+00 -1.513013686044058170e+00 2.376157536097126322e+00 -4.078366602519434281e-01
-1.857589980783410866e+00 1.695343894839432153e+00 -1.620866922467699256e+00 2.366520167273993724e+00 -2.811516281580601628e-01
-1.658535972276721004e+00 1.664795622440841782e+00 -1.578087061400662572e+00 2.366005959865532748e+00 -3.283746938710994101e-01
-1.413753809689254126e+00 1.692315930927595247e+00 -1.497006667271735703e+00 2.418583870135216252e+00 -4.313957925728768572e-01
-1.683518908156599991e+00 1.641548154656488734e+00 -1.591323765140928215e+00 2.336043139764730103e+00 -3.018533662447016042e-01
-2.132984916956923271e+00 1.700755009173605004e+00 -1.617132574373950638e+00 2.328843271550780969e+00 -2.654165943365267566e-01
-1.524770049725717058e+00 1.605940241455934725e+00 -1.543145030189456257e+00 2.372215340004847572e+00 -3.565075221874849376e-01
-1.482929448927521321e+00 1.652524423418078925e+00 -1.524175026054966020e+00 2.358146582184683648e+00 -3.752582067417726819e-01
-1.864630354987850680e+00 1.718159119384095490e+00 -1.609631077646072717e+00 2.331583283959078656e+00 -2.803397109223464412e-01
-1.572019605359209926e+00 1.764899661765902295e+00 -1.532370462228803465e+00 2.365336530678511462e+00 -3.768100139928574066e-01
-1.391721802006824049e+00 1.685025615526907217e+00 -1.506413891139492645e+00 2.387530895346565263e+00 -4.285414729117835719e-01
-1.547296515001622907e+00 1.703070164715171586e+00 -1.545921520910467084e+00 2.348179677557207246e+00 -3.564437138763292268e-01
-1.568075172354893354e+00 1.636936919008810776e+00 -1.565215777784463524e+00 2.375449913899102761e+00 -3.347168430038376385e-01
-1.443662429990087759e+00 1.748390818380567424e+00 -1.502926764652863234e+00 2.399879468460782039e+00 -4.320536230427585167e-01
-1.870347093166037311e+00 1.729775511794173326e+00 -1.573095017298769660e+00 2.333988145371722833e+00 -3.074218525851488693e-01
-1.429886933915572200e+00 1.663803375275294982e+00 -1.539748870165586370e+00 2.421592751778121944e+00 -3.912840222383469069e-01
-1.928864591248956373e+00 1.656695850808379333e+00 -1.592449131592749811e+00 2.328333161282324149e+00 -2.884976420266074371e-01
-1.726131116216442329e+00 1.709070192568709956e+00 -1.563551049352737810e+00 2.365053297513064479e+00 -3.265648060625228055e-01
-1.494423226922302561e+00 1.704762639919049860e+00 -1.539508455000303089e+00 2.371768162413763648e+00 -3.820041752046119399e-01
-1.697725155544176801e+00 1.738994412045322235e+00 -1.573354038472887018e+00 2.341384091199043560e+00 -3.248154776753935380e-01
-1.484597836429274231e+00 1.676578211829749421e+00 -1.552102046310768868e+00 2.415553643392521543e+00 -3.769259152234560872e-01
-1.448798631606078580e+00 1.687820346361043278e+00 -1.508482332998647868e+00 2.411224969097378157e+00 -4.143473120439153945e-01
-1.478002054024192269e+00 1.667357772755481804e+00 -1.547744355627237667e+00 2.415557897291364498e+00 -3.771873788591761922e-01
-1.887341550357604092e+00 1.769220971059791481e+00 -1.592356233729234738e+00 2.347784914794441402e+00 -2.960663213517662484e-01
-1.816655938226421796e+00 1.728554774839196284e+00 -1.575409161607732811e+00 2.326691535589637372e+00 -3.094160991614618439e-01
-1.415884254388400265e+00 1.625027223589006198e+00 -1.533336149934498849e+00 2.408842444868732890e+00 -3.986348225190408101e-01
-1.864242364490479531e+00 1.681707442858023427e+00 -1.621939399459470410e+00 2.344281096377133000e+00 -2.729606116350478118e-01
-1.987833302090288967e+00 1.698195765083539754e+00 -1.597321578634417261e+00 2.328268747698614582e+00 -2.865360801682612646e-01
-1.635706953838271360e+00 1.681866956021583093e+00 -1.573979803307196779e+00 2.372251295607059163e+00 -3.233978196916780234e-01
-1.839678317248544914e+00 1.760311852261962073e+00 -1.579108231345322633e+00 2.336879031067228940e+00 -3.048152440851161771e-01
-1.793258549947433167e+00 1.755004607453429344e+00 -1.575600880528709169e+00 2.358887107893896662e+00 -3.185009680753410066e-01
-1.525860370298794066e+00 1.673831805253577443e+00 -1.547421953636035852e+00 2.366462950704869783e+00 -3.677113801820510730e-01
-1.508421248881178123e+00 1.654197367310445088e+00 -1.516249050951287369e+00 2.362066296539296228e+00 -3.795182252333351158e-01
-1.682939807104954610e+00 1.751527208135151170e+00 -1.543035953904387192e+00 2.346865721020912954e+00 -3.473033435266756896e-01
-1.649556230416347802e+00 1.716724075795234228e+00 -1.589219646171291744e+00 2.389034639329139065e+00 -3.240347221037183090e-01
-1.472170036561776030e+00 1.720291313616673534e+00 -1.508505790399617075e+00 2.365027621283098291e+00 -4.062596561512172855e-01
-1.622860617241934200e+00 1.641363486407714234e+00 -1.555095543183161455e+00 2.361346478436644247e+00 -3.352779906286489364e-01
-1.351011474512539223e+00 1.645536070184565602e+00 -1.496870172418226064e+00 2.394156553170288859e+00 -4.411515982464386809e-01
-1.773531712605544541e+00 1.749449971071024734e+00 -1.568653160184270590e+00 2.347607341100470535e+00 -3.166677205949319784e-01
-1.826346421048484103e+00 1.661372089198668078e+00 -1.606274737091037963e+00 2.365873386783682086e+00 -2.922011206085173285e-01
-1.669658790749651622e+00 1.598228604873302316e+00 -1.585625541808929562e+00 2.350748375002107871e+00 -3.109230109426412980e-01
-2.075034124560696469e+00 1.718202716608381309e+00 -1.625401118019761837e+00 2.341823780008547740e+00 -2.636169069015465993e-01
-1.743946665254272332e+00 1.689395853352564814e+00 -1.564739418330541199e+00 2.340459446439793645e+00 -3.162713472014555549e-01
-1.786930193277329160e+00 1.724641316587492312e+00 -1.572494470778540432e+00 2.337006494968670189e+00 -3.089791460074433616e-01
-1.511799622100122420e+00 1.726793814573300168e+00 -1.529374054620423529e+00 2.390878525384755093e+00 -3.938328623484608215e-01
-1.647928376374704129e+00 1.762165078731763757e+00 -1.573308441110312872e+00 2.374886315874896070e+00 -3.352428480951097356e-01
-1.498811494463556215e+00 1.665903612958940627e+00 -1.560641786590789115e+00 2.407977114936081353e+00 -3.667585618498918620e-01
-1.475804671549546754e+00 1.735155259124043781e+00 -1.506200248439738987e+00 2.408273971106055900e+00 -4.171433778144955085e-01
-1.334454289720328646e+00 1.656853973962109094e+00 -1.483799543322189995e+00 2.403326445990554117e+00 -4.525567176612046438e-01
-1.651759826568279799e+00 1.718276343483930546e+00 -1.549610720307015299e+00 2.334505081071289290e+00 -3.391047401877038681e-01
-1.837900976238374895e+00 1.631911002562112856e+00 -1.608337423559851542e+00 2.346006298776431187e+00 -2.811220793694513276e-01
-1.524308041747957532e+00 1.648593073106114915e+00 -1.523590730446156671e+00 2.358835681135219797e+00 -3.703400851413878314e-01
-1.524025738644455785e+00 1.737667681875310066e+00 -1.526545628236221308e+00 2.374859546741996397e+00 -3.797573456930045666e-01
-1.463566831145834968e+00 1.679448408990534602e+00 -1.548660552545822799e+00 2.416079862184124405e+00 -3.853500998184600235e-01
-1.496186899247819113e+00 1.714767304134003467e+00 -1.495620288876908566e+00 2.371290465414521709e+00 -4.070211803683054796e-01
-1.849291575027672607e+00 1.624488115643433872e+00 -1.601759964275249803e+00 2.336554727322764258e+00 -2.848126810571489642e-01
-1.385521751164645821e+00 1.619309351051727575e+00 -1.508169670923734440e+00 2.400229030073668834e+00 -4.128335456701925921e-01
-1.350971189924750959e+00 1.599842493243620822e+00 -1.501808738028082679e+00 2.395878644752478248e+00 -4.258448868739481696e-01
-1.836751859139250875e+00 1.663682130104408685e+00 -1.612834618648474549e+00 2.335331028601861370e+00 -2.816695856642095208e-01
-1.633588381113407095e+00 1.654363987661017887e+00 -1.544980155746073613e+00 2.352292191714659531e+00 -3.456694598731662182e-01
-1.695067873347658960e+00 1.612516878350122695e+00 -1.576573203967836845e+00 2.348808810814062120e+00 -3.155196734251539681e-01
-1.423851735975290467e+00 1.739166595102725310e+00 -1.510499918369213379e+00 2.411481854339455833e+00 -4.255837099013515257e-01
-1.624183410112866710e+00 1.651278554176160540e+00 -1.577149020929000667e+00 2.387406441846645411e+00 -3.294009286643255763e-01
-1.823891860815995969e+00 1.731932418241630245e+00 -1.577484404077719171e+00 2.325827550859646653e+00 -3.058966391662067963e-01
-1.498124487769047164e+00 1.623071544547684653e+00 -1.548886616801897542e+00 2.356943340457882119e+00 -3.605917263797984162e-01
-1.415694413383837613e+00 1.690801923473731705e+00 -1.516926955389700460e+00 2.412690708888132196e+00 -4.235814034048726029e-01
-2.003387549427306347e+00 1.728615195760024648e+00 -1.600236572238144639e+00 2.331537892471545081e+00 -2.851461815368114827e-01
-1.640949280698334789e+00 1.772818950163827623e+00 -1.543636337298278871e+00 2.363428327109287075e+00 -3.553398295072103252e-01
-1.908231448698305854e+00 1.652961238810576106e+00 -1.592735258287393707e+00 2.335967429167153053e+00 -2.897855313565660396e-01
-1.679765271265928561e+00 1.730982532591076151e+00 -1.551867028755609113e+00 2.337804456291744160e+00 -3.344662744088218176e-01
-1.890471169308407084e+00 1.676624072879111083e+00 -1.601141033157672533e+00 2.325827564367724865e+00 -2.813533599791337991e-01
-1.740858595715669921e+00 1.714646677762658555e+00 -1.591035531409537462e+00 2.365296445964191197e+00 -3.038355149301139591e-01
-1.370346520729758488e+00 1.680512603998721488e+00 -1.503576327813697988e+00 2.397365281706036466e+00 -4.372031935115607837e-01
-1.853183180446780653e+00 1.688915747699279990e+00 -1.575874853272998255e+00 2.337584850726846408e+00 -3.047720365155708322e-01
-1.685394842927770753e+00 1.643722866644720781e+00 -1.585896124456292355e+00 2.343287084135310394e+00 -3.130201613948706552e-01
-1.581402323377636421e+00 1.650406871006211418e+00 -1.565128483788801983e+00 2.389273032912305972e+00 -3.453837065760794189e-01
-2.077915120557062068e+00 1.726217798292154271e+00 -1.621124274859768954e+00 2.342801285817071033e+00 -2.672124242837110586e-01
-1.475405324799938356e+00 1.664558762816000126e+00 -1.532589567536636110e+00 2.406396371873293472e+00 -3.904007213993061498e-01
-1.637636789917496394e+00 1.689538075371562087e+00 -1.544188406040391648e+00 2.335279417515796041e+00 -3.443891359995348012e-01
-1.927634853711520435e+00 1.694421677033515650e+00 -1.614635456973866345e+00 2.357847691382187083e+00 -2.819385986725571058e-01
-1.407516005775043766e+00 1.618687760624627714e+00 -1.551355703330259850e+00 2.393624918068616214e+00 -3.771476275738656625e-01
-1.378141156763978081e+00 1.675686760418317434e+00 -1.477548027992723778e+00 2.381930560736285063e+00 -4.461043888635511934e-01
-1.629924499560673645e+00 1.630443606635861187e+00 -1.588928551721063176e+00 2.359631637943275795e+00 -3.180796689832590118e-01
-1.469903716337468857e+00 1.642954894055836945e+00 -1.550962830898672484e+00 2.398194842462194387e+00 -3.653382691700297613e-01
-1.940659420753744868e+00 1.751055062972293186e+00 -1.613406645345484058e+00 2.344075665368175354e+00 -2.782060212947392586e-01
-1.507481565258469658e+00 1.653329756875724144e+00 -1.520936089464093310e+00 2.354074372500996049e+00 -3.804065009191841540e-01
-1.394509228738288975e+00 1.667196527687693219e+00 -1.510305768285489680e+00 2.389980592602426235e+00 -4.128128543169591325e-01
-1.751234409335287623e+00 1.757480249333999822e+00 -1.565347022317946202e+00 2.354350233751544952e+00 -3.239121881286077809e-01
-1.782715402584273967e+00 1.665163109780838369e+00 -1.603894004197233381e+00 2.353842609222170257e+00 -2.879142723349428223e-01
-1.416194264710961548e+00 1.672675789395807300e+00 -1.534835682918239685e+00 2.406644957642479543e+00 -4.050104210524843040e-01
-1.868024414821366719e+00 1.711476128201068647e+00 -1.593950632381901045e+00 2.347556895268808841e+00 -2.907253610311730796e-01
-1.763083437142332954e+00 1.634155126575134176e+00 -1.583150522672851945e+00 2.334232783856338145e+00 -3.048964020927389384e-01
-1.504735488862527504e+00 1.672593493022770161e+00 -1.523452328316255988e+00 2.371576157288269204e+00 -3.764165929676082101e-01
-1.707612024148636110e+00 1.751582407875108771e+00 -1.555854803676766096e+00 2.361024007992792662e+00 -3.394751425219908469e-01
-1.479769716994824513e+00 1.667998395794461075e+00 -1.502356118054299250e+00 2.367616788063586775e+00 -3.992645411094155605e-01
-1.759677193899325864e+00 1.757347546140302086e+00 -1.573375260814391829e+00 2.355219098234945463e+00 -3.230206440251794930e-01
-2.018195958259472178e+00 1.700911429904794048e+00 -1.620829086133993568e+00 2.337419149694861975e+00 -2.665712290952129138e-01
-1.580616230377943410e+00 1.728268326883961592e+00 -1.542856165049234729e+00 2.386260698086405174e+00 -3.695614620057980915e-01
-1.727039224263863026e+00 1.674314789268013470e+00 -1.608089723125068815e+00 2.366417052759217654e+00 -2.932950931053177612e-01
-1.506446637567618652e+00 1.693146799263047342e+00 -1.552131949708738023e+00 2.406652069838284280e+00 -3.750138037734203067e-01
-1.840459079195113645e+00 1.719212249357708444e+00 -1.581379682869963332e+00 2.352003455749789751e+00 -3.088396865025266891e-01
-1.509965453669063429e+00 1.705183143087483089e+00 -1.565144432508052796e+00 2.397452945362389176e+00 -3.622327892026291352e-01
-1.852498963876429983e+00 1.759601325690320905e+00 -1.585001040617458168e+00 2.339726328260620214e+00 -3.008946246645400890e-01
-1.789668558840395107e+00 1.643893031751188616e+00 -1.605402711582871955e+00 2.355510455780748469e+00 -2.871407979337252669e-01
-1.454358926140900010e+00 1.645540229381170505e+00 -1.561996225652250825e+00 2.410826472182927560e+00 -3.680799823089628831e-01
-1.408298983801040904e+00 1.733691844067614340e+00 -1.497665613601119938e+00 2.421054305007121155e+00 -4.404049493342299115e-01
-1.688935263996397929e+00 1.639860301488161198e+00 -1.588164854916065849e+00 2.335682619854153597e+00 -3.042955077880797887e-01
-1.727014333643968058e+00 1.685342667929711880e+00 -1.585858293923086748e+00 2.333501928149035454e+00 -3.086671043796886948e-01
-1.828357545745864954e+00 1.675546325191687558e+00 -1.615259609456891621e+00 2.344472802832510361e+00 -2.785640531933513131e-01
-2.040976069011804839e+00 1.703948705688336673e+00 -1.620965531312437369e+00 2.339787575064141034e+00 -2.705538439307613174e-01
-1.626944600649013140e+00 1.705205129971147926e+00 -1.559509376938057912e+00 2.383961874283060389e+00 -3.479321138256210588e-01
-1.780266750169641199e+00 1.675356581966468639e+00 -1.607295636844805919e+00 2.337654522726419604e+00 -2.874899353970317151e-01
-1.390630900550568150e+00 1.716686661157659444e+00 -1.474974592235436699e+00 2.397346364934998419e+00 -4.524337435921452766e-01
-1.839754055655551390e+00 1.725189096192504934e+00 -1.589692049572102306e+00 2.339082391515103776e+00 -3.027289585028860586e-01
-1.603086982788715531e+00 1.673989861230289478e+00 -1.539618880472170215e+00 2.351280417134244960e+00 -3.484954458416229528e-01
-1.518763160494634334e+00 1.740220592475800743e+00 -1.533296806119984090e+00 2.370885850193646949e+00 -3.836852172269882288e-01
-1.733113419551314927e+00 1.723861503753841617e+00 -1.587515970227610040e+00 2.354154872594761194e+00 -3.151226538610316652e-01
-1.810878035121435303e+00 1.691542626996291432e+00 -1.592367452234415781e+00 2.339965917189236855e+00 -3.019630780515800694e-01
-1.945488324525765478e+00 1.717288582634061811e+00 -1.597806497439208773e+00 2.344044133166161448e+00 -2.913339045216432055e-01
-1.886486276546376573e+00 1.667562258538390907e+00 -1.608014386523688888e+00 2.356363398944373522e+00 -2.868684110005155219e-01
-1.681964850026938407e+00 1.744460956142056318e+00 -1.584979803335177628e+00 2.359190008549882478e+00 -3.194402201709038991e-01
-1.471357196358157537e+00 1.645775725748311658e+00 -1.539598499416742206e+00 2.385518701037337319e+00 -3.828617638367131093e-01
-1.520435134452450043e+00 1.651096860625784757e+00 -1.569705576791821544e+00 2.370734253698017824e+00 -3.484131092383684347e-01
-1.787505157305268710e+00 1.738733475539767426e+00 -1.595880615275583336e+00 2.341259048809916088e+00 -2.971580481305853283e-01
-1.615916298817101193e+00 1.609945632746560662e+00 -1.575161040668588530e+00 2.371211301851229081e+00 -3.247604079606762895e-01
-1.668325969526327057e+00 1.668310214763348398e+00 -1.604689929172615104e+00 2.370045091451034924e+00 -3.038566639688351501e-01
-1.367899138637385548e+00 1.606530242011615428e+00 -1.513237757782386783e+00 2.384820914711160533e+00 -4.112590266768769709e-01
-1.530937141099990129e+00 1.750947773915161321e+00 -1.526820996541107256e+00 2.393085721583120051e+00 -3.925939682362624694e-01
-1.721468299819139069e+00 1.645975717605828947e+00 -1.565917177669725602e+00 2.343875104312633351e+00 -3.190091106671992804e-01
-1.751634821843468970e+00 1.706815837270541536e+00 -1.581360122013265590e+00 2.334871832469640474e+00 -3.045122578032053440e-01
-1.570817820568604084e+00 1.627043840698494392e+00 -1.587204894807338951e+00 2.373581701103130825e+00 -3.208812404469050250e-01
-1.801509696722254361e+00 1.707579209892596594e+00 -1.570035445728232393e+00 2.341985249827636562e+00 -3.164533477628026503e-01
-1.667058439792823421e+00 1.623117144972550108e+00 -1.590107994061069840e+00 2.361322145198964773e+00 -3.059398906897126125e-01
-1.624351792573190068e+00 1.657886755043664451e+00 -1.594817328613467922e+00 2.359550843126908770e+00 -3.110136537148555647e-01
-1.685463285746967799e+00 1.658331247270128372e+00 -1.587401870053349873e+00 2.339631759364155350e+00 -3.047017765196393668e-01
-1.512703014687687642e+00 1.634452210214821122e+00 -1.572516063184798751e+00 2.388622272269182112e+00 -3.414785942213089953e-01
-1.592852503068751702e+00 1.726519881873354478e+00 -1.549207513477127041e+00 2.377540752859085949e+00 -3.626484690994757898e-01
-1.619567053503476295e+00 1.744043345294539193e+00 -1.560488807147616619e+00 2.373020148967039944e+00 -3.508222586742846261e-01
-1.590190554768700082e+00 1.719620709879833953e+00 -1.578656461949620393e+00 2.375501652879095538e+00 -3.350561678854884207e-01
-1.822308417721663076e+00 1.696403574547902693e+00 -1.617060786690295071e+00 2.361874169943095403e+00 -2.829755978754224799e-01
-1.559523804774953781e+00 1.701415564658860902e+00 -1.574716495654045589e+00 2.398197491331974351e+00 -3.465939806251032707e-01
-1.646371863266148594e+00 1.690292847786203367e+00 -1.584200214197077239e+00 2.383991501797712687e+00 -3.207909266844470864e-01
-1.381289364322610069e+00 1.664647896966398477e+00 -1.520434199522947782e+00 2.412632453205026728e+00 -4.141142858046045205e-01
-1.542766114979447600e+00 1.728852971134603678e+00 -1.555975331640561343e+00 2.384461408504176205e+00 -3.659200581507633387e-01
-2.053103435288478273e+00 1.693699643014932477e+00 -1.622506983266697622e+00 2.337064947888714883e+00 -2.664608856215995303e-01
-1.422307882969965576e+00 1.734164823222453578e+00 -1.478636438859432856e+00 2.385799919555346538e+00 -4.451168796855498044e-01
-1.980105684148442791e+00 1.706451383106148967e+00 -1.604613217854088836e+00 2.346123052117802033e+00 -2.846502543230116089e-01
-1.599240812300161352e+00 1.599173525542820329e+00 -1.575274754961778712e+00 2.350453985382876976e+00 -3.230037454889416182e-01
-1.893453944281271006e+00 1.675896755824846096e+00 -1.598411816652210771e+00 2.339908544502776966e+00 -2.917957610359920295e-01
-1.581843043449110198e+00 1.643521035602509173e+00 -1.569358836077417108e+00 2.344310660685609893e+00 -3.313607685999109265e-01
-1.486516548631871437e+00 1.739848678966245288e+00 -1.521870663740532814e+00 2.386019580694366038e+00 -3.946170679710174767e-01
-1.446465073785293320e+00 1.645466466525160598e+00 -1.507907407716850612e+00 2.373852722293287254e+00 -3.977383150705495751e-01
-1.554471370397607188e+00 1.761865960850002466e+00 -1.532722534175950280e+00 2.371021336911621091e+00 -3.762316033906980550e-01
-1.459405998565441287e+00 1.683067481380579267e+00 -1.532282837768641492e+00 2.382239146097227867e+00 -3.821959676690251939e-01
-1.804650469957564951e+00 1.671365375719490842e+00 -1.597048823399586315e+00 2.362362653240257959e+00 -3.003686630822119952e-01
-1.677849357734132241e+00 1.715127479719358305e+00 -1.592993765075684021e+00 2.364793873779502231e+00 -3.100656623147113322e-01
-1.688059643535149590e+00 1.627417084993169283e+00 -1.601893826448286706e+00 2.366726348243203049e+00 -2.998782605995504724e-01
-1.597436739693725016e+00 1.675966492451944845e+00 -1.541834646152625554e+00 2.373740627649940205e+00 -3.565060599937233121e-01
-1.550363465592884182e+00 1.721147170068240584e+00 -1.558818596218050745e+00 2.374992716403534487e+00 -3.597710655879922115e-01
-1.641042604779382685e+00 1.653364358564990866e+00 -1.580028366038848553e+00 2.380754152845708127e+00 -3.269771661109412975e-01
-1.511932482772675002e+00 1.737190172882890238e+00 -1.547145655446808599e+00 2.387488005553273229e+00 -3.742367518990548092e-01
-1.889206481280766958e+00 1.685828446927574831e+00 -1.620444541379608250e+00 2.354719687418031615e+00 -2.752061184751983802e-01
-1.421626826654968312e+00 1.746030055932244807e+00 -1.490841681046971567e+00 2.402543564922236197e+00 -4.403774036192764640e-01
-1.814303635969265471e+00 1.719563853752566374e+00 -1.593419263253139206e+00 2.362389182433560997e+00 -2.986065242775897133e-01
-1.638662672458046643e+00 1.732941806961871833e+00 -1.554320220136838904e+00 2.376964975297810145e+00 -3.451006767349724669e-01
-1.962985052096234639e+00 1.686043104243964308e+00 -1.610937874356502153e+00 2.328216275500913479e+00 -2.763717411106387800e-01
-1.688641595087238656e+00 1.670584199709752582e+00 -1.565775883815133884e+00 2.338991851699307123e+00 -3.188524717889400506e-01
-1.729331448530478710e+00 1.667547136009442710e+00 -1.599117499470526838e+00 2.369144450632473031e+00 -2.989298945874825364e-01
-1.598166887081251986e+00 1.680232764708929238e+00 -1.570913597927604766e+00 2.378944392667869501e+00 -3.318832133318014854e-01
-1.499862116136622348e+00 1.732206212119537625e+00 -1.541966005612853241e+00 2.391141628241946648e+00 -3.850158342023384250e-01
-1.462733361415765820e+00 1.710584305365829394e+00 -1.499889604529906384e+00 2.376798538097878222e+00 -4.090645064528892760e-01
-1.583233559922581080e+00 1.688136025636342907e+00 -1.542659901259772370e+00 2.363301018670641795e+00 -3.622656204386913714e-01
-1.535199993538537200e+00 1.756205176723732109e+00 -1.531651672169825229e+00 2.382041245756352232e+00 -3.864920239320284168e-01
-2.002553311998082286e+00 1.735689281117110738e+00 -1.604968794153379008e+00 2.332198692463006928e+00 -2.794130472352804873e-01
-1.804454520390027739e+00 1.663914822016232975e+00 -1.595348437339004111e+00 2.357026391381486619e+00 -2.943771290085663850e-01
-1.618659686307205803e+00 1.717694233366895418e+00 -1.577667927963852801e+00 2.390971019453215884e+00 -3.351261874521185291e-01
-1.566976260399992604e+00 1.629871850882210538e+00 -1.557329234250619532e+00 2.350343280373603960e+00 -3.368755612031808511e-01
-1.760816554096405362e+00 1.687726318065909226e+00 -1.608925537040214682e+00 2.367614501409611716e+00 -2.920552047581068678e-01
-1.831057978964551580e+00 1.697594610348510002e+00 -1.575801941790129890e+00 2.334897737943322227e+00 -3.046741380694726331e-01
-1.384621007810148186e+00 1.683468184477076690e+00 -1.490197443523929577e+00 2.383754133814796727e+00 -4.372290878556288618e-01
-1.540649785555404883e+00 1.692163380879552648e+00 -1.554043727475758141e+00 2.394206469011946670e+00 -3.662799220788013344e-01
-1.642542226771961822e+00 1.690399019694160287e+00 -1.580775969966520700e+00 2.376203677448279539e+00 -3.207675624726693542e-01
-1.717582228048316395e+00 1.669799211585445420e+00 -1.559878190596857506e+00 2.339177855085031066e+00 -3.234306531181392330e-01
-1.579443521594944499e+00 1.658906386692834189e+00 -1.584247012093248808e+00 2.378045945078276269e+00 -3.244780934164204211e-01
-1.675492112300189795e+00 1.736802119343337836e+00 -1.567038668365707377e+00 2.372580791389084176e+00 -3.309835711802868730e-01
-1.848738707975250861e+00 1.709962627952833714e+00 -1.614954869831779050e+00 2.350120639175625303e+00 -2.838218554267761817e-01
-1.526696217385778098e+00 1.725060471706532539e+00 -1.550681404647095807e+00 2.376578054306598631e+00 -3.633687639742220199e-01
-1.469974743616385915e+00 1.696298675946263046e+00 -1.495801344607727401e+00 2.380384223117181008e+00 -4.118633452653579496e-01
-1.443632379643077002e+00 1.661980784529031752e+00 -1.542290313547252545e+00 2.414604930443637887e+00 -3.911383678696278565e-01
-1.536643618070757000e+00 1.645450423236002990e+00 -1.527511953169400583e+00 2.359029379138458893e+00 -3.693308577893734679e-01
-1.470012855532116802e+00 1.701125986607507912e+00 -1.496874929401168064e+00 2.371547466846153362e+00 -4.087736124909149282e-01
-1.379401772239779334e+00 1.661652387421945321e+00 -1.487080395960295842e+00 2.382048129869019704e+00 -4.361164549534208845e-01
-1.744332367633441017e+00 1.674211913905583771e+00 -1.593478302108948252e+00 2.340681023405700500e+00 -3.037699108049931596e-01
-1.601357104643584606e+00 1.718188146614066270e+00 -1.540936544021868304e+00 2.348154096106821687e+00 -3.516313210532509004e-01
-1.507431111016567904e+00 1.687711110275955662e+00 -1.538587029229005809e+00 2.386086663311361988e+00 -3.822559845804853751e-01
-1.507431111016567904e+00 1.687711110275955662e+00 -1.538587029229005809e+00 2.386086663311361988e+00 -3.822559845804853751e-01
-1.608459414646477903e+00 1.608277143297783596e+00 -1.568384450254842966e+00 2.353865534312873820e+00 -3.295617092477201027e-01
-1.943525592371997845e+00 1.721354633412994772e+00 -1.600354771428429412e+00 2.342191260944491482e+00 -2.840670377633074395e-01
-1.434799476975172183e+00 1.648476814491509401e+00 -1.533027052825760350e+00 2.412672940388155052e+00 -3.922167066336363916e-01
-1.772885254430155655e+00 1.756974164630587865e+00 -1.578168427502816495e+00 2.358882488872151129e+00 -3.154934460489027259e-01
-1.529352659104180390e+00 1.607455172550745104e+00 -1.561600738694091994e+00 2.376655896391357992e+00 -3.488486653691822426e-01
-1.469096298194450867e+00 1.717732017875206907e+00 -1.509954645867944478e+00 2.401323812460253393e+00 -4.078223532204106050e-01
-1.469096298194450867e+00 1.717732017875206907e+00 -1.509954645867944478e+00 2.401323812460253393e+00 -4.078223532204106050e-01
-1.685073051436488001e+00 1.695664665961009732e+00 -1.578056629386765941e+00 2.342501298860358627e+00 -3.209314460430636728e-01
-1.685073051436488001e+00 1.695664665961009732e+00 -1.578056629386765941e+00 2.342501298860358627e+00 -3.209314460430636728e-01
-1.750566205732060787e+00 1.753026355437558692e+00 -1.584355823780176475e+00 2.363653128574633389e+00 -3.161803425483959984e-01
-1.580618374279850968e+00 1.723067717553801614e+00 -1.540490159085126542e+00 2.379901023614157118e+00 -3.613588067958524164e-01
-1.725041738756560861e+00 1.730269351821814183e+00 -1.576109216747328956e+00 2.361897881958601619e+00 -3.248493958648346336e-01
-1.668475072489004063e+00 1.677485770664935316e+00 -1.567844859680036729e+00 2.361827731563253874e+00 -3.331957911359921809e-01
-1.771371901590852005e+00 1.757535229472210858e+00 -1.573658282824486054e+00 2.346782790746292147e+00 -3.159229764430122600e-01
-1.968991950156144810e+00 1.706289678745005034e+00 -1.615656232471612386e+00 2.334297426572887524e+00 -2.724466329963508571e-01
-1.442600530660907765e+00 1.697776174459127319e+00 -1.538914714147097129e+00 2.410803874009651793e+00 -3.922434721727725560e-01
-1.688856905528783869e+00 1.711667974650897150e+00 -1.577003906054943894e+00 2.340021871046728208e+00 -3.157489875068293372e-01
-1.688856905528783869e+00 1.711667974650897150e+00 -1.577003906054943894e+00 2.340021871046728208e+00 -3.157489875068293372e-01
-1.777177602057498973e+00 1.697257481307250515e+00 -1.572967463616666617e+00 2.350233355030185489e+00 -3.174776859920260819e-01
-1.535405264947570458e+00 1.603503315060663681e+00 -1.556044107006768762e+00 2.373694838267251139e+00 -3.476380778443424191e-01
-1.362205717163655905e+00 1.662666484932163513e+00 -1.512454792709052587e+00 2.404680134232181299e+00 -4.300770572807568470e-01
-1.432480736540481026e+00 1.645084730811930740e+00 -1.505826039816145601e+00 2.381858563770882675e+00 -4.109511172903665965e-01
-1.485853988798034209e+00 1.714464036493353660e+00 -1.533101092677586097e+00 2.391155445922196865e+00 -3.939948347271773343e-01
-1.581298213629763083e+00 1.625229344653895680e+00 -1.549716293918464327e+00 2.359436610949700697e+00 -3.442942977064848975e-01
-1.440280597343163826e+00 1.603402160331111048e+00 -1.546559650092396154e+00 2.394447259969815001e+00 -3.760719739603004541e-01
-1.384667734360149893e+00 1.656035499208554640e+00 -1.523810161543939223e+00 2.405976105623402805e+00 -4.171245971023989085e-01
-1.899450757772791931e+00 1.677923056476775088e+00 -1.608099813914744436e+00 2.330070645974993582e+00 -2.795986527970875102e-01
-1.899450757772791931e+00 1.677923056476775088e+00 -1.608099813914744436e+00 2.330070645974993582e+00 -2.795986527970875102e-01
-1.962587767091788393e+00 1.684034851660280552e+00 -1.616198472621835247e+00 2.341477668826771552e+00 -2.757800102308145540e-01
-1.514042929708251606e+00 1.620387975933393676e+00 -1.562582840381495863e+00 2.392788299828340293e+00 -3.515617626177807153e-01
-1.645889283844136131e+00 1.626929116632139127e+00 -1.593749371903284251e+00 2.360621382072844554e+00 -3.066670811918132955e-01
-1.393741720721449084e+00 1.670338147429324849e+00 -1.519178227141991577e+00 2.426841353076799379e+00 -4.220335788118525500e-01
-1.538539999198460961e+00 1.699531603586532214e+00 -1.556761772497494700e+00 2.388402470644326758e+00 -3.543903500313376753e-01
-1.723129404932890907e+00 1.644599151335226495e+00 -1.594462648558735429e+00 2.363594998494801480e+00 -3.009663241394164857e-01
-1.503682798886249117e+00 1.722431248695832195e+00 -1.541445561872959891e+00 2.397295474045133989e+00 -3.855261879230589273e-01
-1.689231693939065693e+00 1.736930023627966335e+00 -1.571259934955222537e+00 2.374439577996731554e+00 -3.284653454121606586e-01
-1.741654165734984439e+00 1.696666037064202825e+00 -1.577160999264254571e+00 2.347053582711188913e+00 -3.091349599284516358e-01
-1.501321723524938534e+00 1.625703989640758351e+00 -1.570080862890341100e+00 2.372275784124250553e+00 -3.461237701893722374e-01
-1.472203676704959108e+00 1.745379834011554721e+00 -1.496512125459026121e+00 2.395801993030046706e+00 -4.243677510115322349e-01
-1.708040165831567592e+00 1.699266665448643465e+00 -1.579048552945202299e+00 2.375190056877142464e+00 -3.194769860019945895e-01
-1.708040165831567592e+00 1.699266665448643465e+00 -1.579048552945202299e+00 2.375190056877142464e+00 -3.194769860019945895e-01
-1.601593703117250911e+00 1.645400574141312688e+00 -1.571590269150319186e+00 2.359991706480962126e+00 -3.348739325952099222e-01
-1.600026846974531125e+00 1.669381401895023487e+00 -1.560608920838312041e+00 2.353096335660806560e+00 -3.433637995964229361e-01
-1.600026846974531125e+00 1.669381401895023487e+00 -1.560608920838312041e+00 2.353096335660806560e+00 -3.433637995964229361e-01
-1.401823941558227204e+00 1.659823879605330177e+00 -1.510878714153512714e+00 2.416078089010140317e+00 -4.235185410514858972e-01
-1.401823941558227204e+00 1.659823879605330177e+00 -1.510878714153512714e+00 2.416078089010140317e+00 -4.235185410514858972e-01
-1.541330361354657619e+00 1.685258594944279764e+00 -1.573000826454437062e+00 2.394976824445142150e+00 -3.451020931963384442e-01
-1.541330361354657619e+00 1.685258594944279764e+00 -1.573000826454437062e+00 2.394976824445142150e+00 -3.451020931963384442e-01
-1.421265660382562857e+00 1.666210184462865840e+00 -1.517521032883403009e+00 2.394357999087535216e+00 -4.015174489563317906e-01
-1.501391209077798550e+00 1.694763153265965272e+00 -1.535689866047934782e+00 2.376129141995493299e+00 -3.718949555483170855e-01
-1.359268645976682066e+00 1.670509364031936173e+00 -1.481860295141683270e+00 2.396752937603690903e+00 -4.544137983571232553e-01
-1.587798297424415139e+00 1.690044616767430341e+00 -1.539517204965225705e+00 2.348456553296935034e+00 -3.516659707557323600e-01
-1.587798297424415139e+00 1.690044616767430341e+00 -1.539517204965225705e+00 2.348456553296935034e+00 -3.516659707557323600e-01
-1.506311294628235764e+00 1.667060025380703081e+00 -1.552015822727054184e+00 2.380029267124503356e+00 -3.570232819421246262e-01
-1.515176437054301495e+00 1.654706964130500779e+00 -1.527626591743029394e+00 2.380017255508233287e+00 -3.763666115890629271e-01
-1.656582001950926752e+00 1.691366895962072903e+00 -1.554228770164409745e+00 2.363219566780327519e+00 -3.432974213600097357e-01
-1.694098434660793018e+00 1.739900262454511903e+00 -1.577581256210604854e+00 2.366998077033368730e+00 -3.210315086375601368e-01
-1.695797994582505908e+00 1.740450340670371077e+00 -1.577716639983121727e+00 2.353275067562909495e+00 -3.239729901583121574e-01
-1.490600957065329801e+00 1.624943640461429695e+00 -1.568183127071971050e+00 2.395483394553227008e+00 -3.510511264664604170e-01
-1.508438302660156438e+00 1.608747065123223408e+00 -1.563873455815809610e+00 2.380812191138168110e+00 -3.509407081566795483e-01
-1.661906505792778432e+00 1.670012203195618383e+00 -1.562537302637617032e+00 2.347184564356399328e+00 -3.248112290326758966e-01
-1.661906505792778432e+00 1.670012203195618383e+00 -1.562537302637617032e+00 2.347184564356399328e+00 -3.248112290326758966e-01
-1.375863678600342865e+00 1.612983637126053083e+00 -1.511107158513859572e+00 2.394102973224290665e+00 -4.121047410512819198e-01
-1.674004150702536720e+00 1.670186631261190158e+00 -1.583996387764297964e+00 2.348501770797640997e+00 -3.093298665404411452e-01
-1.850852204217561692e+00 1.679639744011119262e+00 -1.611549548902500684e+00 2.359941731496264961e+00 -2.844555350656392534e-01
-1.850852204217561692e+00 1.679639744011119262e+00 -1.611549548902500684e+00 2.359941731496264961e+00 -2.844555350656392534e-01
-1.676515307541313504e+00 1.654387596624735224e+00 -1.573516681975211995e+00 2.367431172017796737e+00 -3.209880064262318200e-01
-1.616631409344853054e+00 1.639232218629242510e+00 -1.566040114647097692e+00 2.374496692037543877e+00 -3.350883417982579715e-01
-1.616631409344853054e+00 1.639232218629242510e+00 -1.566040114647097692e+00 2.374496692037543877e+00 -3.350883417982579715e-01
-1.489526646216003058e+00 1.638718065729069195e+00 -1.547307468410440867e+00 2.376364069753392094e+00 -3.703910575962137131e-01
-1.433617102611238536e+00 1.681289778937484769e+00 -1.536090500242943691e+00 2.386945605912369484e+00 -3.932666853273687479e-01
-1.687654823750912136e+00 1.673417212689969347e+00 -1.600134528287655789e+00 2.369192830904301328e+00 -3.029564022493520525e-01
-1.687654823750912136e+00 1.673417212689969347e+00 -1.600134528287655789e+00 2.369192830904301328e+00 -3.029564022493520525e-01
-1.727847845259280035e+00 1.706845862676551917e+00 -1.582708056594890556e+00 2.365408473502950581e+00 -3.112930932760153979e-01
-1.727847845259280035e+00 1.706845862676551917e+00 -1.582708056594890556e+00 2.365408473502950581e+00 -3.112930932760153979e-01
-1.830487807335807737e+00 1.687360730649231755e+00 -1.613945309398311601e+00 2.352463735403047984e+00 -2.819638853707342463e-01
-1.830487807335807737e+00 1.687360730649231755e+00 -1.613945309398311601e+00 2.352463735403047984e+00 -2.819638853707342463e-01
-1.555592134243763525e+00 1.679821821089239720e+00 -1.525647764341733437e+00 2.351081130590149115e+00 -3.683268798958092560e-01
-1.822632754087875284e+00 1.674341201720082495e+00 -1.600033731854650032e+00 2.331561023025765067e+00 -2.898131295684862607e-01
-1.869096152528363142e+00 1.687450444165110142e+00 -1.585029723729727280e+00 2.333651111710817183e+00 -2.982459835239108514e-01
-1.575658910076626285e+00 1.603333210634223960e+00 -1.568938491411299374e+00 2.365882908808945029e+00 -3.314142044304126955e-01
-1.887002943400140964e+00 1.721716266080338897e+00 -1.602430027398296986e+00 2.333402699037493200e+00 -2.874259668874685758e-01
-1.740665679702429358e+00 1.723714877827157821e+00 -1.592991730277224960e+00 2.372531496024754993e+00 -3.084827442925295315e-01
-1.399671782294318767e+00 1.611636552036276981e+00 -1.521547237406163156e+00 2.396037935947509911e+00 -3.989999487326940653e-01
-1.399671782294318767e+00 1.611636552036276981e+00 -1.521547237406163156e+00 2.396037935947509911e+00 -3.989999487326940653e-01
-1.762325414783806998e+00 1.745522987924248426e+00 -1.568047031720967821e+00 2.350805000015814716e+00 -3.210579752080384708e-01
-1.596842205666900938e+00 1.705164064105646915e+00 -1.573005319202724683e+00 2.358026855975479563e+00 -3.334910991203301478e-01
-1.899671048532804107e+00 1.683426165857444090e+00 -1.616130591834278540e+00 2.342130284141763052e+00 -2.775875877702986827e-01
-1.773583619691262214e+00 1.691065879281721251e+00 -1.597883239677867939e+00 2.364655279529893406e+00 -2.973406502637825355e-01
-1.519479960685348630e+00 1.685472150729800944e+00 -1.555400442117795601e+00 2.402017584031698849e+00 -3.620914155571828275e-01
-1.519479960685348630e+00 1.685472150729800944e+00 -1.555400442117795601e+00 2.402017584031698849e+00 -3.620914155571828275e-01
-1.842196464953118173e+00 1.719348902315475769e+00 -1.610960200408899645e+00 2.355954795114318490e+00 -2.873328001529635856e-01
-1.842196464953118173e+00 1.719348902315475769e+00 -1.610960200408899645e+00 2.355954795114318490e+00 -2.873328001529635856e-01
-1.366426822870751678e+00 1.669112416261381071e+00 -1.504796035953507971e+00 2.409637509294751734e+00 -4.307406623092830955e-01
-1.366426822870751678e+00 1.669112416261381071e+00 -1.504796035953507971e+00 2.409637509294751734e+00 -4.307406623092830955e-01
-1.430348460554679235e+00 1.729260126412624388e+00 -1.480399654494027661e+00 2.392379513246039036e+00 -4.441947517397615286e-01
-1.808260338703338022e+00 1.744073000681829910e+00 -1.582825306104342911e+00 2.339365955672943365e+00 -3.046386503346045771e-01
-1.350775324562229152e+00 1.660137575946944111e+00 -1.512001329761412105e+00 2.426692924050715572e+00 -4.367223679843856843e-01
-1.666393646887890156e+00 1.725810401967486030e+00 -1.586013867645223119e+00 2.368261870478502562e+00 -3.182969792073784276e-01
-1.512294393401686143e+00 1.624959675937729386e+00 -1.564827052142521380e+00 2.372967322036641402e+00 -3.506974270113598635e-01
-1.435456507677034921e+00 1.628643892899425794e+00 -1.553823572763790573e+00 2.400236992962703653e+00 -3.762135809575823941e-01
-1.743330437035779390e+00 1.672874413558373519e+00 -1.595020069134655216e+00 2.362840768206627917e+00 -2.996116014441447817e-01
-1.435533446835911775e+00 1.668695816764852680e+00 -1.532837538498864394e+00 2.390776078099497770e+00 -3.875000828803081276e-01
-1.581377121913003947e+00 1.605244190841350616e+00 -1.577249013614151707e+00 2.359773155935013023e+00 -3.242167490377028116e-01
-1.607602007538012856e+00 1.725109402833178152e+00 -1.560158654775875231e+00 2.364539203990589034e+00 -3.402690440435200969e-01
-1.718906853061367812e+00 1.755472586366373378e+00 -1.569520038213581881e+00 2.362456109040135477e+00 -3.279429084193843380e-01
-1.486509685758157673e+00 1.679960501533814821e+00 -1.555718626576297670e+00 2.406189926096411469e+00 -3.681891924313216435e-01
-1.694234343127552833e+00 1.650400877835069835e+00 -1.567449783662734353e+00 2.355437793590403839e+00 -3.241884708872273535e-01
-1.694234343127552833e+00 1.650400877835069835e+00 -1.567449783662734353e+00 2.355437793590403839e+00 -3.241884708872273535e-01
-1.851995995949908824e+00 1.722562094111596664e+00 -1.594015192175182838e+00 2.331272822033812364e+00 -2.934736385108998036e-01
-1.498349780067734116e+00 1.694131038514010257e+00 -1.514862958506383084e+00 2.358973431729959991e+00 -3.912450945895091792e-01
-1.498349780067734116e+00 1.694131038514010257e+00 -1.514862958506383084e+00 2.358973431729959991e+00 -3.912450945895091792e-01
-1.499367408182688877e+00 1.624436452502136419e+00 -1.558828985302958436e+00 2.364962051225414807e+00 -3.487522790332917566e-01
-1.773232404021005237e+00 1.671227923804741167e+00 -1.583129947610312005e+00 2.335590480889916609e+00 -3.011425949586037376e-01
-1.773232404021005237e+00 1.671227923804741167e+00 -1.583129947610312005e+00 2.335590480889916609e+00 -3.011425949586037376e-01
-1.807458249183204302e+00 1.722745123937187373e+00 -1.573389954383114464e+00 2.343307783027058111e+00 -3.112396870710014696e-01
-1.774029185865222402e+00 1.748725700765644930e+00 -1.579469011497594222e+00 2.348319909435403918e+00 -3.148201209339855922e-01
-1.411081164531543308e+00 1.621398787060000402e+00 -1.534529138150715122e+00 2.381706129558970542e+00 -3.901258102838340847e-01
-1.433109389755296448e+00 1.697582713814938415e+00 -1.522057449770984228e+00 2.412480809255856506e+00 -4.145610882179333601e-01
-1.713460728530900923e+00 1.683168207540335359e+00 -1.572149368339689879e+00 2.357298334406510154e+00 -3.169465222268623705e-01
-1.562328831164231602e+00 1.713784894913580104e+00 -1.569942613070568482e+00 2.377096582511766254e+00 -3.450553458389933326e-01
-1.490962020094372953e+00 1.654505087551065401e+00 -1.519275165002729189e+00 2.378953793813357365e+00 -3.857163618510242031e-01
-1.828662309522121276e+00 1.702612021917026652e+00 -1.598307100263285374e+00 2.333083852261968349e+00 -2.926351596958252088e-01
-1.828662309522121276e+00 1.702612021917026652e+00 -1.598307100263285374e+00 2.333083852261968349e+00 -2.926351596958252088e-01
-1.645034179752852488e+00 1.697231746305442712e+00 -1.588662012475819951e+00 2.359706651279984246e+00 -3.158003154863315842e-01
-1.531772998935617025e+00 1.611340669972456396e+00 -1.560258470527958519e+00 2.374695539319834126e+00 -3.437199209678265532e-01
-1.552521161217185863e+00 1.711248876624694049e+00 -1.554794171809848358e+00 2.381425397425986468e+00 -3.635368626096830980e-01
-1.552521161217185863e+00 1.711248876624694049e+00 -1.554794171809848358e+00 2.381425397425986468e+00 -3.635368626096830980e-01
-1.361327241776592700e+00 1.693206014135938631e+00 -1.497914307534831568e+00 2.414895194962468405e+00 -4.463460525450297922e-01
-1.523365867781623528e+00 1.665589471453747805e+00 -1.533167736182697194e+00 2.385140516990672754e+00 -3.766301660050714872e-01
-1.548258965915644936e+00 1.664792880875600289e+00 -1.538642274495610085e+00 2.374406820987562838e+00 -3.683583476291030223e-01
-1.852423709029999088e+00 1.694119816959382518e+00 -1.601342890343562919e+00 2.351937297145901606e+00 -2.940712085578738311e-01
-1.810839896066147148e+00 1.677950233698402016e+00 -1.606212913070515391e+00 2.360303453655149486e+00 -2.889107057928743671e-01
-1.843633679424600658e+00 1.659944320402779283e+00 -1.599827686053903353e+00 2.333267779377476536e+00 -2.873983423975747797e-01
-1.804586827052393261e+00 1.726540796330365168e+00 -1.575987200259509002e+00 2.342002974764133327e+00 -3.127323080997079785e-01
-1.804586827052393261e+00 1.726540796330365168e+00 -1.575987200259509002e+00 2.342002974764133327e+00 -3.127323080997079785e-01
-1.920844263830554510e+00 1.730810092629369024e+00 -1.595616959949029745e+00 2.335217584446366956e+00 -2.896399655819834607e-01
-1.690667307051697321e+00 1.713495978906390604e+00 -1.583276354432237243e+00 2.348179506914732873e+00 -3.125963791864059260e-01
-1.381329737273424563e+00 1.651489970116102768e+00 -1.525389514909231359e+00 2.415321144867561554e+00 -4.168848357065115806e-01
-1.381329737273424563e+00 1.651489970116102768e+00 -1.525389514909231359e+00 2.415321144867561554e+00 -4.168848357065115806e-01
-1.581699648929603796e+00 1.668603281255265358e+00 -1.578062776550044566e+00 2.358362943948157042e+00 -3.285611873814389128e-01
-1.581699648929603796e+00 1.668603281255265358e+00 -1.578062776550044566e+00 2.358362943948157042e+00 -3.285611873814389128e-01
-1.443023139486856010e+00 1.659495297091069688e+00 -1.519818817527661903e+00 2.386618562680255629e+00 -4.038288867648738290e-01
-1.443023139486856010e+00 1.659495297091069688e+00 -1.519818817527661903e+00 2.386618562680255629e+00 -4.038288867648738290e-01
-1.759779967247323995e+00 1.711191571802146427e+00 -1.585856889848130447e+00 2.352326598760064336e+00 -3.040746132708456173e-01
-1.452429218896045704e+00 1.629483479070561458e+00 -1.544391831498870715e+00 2.384890008864286148e+00 -3.697388848141720530e-01
-1.452429218896045704e+00 1.629483479070561458e+00 -1.544391831498870715e+00 2.384890008864286148e+00 -3.697388848141720530e-01
-1.730553733980725539e+00 1.696331247991306412e+00 -1.575726929938358056e+00 2.353155071577822000e+00 -3.211347985273089733e-01
-1.638685933106755144e+00 1.687414251880445804e+00 -1.571690091901337238e+00 2.351329032671316988e+00 -3.227955509991140559e-01
-1.638685933106755144e+00 1.687414251880445804e+00 -1.571690091901337238e+00 2.351329032671316988e+00 -3.227955509991140559e-01
-1.410463851922843403e+00 1.650378824652737109e+00 -1.535818480659024710e+00 2.398882074205717529e+00 -3.912608609688827954e-01
-1.410463851922843403e+00 1.650378824652737109e+00 -1.535818480659024710e+00 2.398882074205717529e+00 -3.912608609688827954e-01
-1.452710017946754917e+00 1.673473015892653848e+00 -1.552942515693144232e+00 2.396104904654589252e+00 -3.756818787763922529e-01
-1.452710017946754917e+00 1.673473015892653848e+00 -1.552942515693144232e+00 2.396104904654589252e+00 -3.756818787763922529e-01
-1.659978944596243622e+00 1.706458727173707501e+00 -1.572352472810725210e+00 2.349696337596733464e+00 -3.216101814275873494e-01
-1.914875522583878720e+00 1.730611539659408393e+00 -1.593792565396416672e+00 2.339321181005250327e+00 -2.917999028555833263e-01
-1.882043374056923568e+00 1.687578068453522206e+00 -1.592371128078929221e+00 2.331480217714072989e+00 -2.904953106018623998e-01
-1.704005990808930449e+00 1.654071435927647826e+00 -1.590335291092767944e+00 2.348812830833469700e+00 -3.091741731993540299e-01
-1.511534279714549456e+00 1.691444367781830493e+00 -1.558297610262706634e+00 2.402436165528521350e+00 -3.626693361681176953e-01
-1.511534279714549456e+00 1.691444367781830493e+00 -1.558297610262706634e+00 2.402436165528521350e+00 -3.626693361681176953e-01
-1.898984252102000170e+00 1.734687458613654698e+00 -1.597072021952088416e+00 2.345939407455591486e+00 -2.930876834702687006e-01
-1.608465453855567162e+00 1.688529696996193152e+00 -1.540202901275262048e+00 2.357008963776904054e+00 -3.568979001617336166e-01
-1.706663849713297765e+00 1.705755886193971449e+00 -1.560634978219918922e+00 2.355615811752829636e+00 -3.279381122707896168e-01
-1.706663849713297765e+00 1.705755886193971449e+00 -1.560634978219918922e+00 2.355615811752829636e+00 -3.279381122707896168e-01
-1.451206184479364225e+00 1.740801896649692537e+00 -1.514237790772490211e+00 2.400313806309543718e+00 -4.169790712670060628e-01
-1.440480599805740169e+00 1.668929586677247556e+00 -1.547294305815989146e+00 2.409459076041205794e+00 -3.872860740993147033e-01
-1.440480599805740169e+00 1.668929586677247556e+00 -1.547294305815989146e+00 2.409459076041205794e+00 -3.872860740993147033e-01
-1.761851901707218282e+00 1.695294237229294509e+00 -1.593252170604409379e+00 2.341934923685730308e+00 -3.033841951747255905e-01
-1.770252055957113768e+00 1.696809586550465099e+00 -1.605794216920875650e+00 2.365467783324703976e+00 -2.946224544641484755e-01
-1.482984074786856787e+00 1.665540872003802519e+00 -1.542275326485039733e+00 2.384243883077981074e+00 -3.688870917062629928e-01
-1.482984074786856787e+00 1.665540872003802519e+00 -1.542275326485039733e+00 2.384243883077981074e+00 -3.688870917062629928e-01
-1.537515909275475323e+00 1.624409824646440015e+00 -1.547051152839421517e+00 2.360379143598023255e+00 -3.503039508328402718e-01
-1.537515909275475323e+00 1.624409824646440015e+00 -1.547051152839421517e+00 2.360379143598023255e+00 -3.503039508328402718e-01
-1.578962605415610732e+00 1.632708832565544554e+00 -1.559237435690783657e+00 2.369140163922117015e+00 -3.387363783639614212e-01
-1.578962605415610732e+00 1.632708832565544554e+00 -1.559237435690783657e+00 2.369140163922117015e+00 -3.387363783639614212e-01
-1.600526902675664331e+00 1.679010849576453523e+00 -1.572245017403078648e+00 2.387842055186518486e+00 -3.355226947549496685e-01
-1.720468957451759096e+00 1.628178555497454383e+00 -1.593248163190533084e+00 2.352124719171400979e+00 -3.005225215615627832e-01
-1.720468957451759096e+00 1.628178555497454383e+00 -1.593248163190533084e+00 2.352124719171400979e+00 -3.005225215615627832e-01
-1.657984570526984669e+00 1.687703343363189390e+00 -1.573995035857775004e+00 2.340353950721788756e+00 -3.226583496280959196e-01
-1.714268739381430429e+00 1.706389246127898218e+00 -1.586199069528128724e+00 2.347332361983698323e+00 -3.137457992188288358e-01
-1.495611853216013643e+00 1.684460083599825353e+00 -1.525007123053235381e+00 2.369060827520342194e+00 -3.886777207099392228e-01
-1.547786481001207193e+00 1.635793046819344454e+00 -1.578814237712699020e+00 2.385874931711188474e+00 -3.343391896943153085e-01
-1.890637629529678954e+00 1.673955595899439430e+00 -1.595846341232731280e+00 2.338327727266459988e+00 -2.888760810176851379e-01
-1.890637629529678954e+00 1.673955595899439430e+00 -1.595846341232731280e+00 2.338327727266459988e+00 -2.888760810176851379e-01
-1.696209679256215352e+00 1.628182046092067736e+00 -1.585222009503552298e+00 2.348888604691348636e+00 -3.065056175171925190e-01
-1.696209679256215352e+00 1.628182046092067736e+00 -1.585222009503552298e+00 2.348888604691348636e+00 -3.065056175171925190e-01
-1.470374966352757440e+00 1.735413892947494929e+00 -1.516034369463173270e+00 2.404764302636818396e+00 -4.126013366315639530e-01
-1.584581265287763330e+00 1.738734025691449858e+00 -1.533696834691639088e+00 2.358198024278708615e+00 -3.647616169468399505e-01
-1.584581265287763330e+00 1.738734025691449858e+00 -1.533696834691639088e+00 2.358198024278708615e+00 -3.647616169468399505e-01
-1.547014036505460766e+00 1.699029011162796365e+00 -1.520249266977750091e+00 2.368974509712443055e+00 -3.809973384559661724e-01
-1.719664562031500310e+00 1.669250655823589113e+00 -1.602130148268901433e+00 2.354184492843532706e+00 -2.966225552020507195e-01
-1.583579749746771625e+00 1.749182241695340423e+00 -1.540432699494386437e+00 2.362241280862326764e+00 -3.640826141555599804e-01
-1.433403655433078683e+00 1.659366086411013796e+00 -1.536861808689909736e+00 2.409435805692028865e+00 -3.964889770042425710e-01
-1.433403655433078683e+00 1.659366086411013796e+00 -1.536861808689909736e+00 2.409435805692028865e+00 -3.964889770042425710e-01
-1.495661881039357155e+00 1.638820339825340255e+00 -1.526064710160126570e+00 2.374754368612131739e+00 -3.797566320816621044e-01
-1.574286207644220781e+00 1.672219677467765564e+00 -1.575555174050794704e+00 2.387962594627647483e+00 -3.352802560375653940e-01
-1.574286207644220781e+00 1.672219677467765564e+00 -1.575555174050794704e+00 2.387962594627647483e+00 -3.352802560375653940e-01
-1.621609543333458525e+00 1.671860368084770343e+00 -1.547576426638404001e+00 2.354471212759069232e+00 -3.482590567972465578e-01
-1.621609543333458525e+00 1.671860368084770343e+00 -1.547576426638404001e+00 2.354471212759069232e+00 -3.482590567972465578e-01
-1.558969801037215497e+00 1.731104080612391627e+00 -1.553338310914939679e+00 2.392062849173367756e+00 -3.609443740546183221e-01
-1.705040617171363238e+00 1.662238607422194647e+00 -1.595640551558459519e+00 2.344833152874403748e+00 -3.016457121997682123e-01
-1.705040617171363238e+00 1.662238607422194647e+00 -1.595640551558459519e+00 2.344833152874403748e+00 -3.016457121997682123e-01
-1.438109368518101228e+00 1.629152265397459942e+00 -1.536608493416933285e+00 2.403162061494116042e+00 -3.848103844622503544e-01
-1.938019026763520891e+00 1.683447308081397864e+00 -1.607135481655641795e+00 2.343295603867278309e+00 -2.808721680982664282e-01
-1.538737794528302061e+00 1.686022561850693435e+00 -1.559345528851955542e+00 2.388338541005519566e+00 -3.516049722307599268e-01
-1.514306218683170613e+00 1.686007805210486765e+00 -1.531954546472189538e+00 2.372801276853256258e+00 -3.710211505501828100e-01
-1.643988363292249844e+00 1.641060850718744746e+00 -1.562228363091667127e+00 2.351387829477417757e+00 -3.276607110293081604e-01
-1.532740683539799420e+00 1.649283536098435476e+00 -1.531456404493110046e+00 2.355267966348543851e+00 -3.647028445604689750e-01
-1.534431289383794805e+00 1.749478499272891341e+00 -1.520120394598857061e+00 2.375090247606908456e+00 -3.880662282783333694e-01
-1.484170682676648312e+00 1.708252098259199769e+00 -1.523436025678860606e+00 2.405266895554126982e+00 -3.982770822028740554e-01
-1.541757150650560959e+00 1.655022579992557752e+00 -1.570447575034120691e+00 2.393367108809103083e+00 -3.437795788289363941e-01
-1.541757150650560959e+00 1.655022579992557752e+00 -1.570447575034120691e+00 2.393367108809103083e+00 -3.437795788289363941e-01
-1.480174160476511069e+00 1.656909335560712293e+00 -1.564956207218748618e+00 2.393301606175747054e+00 -3.589573797110716669e-01
-1.480174160476511069e+00 1.656909335560712293e+00 -1.564956207218748618e+00 2.393301606175747054e+00 -3.589573797110716669e-01
-1.606076142895163095e+00 1.750304108168895922e+00 -1.544931787103972720e+00 2.373988769549464362e+00 -3.583969653317886639e-01
-1.633218437239540854e+00 1.696523560283051069e+00 -1.565016508962854713e+00 2.380056518704114055e+00 -3.412582632470968491e-01
-1.633218437239540854e+00 1.696523560283051069e+00 -1.565016508962854713e+00 2.380056518704114055e+00 -3.412582632470968491e-01
-1.562257627377803715e+00 1.657813858412540142e+00 -1.555053055525424721e+00 2.351684657184395011e+00 -3.421531187023507670e-01
-1.844463972012849950e+00 1.698665124760257328e+00 -1.592225239318560970e+00 2.343657635410567597e+00 -2.993327411657027426e-01
-1.782063306885912191e+00 1.685256387847779536e+00 -1.598821747120081405e+00 2.337850669488392263e+00 -2.927498431229231812e-01
-1.899884115361601289e+00 1.712209435500092525e+00 -1.607974679890864067e+00 2.337168279584974417e+00 -2.825301573094414209e-01
-1.899884115361601289e+00 1.712209435500092525e+00 -1.607974679890864067e+00 2.337168279584974417e+00 -2.825301573094414209e-01
-1.541567337849519603e+00 1.624571097678977338e+00 -1.570281468043376094e+00 2.361395316025505675e+00 -3.349425107959120851e-01
-1.374218673852434236e+00 1.664205216941198273e+00 -1.498413186618425819e+00 2.405610174808987978e+00 -4.312998335043776166e-01
-1.663356227672213805e+00 1.683127121730825237e+00 -1.576997008413661305e+00 2.366952077136688981e+00 -3.193101728383194171e-01
-1.450078418010765091e+00 1.699398598989549924e+00 -1.505599817103018490e+00 2.374295842516166211e+00 -4.131817498599801297e-01
-1.871026303345136199e+00 1.685398098175848958e+00 -1.597408074634777631e+00 2.332414185015425190e+00 -2.875394761048895020e-01
-1.871026303345136199e+00 1.685398098175848958e+00 -1.597408074634777631e+00 2.332414185015425190e+00 -2.875394761048895020e-01
-1.411533342416056769e+00 1.626541011121883429e+00 -1.535533621589816988e+00 2.400766695943916229e+00 -3.884957926370145032e-01
-1.696035748538699650e+00 1.656909130095156613e+00 -1.581921122440529848e+00 2.345921384660746956e+00 -3.081663036367956465e-01
-1.490020432249400173e+00 1.667405742982072780e+00 -1.512536982455017442e+00 2.363291892503271097e+00 -3.900084119106068670e-01
-1.490020432249400173e+00 1.667405742982072780e+00 -1.512536982455017442e+00 2.363291892503271097e+00 -3.900084119106068670e-01
-1.825657459312230557e+00 1.689565278123655645e+00 -1.589877302114699686e+00 2.353607318266277559e+00 -3.021649067195326666e-01
-1.390046750964144096e+00 1.626558264702488543e+00 -1.506487950657776187e+00 2.391554604618031377e+00 -4.139576066316426051e-01
-1.667575313262539716e+00 1.728786776875031350e+00 -1.568983397624070353e+00 2.367589594976839962e+00 -3.287152285827055209e-01
-1.600181840022580460e+00 1.670702401440383511e+00 -1.563777364456400587e+00 2.346209114279780739e+00 -3.370390901859146027e-01
-1.600181840022580460e+00 1.670702401440383511e+00 -1.563777364456400587e+00 2.346209114279780739e+00 -3.370390901859146027e-01
-1.768180578573955941e+00 1.742928758554842972e+00 -1.577958872351846287e+00 2.342321333670916772e+00 -3.124469938945964032e-01
-1.768180578573955941e+00 1.742928758554842972e+00 -1.577958872351846287e+00 2.342321333670916772e+00 -3.124469938945964032e-01
-1.797249515923767582e+00 1.670970194731648206e+00 -1.610017218868232680e+00 2.351825949988687103e+00 -2.871813077326539343e-01
-1.789148298848264318e+00 1.699216398777853243e+00 -1.597512521105016958e+00 2.338397002236787259e+00 -2.964734739742418412e-01
-1.663556869448671094e+00 1.708554741389093579e+00 -1.553355084634337357e+00 2.365410575923073466e+00 -3.413268195604004518e-01
-1.663556869448671094e+00 1.708554741389093579e+00 -1.553355084634337357e+00 2.365410575923073466e+00 -3.413268195604004518e-01
-1.654211989418137740e+00 1.698108661630403304e+00 -1.550744348506725823e+00 2.360760810287339417e+00 -3.448239743044219097e-01
-1.654211989418137740e+00 1.698108661630403304e+00 -1.550744348506725823e+00 2.360760810287339417e+00 -3.448239743044219097e-01
-1.558280769175711455e+00 1.675292451980643804e+00 -1.547988806531239048e+00 2.348773508950765976e+00 -3.539022495019104042e-01
-1.463557992731594481e+00 1.726596132918205129e+00 -1.524234336617730001e+00 2.410728479241518230e+00 -4.060981993012759972e-01
-1.486114375468279292e+00 1.724509777020251988e+00 -1.499398167453083630e+00 2.375721997000109997e+00 -4.103255119629025671e-01
-1.682182488934169662e+00 1.705060705666788579e+00 -1.562746057191908289e+00 2.341978117600295839e+00 -3.312840235455496440e-01
-1.399435424625147917e+00 1.657945625568636672e+00 -1.524114291520809017e+00 2.398438924493611957e+00 -4.115570682129803259e-01
-1.419412845366822218e+00 1.687918084306282651e+00 -1.522787054344039603e+00 2.421013804983744411e+00 -4.134813397899943510e-01
-1.426862559468484726e+00 1.684639412216837329e+00 -1.489739788213632066e+00 2.380397753232253777e+00 -4.276202468806040713e-01
-1.740998371329123273e+00 1.698959645250791795e+00 -1.576969920338836317e+00 2.335994264713316948e+00 -3.142141859201537102e-01
-1.420239232252153982e+00 1.707701717366582272e+00 -1.515048224040636660e+00 2.417812825849561698e+00 -4.239543667015315265e-01
-1.420239232252153982e+00 1.707701717366582272e+00 -1.515048224040636660e+00 2.417812825849561698e+00 -4.239543667015315265e-01
-1.391283191361592841e+00 1.677711310842235903e+00 -1.510978409858286353e+00 2.421782134680755760e+00 -4.255305674364464608e-01
-1.448887289669082534e+00 1.628211556971979945e+00 -1.527926276387824522e+00 2.393518245438735814e+00 -3.880268766829324534e-01
-1.448887289669082534e+00 1.628211556971979945e+00 -1.527926276387824522e+00 2.393518245438735814e+00 -3.880268766829324534e-01
-1.382745388572192979e+00 1.698114246794194315e+00 -1.508525144681560404e+00 2.423502671219330828e+00 -4.366323722648353112e-01
-1.382745388572192979e+00 1.698114246794194315e+00 -1.508525144681560404e+00 2.423502671219330828e+00 -4.366323722648353112e-01
-1.547059158396750789e+00 1.716240309765570515e+00 -1.560280719633602819e+00 2.379073436536852437e+00 -3.530270107718500583e-01
-1.458145455034669524e+00 1.735839171966510719e+00 -1.513796371571944244e+00 2.390934965394904133e+00 -4.135058297434923702e-01
-1.609439681742287576e+00 1.730956455398438010e+00 -1.557494714775635725e+00 2.370229262792772573e+00 -3.441684434848646390e-01
-1.609439681742287576e+00 1.730956455398438010e+00 -1.557494714775635725e+00 2.370229262792772573e+00 -3.441684434848646390e-01
-1.430253233158651938e+00 1.706008965742420003e+00 -1.489430573826739046e+00 2.395917373088576330e+00 -4.302138651164693073e-01
-1.518215084386062230e+00 1.681207745286254607e+00 -1.557359798079407387e+00 2.367790675230361241e+00 -3.540593077025775415e-01
-1.589788402056383276e+00 1.674293034667810431e+00 -1.543660052069712130e+00 2.371083373627806967e+00 -3.572396676542659577e-01
-1.902659808986230772e+00 1.708998551918110564e+00 -1.598124527381474813e+00 2.345711533418555206e+00 -2.914342077284697297e-01
-1.500652668994170824e+00 1.634311172958240022e+00 -1.570101766586940339e+00 2.385276428623646527e+00 -3.467789677142647520e-01
-1.537739187646920413e+00 1.643069531165949115e+00 -1.578325037015258170e+00 2.383004039191138013e+00 -3.383771621369717764e-01
-1.537739187646920413e+00 1.643069531165949115e+00 -1.578325037015258170e+00 2.383004039191138013e+00 -3.383771621369717764e-01
-1.624546813877416618e+00 1.683526482065843766e+00 -1.586224146603041119e+00 2.383357953450523148e+00 -3.242972478812617965e-01
-1.685760237654534421e+00 1.695392820720712734e+00 -1.562485324269126119e+00 2.364163434568753441e+00 -3.305387976700142616e-01
-1.834065203098475649e+00 1.678703046844628233e+00 -1.589276241682800350e+00 2.349399662526393762e+00 -2.995117003869616212e-01
-1.628196533324148376e+00 1.732408802346821375e+00 -1.574158198614873161e+00 2.370397634355239536e+00 -3.328705470493993346e-01
-1.677022616062536997e+00 1.744042336072757493e+00 -1.570692934912159000e+00 2.357376855014300610e+00 -3.309985010801277383e-01
-1.544336849505905107e+00 1.632257060388369041e+00 -1.567204462829105749e+00 2.373012955985579708e+00 -3.376060123106601196e-01
-1.830353552900085390e+00 1.686579450037552164e+00 -1.598897468504358210e+00 2.333827314927630958e+00 -2.907632740747185807e-01
-1.495994947912024031e+00 1.652554626730395881e+00 -1.544065935906145270e+00 2.359272231465701974e+00 -3.627236555668975626e-01
-1.402402512435486415e+00 1.681329521530967597e+00 -1.489095333450016767e+00 2.402353261880585844e+00 -4.400072367251564032e-01
-1.419765454928631598e+00 1.664201696893867322e+00 -1.524498838517773791e+00 2.382314269004395246e+00 -4.023594515265376259e-01
-1.499757716050261536e+00 1.650950718011952034e+00 -1.568350201571826474e+00 2.383488416073371141e+00 -3.525730271782059333e-01
-1.499757716050261536e+00 1.650950718011952034e+00 -1.568350201571826474e+00 2.383488416073371141e+00 -3.525730271782059333e-01
-1.594106658751265115e+00 1.709556960377632606e+00 -1.547943430044899316e+00 2.382920493958859520e+00 -3.566283387004620664e-01
-1.479228811534125221e+00 1.666602227983169371e+00 -1.541435487220211398e+00 2.405199356404753352e+00 -3.790685539394882397e-01
-1.479228811534125221e+00 1.666602227983169371e+00 -1.541435487220211398e+00 2.405199356404753352e+00 -3.790685539394882397e-01
-1.456045353543676590e+00 1.648472537505616842e+00 -1.535379746084301056e+00 2.367498127331095770e+00 -3.774010360354953519e-01
-1.638853039728621397e+00 1.732061535550041498e+00 -1.574323199512799309e+00 2.362701184359065287e+00 -3.316892406509381885e-01
-1.653252435496845862e+00 1.748693729888602277e+00 -1.563192294825691997e+00 2.367681789997534203e+00 -3.380008325272552128e-01
-1.441833985820752062e+00 1.708133369024382731e+00 -1.511199818231211633e+00 2.378970801627312781e+00 -4.112177209774667830e-01
-1.651300039130033426e+00 1.727082785568130774e+00 -1.579314710250702580e+00 2.368090808985088724e+00 -3.248498754350546136e-01
-1.719255905169635668e+00 1.694709591912390678e+00 -1.573328012142636956e+00 2.344294663098925646e+00 -3.139192012019247358e-01
-1.790314232931450533e+00 1.687145075770164482e+00 -1.606851509433883551e+00 2.358587067542906368e+00 -2.905064377112402951e-01
-1.456748124469696037e+00 1.642098900352696234e+00 -1.528444758114450464e+00 2.379339726162642776e+00 -3.898978117049960446e-01
-1.805364257689993757e+00 1.704700129309014045e+00 -1.600124510374700160e+00 2.339383318089175212e+00 -2.929171644772985417e-01
-1.612646135501428546e+00 1.729128864943083599e+00 -1.560877953651514938e+00 2.355619308133060752e+00 -3.415659303136173719e-01
-1.420921496491632574e+00 1.616114381464441863e+00 -1.540015492800904440e+00 2.400845384580503783e+00 -3.864655320998124921e-01
-1.660875311023312761e+00 1.745153723538283685e+00 -1.559366942432994563e+00 2.362461364041013478e+00 -3.422917813155095246e-01
-1.509552301873775981e+00 1.614801396257785626e+00 -1.548553208834942740e+00 2.361403959604666092e+00 -3.566848888634339687e-01
-1.509552301873775981e+00 1.614801396257785626e+00 -1.548553208834942740e+00 2.361403959604666092e+00 -3.566848888634339687e-01
-1.408651159302913847e+00 1.691159166108759493e+00 -1.487667656205635236e+00 2.382640908522227985e+00 -4.342782453478051252e-01
-1.408651159302913847e+00 1.691159166108759493e+00 -1.487667656205635236e+00 2.382640908522227985e+00 -4.342782453478051252e-01
-1.582231936088279944e+00 1.692114212005279228e+00 -1.575572574303456763e+00 2.366437504179327078e+00 -3.359765929761220349e-01
-1.527041641730533250e+00 1.663463648835460162e+00 -1.546798670510872498e+00 2.372797159451272453e+00 -3.561124588973907379e-01
-1.698018647326156483e+00 1.684131174083862703e+00 -1.599478342933637443e+00 2.367194424215051107e+00 -3.055705468035405659e-01
-1.405669270170899487e+00 1.624654342215530178e+00 -1.533085649736468659e+00 2.387278442833951964e+00 -3.938115136859270393e-01
-1.683764417983757866e+00 1.654490110718052520e+00 -1.591103604803492999e+00 2.370031514657649385e+00 -3.092444959910363167e-01
-1.451062084235100968e+00 1.619734386215599287e+00 -1.554043735039025265e+00 2.394441532426240471e+00 -3.667425652112772383e-01
-1.451062084235100968e+00 1.619734386215599287e+00 -1.554043735039025265e+00 2.394441532426240471e+00 -3.667425652112772383e-01
-1.826724930034569816e+00 1.669967822777918443e+00 -1.606170075201734715e+00 2.351991945610059531e+00 -2.895649325148905717e-01
-1.606800189210968455e+00 1.672076142639145502e+00 -1.566609793589282651e+00 2.383176186162058396e+00 -3.380727337369116015e-01
-1.606800189210968455e+00 1.672076142639145502e+00 -1.566609793589282651e+00 2.383176186162058396e+00 -3.380727337369116015e-01
-1.398706878347242721e+00 1.690468778516070358e+00 -1.503089058992412852e+00 2.408451953978532512e+00 -4.354915631206530691e-01
-1.538498828775995975e+00 1.607677468467008097e+00 -1.561819195683124439e+00 2.369844087875884409e+00 -3.439018501678141604e-01
-1.616183599420418560e+00 1.655430175781054558e+00 -1.563616351265431526e+00 2.343406821216706959e+00 -3.295192162012945403e-01
-1.455604406543393736e+00 1.709171685863566381e+00 -1.527283926483890442e+00 2.399490171936121463e+00 -3.962205485583449871e-01
-1.455604406543393736e+00 1.709171685863566381e+00 -1.527283926483890442e+00 2.399490171936121463e+00 -3.962205485583449871e-01
-1.818980528289185550e+00 1.723381383687945245e+00 -1.583116565457413971e+00 2.349380663152412563e+00 -3.049129737764140202e-01
-1.818980528289185550e+00 1.723381383687945245e+00 -1.583116565457413971e+00 2.349380663152412563e+00 -3.049129737764140202e-01
-1.671368280668398043e+00 1.655414261969543332e+00 -1.592426055491665160e+00 2.365171963443160497e+00 -3.075903763920724288e-01
-1.636091523367658063e+00 1.707319119725625001e+00 -1.564279936887250422e+00 2.367758818085076822e+00 -3.331026687497136152e-01
-1.850817126038001526e+00 1.710820251126714098e+00 -1.593144467810906795e+00 2.333640924520041349e+00 -2.943956051629932347e-01
-1.435216557705724760e+00 1.637312072198355395e+00 -1.551503160173762552e+00 2.395015207483417008e+00 -3.744225537621996835e-01
-1.435216557705724760e+00 1.637312072198355395e+00 -1.551503160173762552e+00 2.395015207483417008e+00 -3.744225537621996835e-01
-1.637633904609946178e+00 1.741806059074557211e+00 -1.557343654052953497e+00 2.373643881308550529e+00 -3.447891328706074177e-01
-1.637633904609946178e+00 1.741806059074557211e+00 -1.557343654052953497e+00 2.373643881308550529e+00 -3.447891328706074177e-01
-1.549971573838218930e+00 1.636307801231847492e+00 -1.560341543062547132e+00 2.362879707077168767e+00 -3.399722401744078581e-01
-1.549971573838218930e+00 1.636307801231847492e+00 -1.560341543062547132e+00 2.362879707077168767e+00 -3.399722401744078581e-01
-1.753568476949603827e+00 1.736958616217664897e+00 -1.572403371102385261e+00 2.348614661559171868e+00 -3.202917418375843539e-01
-1.523083126019838751e+00 1.682561467015766254e+00 -1.543764690726646016e+00 2.368652629320416203e+00 -3.603595571193078939e-01
-1.534946641892861230e+00 1.687714016363713654e+00 -1.558369407133592510e+00 2.364637103597104772e+00 -3.510679809946175567e-01
-1.687636124476062705e+00 1.723537355198146770e+00 -1.565237819121454210e+00 2.345265258675871323e+00 -3.256322680781007506e-01
-1.692210756169679087e+00 1.692165199195192926e+00 -1.588204727593226728e+00 2.375750074427610326e+00 -3.162356550615399442e-01
-1.692210756169679087e+00 1.692165199195192926e+00 -1.588204727593226728e+00 2.375750074427610326e+00 -3.162356550615399442e-01
-1.608166746192576824e+00 1.690735468084238136e+00 -1.584208281966571707e+00 2.371627895389459617e+00 -3.272618399362823283e-01
-1.385990317369921954e+00 1.715288531980561970e+00 -1.495617248567135515e+00 2.418073247956897820e+00 -4.468495334346265224e-01
-1.556198728060986802e+00 1.659736729507157449e+00 -1.546323041774196216e+00 2.374277867651727991e+00 -3.610712277688357119e-01
-1.556198728060986802e+00 1.659736729507157449e+00 -1.546323041774196216e+00 2.374277867651727991e+00 -3.610712277688357119e-01
-1.605931586117312904e+00 1.615688618553697609e+00 -1.576768649414548751e+00 2.358667935568923291e+00 -3.239436109138402742e-01
-1.605931586117312904e+00 1.615688618553697609e+00 -1.576768649414548751e+00 2.358667935568923291e+00 -3.239436109138402742e-01
-1.408456090179925013e+00 1.716893394634942283e+00 -1.479836637854486936e+00 2.394252637416064644e+00 -4.464987999918044181e-01
-1.377280913117794547e+00 1.687079432273856483e+00 -1.481455973092345779e+00 2.404437632116852797e+00 -4.545679164663773975e-01
-1.662414643996639185e+00 1.728844416030639763e+00 -1.564224186337068723e+00 2.373816623244395352e+00 -3.363086490965709885e-01
-1.844552466824580961e+00 1.694206320534215493e+00 -1.586283984173326278e+00 2.337563635927232930e+00 -2.999537773512859218e-01
-1.844552466824580961e+00 1.694206320534215493e+00 -1.586283984173326278e+00 2.337563635927232930e+00 -2.999537773512859218e-01
-1.539366313574786815e+00 1.629131957686624332e+00 -1.576808651662501948e+00 2.379387357909766187e+00 -3.369072130405399434e-01
-1.539366313574786815e+00 1.629131957686624332e+00 -1.576808651662501948e+00 2.379387357909766187e+00 -3.369072130405399434e-01
-1.615075584314956458e+00 1.648521335473521532e+00 -1.562684747770451965e+00 2.355350637774260125e+00 -3.302794183393338301e-01
-1.863043294447041198e+00 1.721110929695573333e+00 -1.599378760285740775e+00 2.345334401266065960e+00 -2.899119748865111035e-01
-1.604258172643885594e+00 1.698662478014171029e+00 -1.575437679313129724e+00 2.359718615065901748e+00 -3.306365143419078834e-01
-1.604258172643885594e+00 1.698662478014171029e+00 -1.575437679313129724e+00 2.359718615065901748e+00 -3.306365143419078834e-01
-1.625309179259692982e+00 1.711662272732233703e+00 -1.547363941342169813e+00 2.361826472345055272e+00 -3.531286354155920293e-01
-1.625309179259692982e+00 1.711662272732233703e+00 -1.547363941342169813e+00 2.361826472345055272e+00 -3.531286354155920293e-01
-1.434478861956288931e+00 1.669326628253706701e+00 -1.526090403820527630e+00 2.380081126558700078e+00 -3.923592329171903259e-01
-1.742649097161308447e+00 1.733629104680115773e+00 -1.570459252491582358e+00 2.342287943948057727e+00 -3.191882978909692525e-01
-1.742649097161308447e+00 1.733629104680115773e+00 -1.570459252491582358e+00 2.342287943948057727e+00 -3.191882978909692525e-01
-1.565418294594182136e+00 1.716680405400305531e+00 -1.550892932471376273e+00 2.392094524299665625e+00 -3.629715554999979332e-01
-1.557766400549020602e+00 1.624770575589984389e+00 -1.552603126100403408e+00 2.354680742963597861e+00 -3.446282021180646638e-01
-1.438185175717359598e+00 1.649935476069597229e+00 -1.542210140267105789e+00 2.390840219178996584e+00 -3.789876270451326690e-01
-1.596278259803246335e+00 1.713829112722397241e+00 -1.574588733932808848e+00 2.383409092183851108e+00 -3.391236880701224976e-01
-1.665375923789663482e+00 1.649336410839248757e+00 -1.567276279460129818e+00 2.345992756204702712e+00 -3.260966559682145771e-01
-1.601413810893290268e+00 1.662687353646795430e+00 -1.586839683168981274e+00 2.377713321559248083e+00 -3.231599795600921254e-01
-1.548488960730846742e+00 1.645900843025454918e+00 -1.554810903033686742e+00 2.384922125737445775e+00 -3.527998707477095763e-01
-1.548488960730846742e+00 1.645900843025454918e+00 -1.554810903033686742e+00 2.384922125737445775e+00 -3.527998707477095763e-01
-1.650232124895151031e+00 1.642762885067263312e+00 -1.587331528142881698e+00 2.352797314487352409e+00 -3.140020297862218257e-01
-1.650232124895151031e+00 1.642762885067263312e+00 -1.587331528142881698e+00 2.352797314487352409e+00 -3.140020297862218257e-01
-1.484804857175982207e+00 1.730486933783801362e+00 -1.533015591959157709e+00 2.401797845379864516e+00 -3.929936534083449118e-01
-1.507109229421695673e+00 1.647309495059591455e+00 -1.559574006801137003e+00 2.365345332791457089e+00 -3.527660072252967183e-01
-1.415990010625280959e+00 1.695057171983000543e+00 -1.507772023023914887e+00 2.407388586812779785e+00 -4.278584004628029902e-01
-1.776638111963045219e+00 1.717150979627401597e+00 -1.591526559472456359e+00 2.356544459538978398e+00 -3.016107713316671379e-01
-1.562424196661268638e+00 1.724864467035727600e+00 -1.534907196911723171e+00 2.364259912634540051e+00 -3.656315743244480387e-01
-1.534431152729220926e+00 1.700152997747919059e+00 -1.555320460640170488e+00 2.397850057420925385e+00 -3.648213264954787149e-01
-1.534431152729220926e+00 1.700152997747919059e+00 -1.555320460640170488e+00 2.397850057420925385e+00 -3.648213264954787149e-01
-1.709492296653916554e+00 1.684566710551465007e+00 -1.562023897051418420e+00 2.348222615113649159e+00 -3.267660383313550909e-01
-1.611190699304136054e+00 1.669148020936752630e+00 -1.577915105331139323e+00 2.355856896767000830e+00 -3.229342659103711100e-01
-1.355532497174080753e+00 1.650758992977047868e+00 -1.487191257076661000e+00 2.406269800072951881e+00 -4.476452619213251438e-01
-1.796690265059721625e+00 1.692049481153333090e+00 -1.596045320674025048e+00 2.336837535247953124e+00 -2.948791045474603578e-01
-1.463699255543575717e+00 1.712608405831177905e+00 -1.506779816453082121e+00 2.378160922226451035e+00 -4.059453787392204305e-01
-1.624056128057183912e+00 1.680555914043610599e+00 -1.562219753707093872e+00 2.358449402970396847e+00 -3.317706340340702553e-01
-1.624056128057183912e+00 1.680555914043610599e+00 -1.562219753707093872e+00 2.358449402970396847e+00 -3.317706340340702553e-01
-1.386344339621838451e+00 1.679045824830872391e+00 -1.506201734890792565e+00 2.406957476895041914e+00 -4.257057053576254191e-01
-1.598801211739658612e+00 1.666804746509484403e+00 -1.582750263073172903e+00 2.370529395958290930e+00 -3.235811978369422803e-01
-1.435117520592494422e+00 1.630076556597646942e+00 -1.523960921123300283e+00 2.377028307606539936e+00 -3.879269734507317935e-01
-1.553664346768296234e+00 1.719432367191542355e+00 -1.544577697491999801e+00 2.392580009435233190e+00 -3.687085599541148895e-01
-1.553664346768296234e+00 1.719432367191542355e+00 -1.544577697491999801e+00 2.392580009435233190e+00 -3.687085599541148895e-01
-1.489338514674431124e+00 1.695511733157974987e+00 -1.524328728779369646e+00 2.397881443230680976e+00 -3.951464694450042003e-01
-1.489338514674431124e+00 1.695511733157974987e+00 -1.524328728779369646e+00 2.397881443230680976e+00 -3.951464694450042003e-01
-1.614242776024550352e+00 1.741238657217792252e+00 -1.555321090971431897e+00 2.370939307733598511e+00 -3.477118885591163888e-01
-1.577752983569578937e+00 1.698416013983397477e+00 -1.533643780213914010e+00 2.364897668608647141e+00 -3.626137072848489851e-01
-1.449595107016476980e+00 1.704923866917864572e+00 -1.525771705669690448e+00 2.407709309028795541e+00 -4.007550636385008858e-01
-1.374872062832301012e+00 1.671344009993509516e+00 -1.502861078192870847e+00 2.419410089599243641e+00 -4.392508834782855587e-01
-1.473736584444929498e+00 1.718529805055945658e+00 -1.518617978407027280e+00 2.394233251883576497e+00 -4.068723344894369376e-01
-1.691693360195912099e+00 1.694090703362132189e+00 -1.587989440442069355e+00 2.350492408269355682e+00 -3.132050784337021554e-01
-1.738384872485062793e+00 1.677615920644498715e+00 -1.592070356439547307e+00 2.348617669786270401e+00 -3.000785556876763849e-01
-1.738384872485062793e+00 1.677615920644498715e+00 -1.592070356439547307e+00 2.348617669786270401e+00 -3.000785556876763849e-01
-1.709742844729120748e+00 1.699698245428415078e+00 -1.587109864184184094e+00 2.349379082083557169e+00 -3.129310998041709979e-01
-1.597193932226331547e+00 1.630264739688264797e+00 -1.584214036043904983e+00 2.369837571926481257e+00 -3.218559649752474883e-01
-1.597193932226331547e+00 1.630264739688264797e+00 -1.584214036043904983e+00 2.369837571926481257e+00 -3.218559649752474883e-01
-1.580688503547620805e+00 1.736354220435673668e+00 -1.541981482259138225e+00 2.359721647287216229e+00 -3.619642067795538765e-01
-1.580688503547620805e+00 1.736354220435673668e+00 -1.541981482259138225e+00 2.359721647287216229e+00 -3.619642067795538765e-01
-1.565353946191178736e+00 1.698321972914824229e+00 -1.540043322632965950e+00 2.381900349835501807e+00 -3.677864266324952780e-01
-1.565353946191178736e+00 1.698321972914824229e+00 -1.540043322632965950e+00 2.381900349835501807e+00 -3.677864266324952780e-01
-1.605665662123043624e+00 1.717752709949882828e+00 -1.564581986037781425e+00 2.357570652456883575e+00 -3.386195681641126498e-01
-1.820472781077169699e+00 1.687776607901019688e+00 -1.606390569963521697e+00 2.345597347933867649e+00 -2.878178089264675776e-01
-1.820472781077169699e+00 1.687776607901019688e+00 -1.606390569963521697e+00 2.345597347933867649e+00 -2.878178089264675776e-01
-1.816771177385795966e+00 1.722678038117892996e+00 -1.591083666125523877e+00 2.346999700851315040e+00 -2.982514426192768298e-01
-1.755026280208624279e+00 1.707286708009792875e+00 -1.589945759960906146e+00 2.341114384992677877e+00 -3.025356932567504487e-01
-1.755026280208624279e+00 1.707286708009792875e+00 -1.589945759960906146e+00 2.341114384992677877e+00 -3.025356932567504487e-01
-1.749134446037809099e+00 1.697953348509944504e+00 -1.575551382015753843e+00 2.352619458659829466e+00 -3.180583576426876391e-01
-1.596873073702576029e+00 1.662459730981030503e+00 -1.561108611074793595e+00 2.371674719532291586e+00 -3.377328247250410698e-01
-1.655031583325090594e+00 1.711422802862927028e+00 -1.575101722633183821e+00 2.373819706499944004e+00 -3.321794038109473490e-01
-1.527843212983395205e+00 1.620464660375750654e+00 -1.547196284295092150e+00 2.362900820020202630e+00 -3.555326453822686972e-01
-1.596431146825210590e+00 1.654378686351323680e+00 -1.563574050810853766e+00 2.378263249691794368e+00 -3.392177015420436703e-01
-1.596431146825210590e+00 1.654378686351323680e+00 -1.563574050810853766e+00 2.378263249691794368e+00 -3.392177015420436703e-01
-1.517094086825187205e+00 1.712250240038247995e+00 -1.552727963225033925e+00 2.394969874290262091e+00 -3.707080402872460212e-01
-1.641978928048011710e+00 1.642865337559630490e+00 -1.576634696024001192e+00 2.346723982096031946e+00 -3.179601426859193225e-01
-1.565994941648510164e+00 1.738848608612666879e+00 -1.540015419877352798e+00 2.369671536102685661e+00 -3.650955310282135713e-01
-1.603505960573924582e+00 1.673074625900090595e+00 -1.545291974827829762e+00 2.365003038456692686e+00 -3.519631614939537911e-01
-1.498074488370940927e+00 1.723088078721664473e+00 -1.543126286132644687e+00 2.390197980438493186e+00 -3.802474690902339916e-01
-1.521593627076601507e+00 1.665763450302472748e+00 -1.525725412044414808e+00 2.367070474422254822e+00 -3.783250887622422454e-01
-1.525333574201095388e+00 1.689718008018239459e+00 -1.561646783028243890e+00 2.391951322781797895e+00 -3.604316192417105214e-01
-1.525333574201095388e+00 1.689718008018239459e+00 -1.561646783028243890e+00 2.391951322781797895e+00 -3.604316192417105214e-01
-1.787761531152282757e+00 1.706065345087068863e+00 -1.599494402954805050e+00 2.345130254486339716e+00 -2.948466672494376439e-01
-1.463266626212011978e+00 1.717339737842596747e+00 -1.510687545197069159e+00 2.403373327701825879e+00 -4.118841919793467810e-01
-1.499019940586894251e+00 1.634947751326624399e+00 -1.555918911914313973e+00 2.374309540550521902e+00 -3.530207073444575627e-01
-1.499019940586894251e+00 1.634947751326624399e+00 -1.555918911914313973e+00 2.374309540550521902e+00 -3.530207073444575627e-01
-1.528574463103337777e+00 1.682037300878677755e+00 -1.538762924338606508e+00 2.354698450068621440e+00 -3.639723356087323225e-01
-1.361241763667997873e+00 1.681263560855011718e+00 -1.483190080183929282e+00 2.408488365233111494e+00 -4.525968021844519740e-01
-1.554332921688796887e+00 1.626436622545782029e+00 -1.569765670844026628e+00 2.372180451867748285e+00 -3.401383494856595746e-01
-1.554332921688796887e+00 1.626436622545782029e+00 -1.569765670844026628e+00 2.372180451867748285e+00 -3.401383494856595746e-01
-1.601577155835636646e+00 1.645585101752667256e+00 -1.564549789399500845e+00 2.374717927666685657e+00 -3.378671237583574793e-01
-1.514866275487287695e+00 1.620242135537724337e+00 -1.558552168727789011e+00 2.381460665062711257e+00 -3.537577353654608459e-01
-1.396709201811285439e+00 1.691381110524567077e+00 -1.498498942727997552e+00 2.415819516047804427e+00 -4.390375672886968061e-01
-1.654924550707981723e+00 1.685522013317687140e+00 -1.559698786037200469e+00 2.367353260709567309e+00 -3.366575091648247309e-01
-1.491994020566491663e+00 1.740705819177780000e+00 -1.510338377063210169e+00 2.387856679480810040e+00 -4.072561794919380418e-01
-1.672308626704290369e+00 1.646217360847311184e+00 -1.582471665557165119e+00 2.344522106072007173e+00 -3.124995625182318548e-01
-1.672308626704290369e+00 1.646217360847311184e+00 -1.582471665557165119e+00 2.344522106072007173e+00 -3.124995625182318548e-01
-1.427455251127021540e+00 1.643697832365040412e+00 -1.537591801228505473e+00 2.409061439139101868e+00 -3.907252365615843104e-01
-1.472953571992852595e+00 1.708723953217067049e+00 -1.511175340025167291e+00 2.397500809146990708e+00 -4.091515444359785647e-01
-1.472953571992852595e+00 1.708723953217067049e+00 -1.511175340025167291e+00 2.397500809146990708e+00 -4.091515444359785647e-01
-1.391731102017612187e+00 1.715307248726411160e+00 -1.484793154759646683e+00 2.402378450442921309e+00 -4.495158341823142223e-01
-1.589749750322711819e+00 1.656579225734532201e+00 -1.551599979896144177e+00 2.371142119457604558e+00 -3.476001253863021390e-01
-1.514159631305155962e+00 1.691378828567795978e+00 -1.561151445822387851e+00 2.385926564741489564e+00 -3.575031057783188970e-01
-1.515174631239796454e+00 1.627504055592643439e+00 -1.563011336908252336e+00 2.376271855471466132e+00 -3.458789199613594434e-01
-1.515174631239796454e+00 1.627504055592643439e+00 -1.563011336908252336e+00 2.376271855471466132e+00 -3.458789199613594434e-01
-1.623726277445722843e+00 1.675728185725054331e+00 -1.568873703066936853e+00 2.363772963155348350e+00 -3.367797840367412476e-01
-1.538395060362105937e+00 1.672630526563501974e+00 -1.529243910177888521e+00 2.356431715199221788e+00 -3.707575358311565594e-01
-1.364218958425398753e+00 1.648023715151744284e+00 -1.494641458655686428e+00 2.400882674100706105e+00 -4.389093589837802512e-01
-1.408888934720849306e+00 1.683280527287987383e+00 -1.488159714036253023e+00 2.393491370889603065e+00 -4.331312945856407026e-01
-1.444235215857085031e+00 1.675520136216208655e+00 -1.529331779224643029e+00 2.378856397827641800e+00 -3.939441685971729612e-01
-1.394989177218525001e+00 1.681634115388535022e+00 -1.517665847158127690e+00 2.414654735743430702e+00 -4.233789584196383515e-01
-1.460809843889739668e+00 1.677310434240219195e+00 -1.548687003905485415e+00 2.395796238703119307e+00 -3.802542141537017528e-01
-1.460809843889739668e+00 1.677310434240219195e+00 -1.548687003905485415e+00 2.395796238703119307e+00 -3.802542141537017528e-01
-1.508463499513050365e+00 1.702295571886374148e+00 -1.543288732039445055e+00 2.396192121387144880e+00 -3.795930248056773593e-01
-1.651748155268485618e+00 1.689047494899513779e+00 -1.568985387499098438e+00 2.364169119103749495e+00 -3.344197564262092470e-01
-1.388991126031076995e+00 1.640069755004249785e+00 -1.505286642045382983e+00 2.396449928703675347e+00 -4.227719878527071984e-01
-1.575205573775516399e+00 1.711466969261332238e+00 -1.555417997463834023e+00 2.389016725635318306e+00 -3.576595729275009461e-01
-1.597947262301537386e+00 1.731927507490151896e+00 -1.545116783489147494e+00 2.374695058675613701e+00 -3.615678425064565715e-01
-1.597947262301537386e+00 1.731927507490151896e+00 -1.545116783489147494e+00 2.374695058675613701e+00 -3.615678425064565715e-01
-1.485490489818502624e+00 1.725540147754021092e+00 -1.505243250127225485e+00 2.376529245511954436e+00 -4.078085353835430027e-01
-1.412666252598762995e+00 1.661319543269232923e+00 -1.533205998094907097e+00 2.400937299850663287e+00 -4.012612788321039403e-01
-1.587470427986782617e+00 1.725037819030605490e+00 -1.551055334050897905e+00 2.362646863121265373e+00 -3.506351748155633885e-01
-1.587470427986782617e+00 1.725037819030605490e+00 -1.551055334050897905e+00 2.362646863121265373e+00 -3.506351748155633885e-01
-1.522562382674696124e+00 1.686737357470684984e+00 -1.537715057462355706e+00 2.358092765171215799e+00 -3.696441115761679441e-01
-1.522562382674696124e+00 1.686737357470684984e+00 -1.537715057462355706e+00 2.358092765171215799e+00 -3.696441115761679441e-01
-1.602393413990836457e+00 1.636540021490123564e+00 -1.567921879875867175e+00 2.368544227592311202e+00 -3.313115395811934150e-01
-1.500032290464829110e+00 1.682060876997837795e+00 -1.520915733838228645e+00 2.383527790739401464e+00 -3.910306393542288816e-01
-1.500032290464829110e+00 1.682060876997837795e+00 -1.520915733838228645e+00 2.383527790739401464e+00 -3.910306393542288816e-01
-1.713378761174690013e+00 1.675266760910105290e+00 -1.597985510038552270e+00 2.355642391284347603e+00 -3.030870665108178486e-01
-1.713378761174690013e+00 1.675266760910105290e+00 -1.597985510038552270e+00 2.355642391284347603e+00 -3.030870665108178486e-01
-1.591210006916135455e+00 1.650403902025953329e+00 -1.565603245491386630e+00 2.354921585187502497e+00 -3.377918412164184758e-01
-1.429545286473432597e+00 1.614792088854608565e+00 -1.538445885441058092e+00 2.386055439584458426e+00 -3.796984714669875416e-01
-1.429545286473432597e+00 1.614792088854608565e+00 -1.538445885441058092e+00 2.386055439584458426e+00 -3.796984714669875416e-01
-1.481369965881814466e+00 1.700086047101581954e+00 -1.518512793198004474e+00 2.393891211939501051e+00 -4.017217576814022806e-01
-1.531035796842337149e+00 1.620955862581791251e+00 -1.567670473737339698e+00 2.380103856347462354e+00 -3.434204114139216557e-01
-1.409425915894081172e+00 1.698629035435487822e+00 -1.512419009738277254e+00 2.400840157548058240e+00 -4.183405347187889589e-01
-1.533091410063915028e+00 1.736505750024086581e+00 -1.541795360854634644e+00 2.389387745607359559e+00 -3.747372464635461142e-01
-1.533091410063915028e+00 1.736505750024086581e+00 -1.541795360854634644e+00 2.389387745607359559e+00 -3.747372464635461142e-01
-1.599482907058247250e+00 1.669696939373555011e+00 -1.565241566010285412e+00 2.369071158451748538e+00 -3.340518416237951982e-01
-1.720996230098752022e+00 1.735390340834744194e+00 -1.579879927133419848e+00 2.352157151221628162e+00 -3.163736921345332576e-01
-1.533110167709832439e+00 1.625578529631237501e+00 -1.549560605006184311e+00 2.361939570122276510e+00 -3.542391917346474628e-01
-1.533110167709832439e+00 1.625578529631237501e+00 -1.549560605006184311e+00 2.361939570122276510e+00 -3.542391917346474628e-01
-1.534445732500705262e+00 1.663823642636314659e+00 -1.541662205133876640e+00 2.355165007954178158e+00 -3.577884024626456494e-01
-1.484805382081706426e+00 1.653714429847477518e+00 -1.552246962274882902e+00 2.396708004964353211e+00 -3.654811125449164422e-01
-1.483535219653708381e+00 1.610498538253011702e+00 -1.551080361844710875e+00 2.372860388739171267e+00 -3.590889486085284688e-01
-1.493535254322047479e+00 1.663762845655163858e+00 -1.527485471415487517e+00 2.375419890732215489e+00 -3.772562365845395504e-01
-1.493535254322047479e+00 1.663762845655163858e+00 -1.527485471415487517e+00 2.375419890732215489e+00 -3.772562365845395504e-01
-1.525966909003127370e+00 1.706773822591767242e+00 -1.517699124502803976e+00 2.367513330063327981e+00 -3.875524272190329356e-01
-1.436121670132038730e+00 1.641483828280232871e+00 -1.520587876011781026e+00 2.391566298960513315e+00 -4.005112390096083885e-01
-1.436121670132038730e+00 1.641483828280232871e+00 -1.520587876011781026e+00 2.391566298960513315e+00 -4.005112390096083885e-01
-1.644873549620012199e+00 1.653329202900515327e+00 -1.587220253964284122e+00 2.355856945785644196e+00 -3.156781263212167232e-01
-1.730791444707816318e+00 1.698920816416977786e+00 -1.571059461729269469e+00 2.354591375765045846e+00 -3.186816443131412768e-01
-1.730791444707816318e+00 1.698920816416977786e+00 -1.571059461729269469e+00 2.354591375765045846e+00 -3.186816443131412768e-01
-1.636431937124593006e+00 1.698145308449984014e+00 -1.547241270452876849e+00 2.357217080735989789e+00 -3.450459318433178879e-01
-1.453362487203255782e+00 1.644683145122574075e+00 -1.514767144093485562e+00 2.373511229388900912e+00 -3.952321311650006663e-01
-1.387872145456443107e+00 1.681474932679861922e+00 -1.492837219664520987e+00 2.412765542472562252e+00 -4.395835312745646206e-01
-1.387872145456443107e+00 1.681474932679861922e+00 -1.492837219664520987e+00 2.412765542472562252e+00 -4.395835312745646206e-01
-1.565428837190312450e+00 1.634935897268462668e+00 -1.564388773150034995e+00 2.355754150079461429e+00 -3.391916705070094906e-01
-1.383761850858764575e+00 1.660229076973880780e+00 -1.522532128906345816e+00 2.412472540890549411e+00 -4.147057372737013026e-01
-1.678573652518581483e+00 1.667908388926431229e+00 -1.585111126750256672e+00 2.365572279696685598e+00 -3.182854774382199992e-01
-1.565514103318911943e+00 1.676953423999309578e+00 -1.536148202772988469e+00 2.369877114071324620e+00 -3.630606163672620568e-01
-1.565514103318911943e+00 1.676953423999309578e+00 -1.536148202772988469e+00 2.369877114071324620e+00 -3.630606163672620568e-01
-1.469629293646534940e+00 1.653933921465988277e+00 -1.532880318632392491e+00 2.379599079390942507e+00 -3.768697100149243084e-01
-1.570242635789283803e+00 1.724221211707968493e+00 -1.547728836857759083e+00 2.364310476754703849e+00 -3.560543908474080865e-01
-1.570242635789283803e+00 1.724221211707968493e+00 -1.547728836857759083e+00 2.364310476754703849e+00 -3.560543908474080865e-01
-1.530092595930202748e+00 1.726767205530276073e+00 -1.548542344352354494e+00 2.387605350523226200e+00 -3.713606571227110464e-01
-1.480862581867750549e+00 1.740242360406956124e+00 -1.514366341022723050e+00 2.390620172574037472e+00 -4.075576390849438013e-01
-1.634873569639333724e+00 1.663548683924583216e+00 -1.566964759897063075e+00 2.351954675041155518e+00 -3.327497866970947626e-01
-1.458447821515561849e+00 1.693792919054404322e+00 -1.535923844122761173e+00 2.404133294709516200e+00 -3.950395248668030490e-01
-1.618600852430867931e+00 1.630339873539126572e+00 -1.574456526921067523e+00 2.366698722966352975e+00 -3.256002957351569194e-01
-1.510570319979430032e+00 1.642280333973019424e+00 -1.531484190269500001e+00 2.362534561494777918e+00 -3.699682460535687056e-01
-1.768164283086070654e+00 1.705222172769877531e+00 -1.588102052780115514e+00 2.339544905250561246e+00 -3.041901943576181822e-01
-1.768164283086070654e+00 1.705222172769877531e+00 -1.588102052780115514e+00 2.339544905250561246e+00 -3.041901943576181822e-01
-1.607600309367406943e+00 1.642769776133503612e+00 -1.576592269337990126e+00 2.352783224158940811e+00 -3.248718339774896435e-01
-1.460583598109341352e+00 1.678212394323445267e+00 -1.521264424749820154e+00 2.375430510311831611e+00 -3.898579970407549666e-01
-1.388076757006876605e+00 1.690005420398218661e+00 -1.505430239007147453e+00 2.417444940101228124e+00 -4.363957028477667421e-01
-1.388076757006876605e+00 1.690005420398218661e+00 -1.505430239007147453e+00 2.417444940101228124e+00 -4.363957028477667421e-01
-1.483075936166887487e+00 1.720917124176688517e+00 -1.515910223070879415e+00 2.382199358987428184e+00 -4.038260533323754231e-01
-1.504806648619888776e+00 1.707455342322392156e+00 -1.536033824910503665e+00 2.378003155768145582e+00 -3.829563951635179819e-01
-1.738926203924656910e+00 1.708032320962768580e+00 -1.580587516068579390e+00 2.358819980487787848e+00 -3.170956385796728227e-01
-1.631466454084174345e+00 1.655600571728024661e+00 -1.575661961297740721e+00 2.351749727491748043e+00 -3.203418694606607886e-01
-1.631466454084174345e+00 1.655600571728024661e+00 -1.575661961297740721e+00 2.351749727491748043e+00 -3.203418694606607886e-01
-1.353691660170604827e+00 1.649520795792106753e+00 -1.497438955175413700e+00 2.412745931091666574e+00 -4.403792286500625153e-01
-1.648295444580236691e+00 1.664927719975167975e+00 -1.558249421680585556e+00 2.344275351505312521e+00 -3.323722867990586138e-01
-1.548206878283576060e+00 1.703490993328124148e+00 -1.529720542004727069e+00 2.360817214046627921e+00 -3.744882310868202779e-01
-1.548206878283576060e+00 1.703490993328124148e+00 -1.529720542004727069e+00 2.360817214046627921e+00 -3.744882310868202779e-01
-1.543881277368937432e+00 1.685219971741192424e+00 -1.539148269394308155e+00 2.369677887600784683e+00 -3.614630893839212433e-01
-1.675391981663858942e+00 1.662415765722677463e+00 -1.585657581830003160e+00 2.368704183048021772e+00 -3.173905818172340076e-01
-1.452246784826797033e+00 1.670556846871100731e+00 -1.526199587115448564e+00 2.388218292339459037e+00 -3.889616322894760003e-01
-1.452246784826797033e+00 1.670556846871100731e+00 -1.526199587115448564e+00 2.388218292339459037e+00 -3.889616322894760003e-01
-1.654253530573047470e+00 1.717627333093536990e+00 -1.550979152789194959e+00 2.359747562657151576e+00 -3.449813959551057962e-01
-1.454371206205454570e+00 1.656757002453577599e+00 -1.538995219967470351e+00 2.406082949416457062e+00 -3.852780222058012072e-01
-1.402535773501528915e+00 1.662868576609724869e+00 -1.516831728091835529e+00 2.415428382987184541e+00 -4.168566572699852202e-01
-1.693625536756966810e+00 1.683382311889205951e+00 -1.592852187313536172e+00 2.356569354750062129e+00 -3.096376480970803868e-01
-1.450365522142763375e+00 1.631102716659192708e+00 -1.534238322448278069e+00 2.373731672073651655e+00 -3.775926458883098746e-01
-1.450365522142763375e+00 1.631102716659192708e+00 -1.534238322448278069e+00 2.373731672073651655e+00 -3.775926458883098746e-01
-1.798751672829319581e+00 1.716482848673269501e+00 -1.581263553742772165e+00 2.347540845974661394e+00 -3.074973098127884441e-01
-1.798751672829319581e+00 1.716482848673269501e+00 -1.581263553742772165e+00 2.347540845974661394e+00 -3.074973098127884441e-01
-1.756762921800758548e+00 1.692426930621344638e+00 -1.585294505839461632e+00 2.357133968288710246e+00 -3.065472241189084457e-01
-1.560486187576441530e+00 1.640856002971997185e+00 -1.561678324194443190e+00 2.371822504786119445e+00 -3.470598955792461027e-01
-1.451082478155559130e+00 1.654513432908240489e+00 -1.511731379571561007e+00 2.378699193231072151e+00 -3.982671886214621537e-01
-1.451082478155559130e+00 1.654513432908240489e+00 -1.511731379571561007e+00 2.378699193231072151e+00 -3.982671886214621537e-01
-1.558259260364446952e+00 1.637911347507543525e+00 -1.571407847387863654e+00 2.363923174623681955e+00 -3.335377894419906397e-01
-1.558259260364446952e+00 1.637911347507543525e+00 -1.571407847387863654e+00 2.363923174623681955e+00 -3.335377894419906397e-01
-1.617453947661959823e+00 1.687485889594807276e+00 -1.577507803421054344e+00 2.370617613055962192e+00 -3.261131111860660070e-01
-1.734085547323111598e+00 1.686740296079708656e+00 -1.578235928155999890e+00 2.345380283625166928e+00 -3.100560653426907010e-01
-1.742359108628919628e+00 1.676893854838485964e+00 -1.581807680465283417e+00 2.337746188524170154e+00 -3.080626233330967523e-01
-1.469983684070085950e+00 1.655371928026623252e+00 -1.529475074656305278e+00 2.364769084873672433e+00 -3.797968417148371856e-01
-1.469983684070085950e+00 1.655371928026623252e+00 -1.529475074656305278e+00 2.364769084873672433e+00 -3.797968417148371856e-01
-1.551889626063397642e+00 1.641165036594641080e+00 -1.567182738850682489e+00 2.384002544156001768e+00 -3.445318193831852227e-01
-1.551889626063397642e+00 1.641165036594641080e+00 -1.567182738850682489e+00 2.384002544156001768e+00 -3.445318193831852227e-01
-1.546797872898594051e+00 1.687930359799889146e+00 -1.536493793125231599e+00 2.354354142068689093e+00 -3.625570252999619214e-01
-1.717711475945471022e+00 1.717875665012638109e+00 -1.569681731679878345e+00 2.344782160533104953e+00 -3.199988207134492058e-01
-1.672160494310320544e+00 1.647826247439798664e+00 -1.571368381042241857e+00 2.347434314091483287e+00 -3.219187960355629485e-01
-1.431897908031666056e+00 1.622821014306065734e+00 -1.542621873725474657e+00 2.395175702605297996e+00 -3.795052388137865051e-01
-1.514445448067261779e+00 1.654454855530190116e+00 -1.564934726923043362e+00 2.393496399562208943e+00 -3.540652619301170034e-01
-1.514445448067261779e+00 1.654454855530190116e+00 -1.564934726923043362e+00 2.393496399562208943e+00 -3.540652619301170034e-01
-1.630626588106998121e+00 1.714358891085081993e+00 -1.573575774774204294e+00 2.359133449657862425e+00 -3.296481718116623938e-01
-1.768192258609994738e+00 1.685215979786008234e+00 -1.601629042856805629e+00 2.354724048459786001e+00 -2.964506923623755341e-01
-1.528896515945481482e+00 1.738138792810701716e+00 -1.528598438719121155e+00 2.375024725050094876e+00 -3.818760691384142092e-01
-1.461951184789971769e+00 1.720872554289829992e+00 -1.525893278831143451e+00 2.404350569050372144e+00 -4.016858191197574257e-01
-1.608972114440533119e+00 1.719047094895030270e+00 -1.544809335287987917e+00 2.365792846530276883e+00 -3.576618012725081286e-01
-1.759455706288639121e+00 1.685100821740837418e+00 -1.579741018149831477e+00 2.351550296101798665e+00 -3.126111683687700094e-01
-1.562432118538724879e+00 1.724136973398257666e+00 -1.556493079117913680e+00 2.372304992919818556e+00 -3.547966905004802385e-01
-1.562432118538724879e+00 1.724136973398257666e+00 -1.556493079117913680e+00 2.372304992919818556e+00 -3.547966905004802385e-01
-1.634987510335456307e+00 1.703346238837941229e+00 -1.562050432616535645e+00 2.361489747601287270e+00 -3.337109951288095289e-01
-1.634987510335456307e+00 1.703346238837941229e+00 -1.562050432616535645e+00 2.361489747601287270e+00 -3.337109951288095289e-01
-1.667087287138786955e+00 1.669226982707121110e+00 -1.563696740084941972e+00 2.359725865433990322e+00 -3.294729724453731023e-01
-1.561066831099681806e+00 1.740220863544351459e+00 -1.535284921918470102e+00 2.373552742347500466e+00 -3.712011274923217030e-01
-1.561066831099681806e+00 1.740220863544351459e+00 -1.535284921918470102e+00 2.373552742347500466e+00 -3.712011274923217030e-01
-1.611758082200948294e+00 1.711453605482430973e+00 -1.576102107966555810e+00 2.375830508871313640e+00 -3.332441021576446616e-01
-1.611758082200948294e+00 1.711453605482430973e+00 -1.576102107966555810e+00 2.375830508871313640e+00 -3.332441021576446616e-01
-1.531692074010591043e+00 1.664242984745401444e+00 -1.535462259399651419e+00 2.377496338277985455e+00 -3.715379594005998598e-01
-1.753891320007280541e+00 1.667847567598645497e+00 -1.586363044555202162e+00 2.355057699841423435e+00 -3.054727704104074348e-01
-1.480335675495616954e+00 1.735627547556671146e+00 -1.520734993521345890e+00 2.391395672650723725e+00 -4.025506497919568716e-01
-1.462621371934162973e+00 1.667792613769483623e+00 -1.533755505770297400e+00 2.396839783559439940e+00 -3.914708608734898121e-01
-1.386916869060405233e+00 1.692868806280589666e+00 -1.508586563179848294e+00 2.411742355585559938e+00 -4.310017287179608303e-01
-1.579857786773501971e+00 1.650350171485969852e+00 -1.551067686565187120e+00 2.358055584951729511e+00 -3.493328020463248862e-01
-1.579857786773501971e+00 1.650350171485969852e+00 -1.551067686565187120e+00 2.358055584951729511e+00 -3.493328020463248862e-01
-1.672107587630529579e+00 1.671457785892812353e+00 -1.570302517523604724e+00 2.359837787209302373e+00 -3.282344537365631254e-01
-1.672107587630529579e+00 1.671457785892812353e+00 -1.570302517523604724e+00 2.359837787209302373e+00 -3.282344537365631254e-01
-1.571326047549994165e+00 1.709992542650084602e+00 -1.563756049128942838e+00 2.368744407205179314e+00 -3.454753080175070323e-01
-1.571326047549994165e+00 1.709992542650084602e+00 -1.563756049128942838e+00 2.368744407205179314e+00 -3.454753080175070323e-01
-1.466589276829546762e+00 1.682505893967574551e+00 -1.515712525537957323e+00 2.388445821898977695e+00 -4.035847332086888173e-01
-1.693748971378202128e+00 1.709320799886821618e+00 -1.576932486173653336e+00 2.344698770158201828e+00 -3.181223731172018176e-01
-1.437685382390055722e+00 1.672656894388033777e+00 -1.520195105236568311e+00 2.375643326980070302e+00 -3.995972210817697601e-01
-1.676846842418672878e+00 1.672002683137971957e+00 -1.588013766716437569e+00 2.364557669122071104e+00 -3.111435238637305645e-01
-1.676846842418672878e+00 1.672002683137971957e+00 -1.588013766716437569e+00 2.364557669122071104e+00 -3.111435238637305645e-01
-1.620956926843894585e+00 1.640990494670024447e+00 -1.580328341052378960e+00 2.363076710079214937e+00 -3.198779287650861392e-01
-1.691199271138351889e+00 1.648708347848895528e+00 -1.575898280352746816e+00 2.349074782733699518e+00 -3.175807153118839210e-01
-1.483404347007526880e+00 1.679344704412528699e+00 -1.536636807352611545e+00 2.397633313325324256e+00 -3.863660405254822905e-01
-1.642571833859342689e+00 1.648222194909310545e+00 -1.577500687904307419e+00 2.350971288297055484e+00 -3.219117920251157727e-01
-1.423230407363477390e+00 1.685371545785569580e+00 -1.497820241444734579e+00 2.393643417797046702e+00 -4.272055419542173382e-01
-1.688493931462383912e+00 1.715959068064725201e+00 -1.584504773696675084e+00 2.357000245715516584e+00 -3.173104387331786569e-01
-1.457980820446072912e+00 1.674516149482469629e+00 -1.513589948614709080e+00 2.374574314220917692e+00 -3.960500273043070507e-01
-1.485161695701886053e+00 1.660931440663906855e+00 -1.552751588267512028e+00 2.375409598698236646e+00 -3.658040749235595968e-01
-1.448255171108431938e+00 1.684427986805710376e+00 -1.530582317348942567e+00 2.410364122253014330e+00 -3.990516891881696893e-01
-1.665571544270581406e+00 1.682571154562182869e+00 -1.565286910119914721e+00 2.366272059115406723e+00 -3.307502240011697126e-01
-1.424966654192927784e+00 1.642399378595829518e+00 -1.535080697795167204e+00 2.393939071334895807e+00 -3.933459059125965496e-01
-1.670832207043485340e+00 1.682782454492121715e+00 -1.567110007904435776e+00 2.347571070355757072e+00 -3.289100520835397390e-01
-1.441837205259963284e+00 1.700549603450019376e+00 -1.506851934693587580e+00 2.404940493317545780e+00 -4.177990185623041697e-01
-1.441837205259963284e+00 1.700549603450019376e+00 -1.506851934693587580e+00 2.404940493317545780e+00 -4.177990185623041697e-01
-1.452344202965313080e+00 1.677783255849247368e+00 -1.537275860534776495e+00 2.405252913319719354e+00 -3.876689298493740665e-01
-1.519388223368946633e+00 1.627759217500448941e+00 -1.567454545235965391e+00 2.375373820549741666e+00 -3.439394991746596020e-01
-1.481835401277114883e+00 1.637160746470424755e+00 -1.537775091347284517e+00 2.388368241203532527e+00 -3.760075746194004864e-01
-1.721711865393315222e+00 1.718394704629375269e+00 -1.567613589086714443e+00 2.348195699443104356e+00 -3.220701276729425189e-01
-1.371114030075439416e+00 1.638911888082963841e+00 -1.514194158957343550e+00 2.409420390932782929e+00 -4.219068821111644496e-01
-1.489536092313326954e+00 1.652933611618321308e+00 -1.533828944003632788e+00 2.370887139526548282e+00 -3.714488486631459807e-01
-1.489536092313326954e+00 1.652933611618321308e+00 -1.533828944003632788e+00 2.370887139526548282e+00 -3.714488486631459807e-01
-1.675196832495966959e+00 1.662753830561030099e+00 -1.584632716763740401e+00 2.351752034883562104e+00 -3.108270035195879188e-01
-1.498387367232588474e+00 1.651824983601795083e+00 -1.555657249779524021e+00 2.395042649020955761e+00 -3.645401398174890062e-01
-1.615594012054357265e+00 1.703524237859394219e+00 -1.578165569163225257e+00 2.367412112169570815e+00 -3.297815818331635285e-01
-1.615594012054357265e+00 1.703524237859394219e+00 -1.578165569163225257e+00 2.367412112169570815e+00 -3.297815818331635285e-01
-1.657896266632224780e+00 1.686091070350297372e+00 -1.577136874394270194e+00 2.347983036200788298e+00 -3.191618878141788684e-01
-1.663876430533007600e+00 1.696835120862177249e+00 -1.568212835079733747e+00 2.358561478830496938e+00 -3.327413356892794383e-01
-1.430809483604118526e+00 1.631007022340602575e+00 -1.526386209695891560e+00 2.380818949675687080e+00 -3.885552440242996397e-01
-1.666168954953339387e+00 1.705160432434226436e+00 -1.571998616197418652e+00 2.367390744499025867e+00 -3.315266428856702419e-01
-1.489320536018899688e+00 1.644723384377801523e+00 -1.556580317326744956e+00 2.395870922066534181e+00 -3.631039280519807733e-01
-1.455190273985618177e+00 1.642482912085052149e+00 -1.526207390872371228e+00 2.391498062855411888e+00 -3.909678518690480331e-01
-1.481477891531255864e+00 1.645334203817407470e+00 -1.548738573816602848e+00 2.382964715886556561e+00 -3.711626207539175937e-01
-1.417517927190438343e+00 1.716272284687480720e+00 -1.490816999204600091e+00 2.399020530590846079e+00 -4.390389341820331026e-01
-1.651391136026951756e+00 1.718765746245932036e+00 -1.578825327142918233e+00 2.363606556005269255e+00 -3.256539592918414883e-01
-1.468059531230908377e+00 1.639916593330161376e+00 -1.536865120323636535e+00 2.393612724232700106e+00 -3.808957956103391496e-01
-1.440438858839621084e+00 1.706910723198344471e+00 -1.521440756019807550e+00 2.393711877079879979e+00 -4.084312689354199222e-01
-1.639087382841057483e+00 1.678776634595513073e+00 -1.563112822054145257e+00 2.368764541671087631e+00 -3.340140642330169385e-01
-1.639087382841057483e+00 1.678776634595513073e+00 -1.563112822054145257e+00 2.368764541671087631e+00 -3.340140642330169385e-01
-1.613807527609036896e+00 1.708982618081790861e+00 -1.569274610338206477e+00 2.358000106533078455e+00 -3.348391156698369286e-01
-1.613807527609036896e+00 1.708982618081790861e+00 -1.569274610338206477e+00 2.358000106533078455e+00 -3.348391156698369286e-01
-1.388273646671986938e+00 1.673955102897570768e+00 -1.515699998283442707e+00 2.417284167409483597e+00 -4.238769149603456299e-01
-1.388273646671986938e+00 1.673955102897570768e+00 -1.515699998283442707e+00 2.417284167409483597e+00 -4.238769149603456299e-01
-1.424159533630026786e+00 1.680316378132404864e+00 -1.515541572297925743e+00 2.382621539027699242e+00 -4.064956205304142145e-01
-1.615081071658478251e+00 1.661182399839805868e+00 -1.558011538744369151e+00 2.360432100210838158e+00 -3.364264336696649593e-01
-1.587783762608843574e+00 1.658655038782823610e+00 -1.573157345094569726e+00 2.358177986405166404e+00 -3.327185262156362455e-01
-1.770072881580428081e+00 1.671047121139173086e+00 -1.590803048297219524e+00 2.352079532466341494e+00 -3.007608755691162372e-01
-1.418281740595542573e+00 1.638890557287151495e+00 -1.522145343697637099e+00 2.379276178623508375e+00 -3.975044493449164662e-01
-1.456714384725660949e+00 1.664602545547671397e+00 -1.535832411535733355e+00 2.374606200518031063e+00 -3.808493787501632255e-01
-1.461653287199911944e+00 1.690025619732523410e+00 -1.532474260024050405e+00 2.381468715891618348e+00 -3.909080180558746065e-01
-1.461653287199911944e+00 1.690025619732523410e+00 -1.532474260024050405e+00 2.381468715891618348e+00 -3.909080180558746065e-01
-1.463033239092494497e+00 1.645421900970626794e+00 -1.520760572735707195e+00 2.375338582983284486e+00 -3.910068731069227255e-01
-1.495010814200785632e+00 1.703750615937805080e+00 -1.542748307604629332e+00 2.398779885842808657e+00 -3.820920391659701210e-01
-1.495010814200785632e+00 1.703750615937805080e+00 -1.542748307604629332e+00 2.398779885842808657e+00 -3.820920391659701210e-01
-1.681528612330154715e+00 1.721273661214048900e+00 -1.581789707711986459e+00 2.367527278281571501e+00 -3.207253146350268480e-01
-1.758284858134018691e+00 1.695003958067983874e+00 -1.576412778878154786e+00 2.351164244432215611e+00 -3.137512492620260218e-01
-1.495494356068821418e+00 1.707950395689827872e+00 -1.511633376593544353e+00 2.382259414703401301e+00 -4.003005814418543196e-01
-1.495494356068821418e+00 1.707950395689827872e+00 -1.511633376593544353e+00 2.382259414703401301e+00 -4.003005814418543196e-01
-1.415948797499960499e+00 1.647093055047204047e+00 -1.535584490735805607e+00 2.394810116048153414e+00 -3.909583409561303569e-01
-1.475674503948146921e+00 1.662235316370882288e+00 -1.531112500471098592e+00 2.391686242355020031e+00 -3.882498017988247341e-01
-1.495919701800704438e+00 1.655913682809668330e+00 -1.534857148085148060e+00 2.388914895837915608e+00 -3.768836358603309122e-01
-1.480165481181014542e+00 1.641815702499535234e+00 -1.538862482079359495e+00 2.364972324503714418e+00 -3.711281740738616719e-01
-1.483602634884313431e+00 1.697395443134650961e+00 -1.522669544429276378e+00 2.379520364034027224e+00 -3.875878405913137925e-01
-1.571249379776183730e+00 1.718061821804923284e+00 -1.545137203453250008e+00 2.359092299770636281e+00 -3.599305607392544459e-01
-1.715017701082067525e+00 1.656815046902199384e+00 -1.592354488489905018e+00 2.354096642424932107e+00 -3.057593153323416857e-01
-1.617960056756057696e+00 1.658279769767240452e+00 -1.578695723414898167e+00 2.377007713801147393e+00 -3.268638243456027936e-01
-1.437766538630982360e+00 1.674995455467055194e+00 -1.507786901943516167e+00 2.381931357727741005e+00 -4.124432712596757256e-01
-1.666238321226520824e+00 1.673458878820234474e+00 -1.568407902389361119e+00 2.365914998572626438e+00 -3.284661668044215332e-01
-1.424951649574041745e+00 1.690161024995989081e+00 -1.513774588752247796e+00 2.384818155608542600e+00 -4.115741852644756449e-01
-1.658096259181324861e+00 1.704946108974151997e+00 -1.564602681479386526e+00 2.345606597563293594e+00 -3.291695176305715620e-01
-1.533656205570321340e+00 1.711736292197123532e+00 -1.532749227330794550e+00 2.371619252700148284e+00 -3.717916889313173101e-01
-1.402906942054376493e+00 1.668386966650745151e+00 -1.518030804088628116e+00 2.392152574657987696e+00 -4.127823165478332612e-01
-1.414212880397810679e+00 1.715957762331246528e+00 -1.495287593443295426e+00 2.403898555177835572e+00 -4.378988263166334605e-01
-1.638268921860910332e+00 1.710577778159343865e+00 -1.578741227941036218e+00 2.367146381384926279e+00 -3.285555550988359386e-01
-1.660669511496982054e+00 1.675240567236627953e+00 -1.584941183127980713e+00 2.361285106626902497e+00 -3.194851260452420405e-01
-1.532431220169527819e+00 1.651871929070665601e+00 -1.563502226049261257e+00 2.377794512583998543e+00 -3.453071281916955115e-01
-1.784304455171362491e+00 1.680300410827609170e+00 -1.598908021358258935e+00 2.350024942634418856e+00 -2.964642100341237096e-01
-1.481940870539151689e+00 1.648264066409861783e+00 -1.531825358011530858e+00 2.386321544856799814e+00 -3.824560265504857171e-01
-1.481940870539151689e+00 1.648264066409861783e+00 -1.531825358011530858e+00 2.386321544856799814e+00 -3.824560265504857171e-01
-1.435075898395107075e+00 1.651325867926757951e+00 -1.518177906739194949e+00 2.379711290839969795e+00 -4.013000260899417526e-01
-1.649114748393499141e+00 1.648957364004925097e+00 -1.579723272514073962e+00 2.352375581592458520e+00 -3.198161013472766712e-01
-1.632523642415772969e+00 1.700910767487265218e+00 -1.569430789465228182e+00 2.355680365594058578e+00 -3.340747769669345502e-01
-1.718597870309851672e+00 1.724998047454093353e+00 -1.568752891004359551e+00 2.349763349578345650e+00 -3.244718268942143879e-01
-1.639400663546908277e+00 1.683354336852396216e+00 -1.578340746964703056e+00 2.360145023195122427e+00 -3.269366294407340945e-01
-1.441285073665166117e+00 1.641403711280558397e+00 -1.540484771347292448e+00 2.402667993523545320e+00 -3.846189001516080452e-01
-1.587094498224132622e+00 1.644148346144813644e+00 -1.565448590811105767e+00 2.353052444396084297e+00 -3.355137110564712088e-01
-1.435510475076017478e+00 1.701828311997001464e+00 -1.521720711921939806e+00 2.406291086499757537e+00 -4.117770970771168493e-01
-1.681057259395462467e+00 1.709121251824610610e+00 -1.572093155567366285e+00 2.346327676624646141e+00 -3.242268248179858148e-01
-1.413721813527949678e+00 1.685076782577283439e+00 -1.518216912128645069e+00 2.392846679954495404e+00 -4.123579413929139292e-01
-1.404888470242189769e+00 1.643330765061838505e+00 -1.508662058080621593e+00 2.395802795522842032e+00 -4.153554205493001916e-01
-1.703296936485812374e+00 1.702246148315662566e+00 -1.575160256199185094e+00 2.350674586603620053e+00 -3.221887337876321311e-01
-1.458957148000144421e+00 1.658117544712919056e+00 -1.535036082618824516e+00 2.376287057134296443e+00 -3.786922004526331875e-01
-1.438016475468243627e+00 1.668117085973104707e+00 -1.504665421428663219e+00 2.377394847844372272e+00 -4.098977532725633921e-01
-1.438016475468243627e+00 1.668117085973104707e+00 -1.504665421428663219e+00 2.377394847844372272e+00 -4.098977532725633921e-01
-1.558056125329606800e+00 1.648836097396147338e+00 -1.558296648198381762e+00 2.372710686732839136e+00 -3.505723466591224025e-01
-1.479495640280527269e+00 1.656079591347150881e+00 -1.525431641283734763e+00 2.386565079908685938e+00 -3.870685189008256089e-01
-1.448946347060983797e+00 1.681432628444227362e+00 -1.513014983711850725e+00 2.400011378564654851e+00 -4.087945430641113376e-01
-1.539983438655768921e+00 1.675903846036971956e+00 -1.557592929356008238e+00 2.389338955253279106e+00 -3.588365666684900646e-01
-1.514191772496069177e+00 1.703922942867038159e+00 -1.554393669082357210e+00 2.387277822981854758e+00 -3.647421912068278260e-01
-1.514191772496069177e+00 1.703922942867038159e+00 -1.554393669082357210e+00 2.387277822981854758e+00 -3.647421912068278260e-01
-1.391842084983270666e+00 1.673391610142347830e+00 -1.510445752054751622e+00 2.395393546437481813e+00 -4.207589514459151303e-01
-1.577938292181004343e+00 1.650885650839374108e+00 -1.559402331464935898e+00 2.356665111318212436e+00 -3.382058651704671348e-01
-1.626078445800441585e+00 1.722423477382308832e+00 -1.569567685498730381e+00 2.376148723725921119e+00 -3.371261058304391156e-01
-1.626078445800441585e+00 1.722423477382308832e+00 -1.569567685498730381e+00 2.376148723725921119e+00 -3.371261058304391156e-01
-1.622729777178126831e+00 1.655196473065235097e+00 -1.568262189859591427e+00 2.350504954347919728e+00 -3.308148793885212768e-01
-1.622729777178126831e+00 1.655196473065235097e+00 -1.568262189859591427e+00 2.350504954347919728e+00 -3.308148793885212768e-01
-1.541037016985770336e+00 1.661227293925700010e+00 -1.538926562477582749e+00 2.368441009826395494e+00 -3.663822927877955493e-01
-1.613525969471831800e+00 1.651013222443729944e+00 -1.579220879211995054e+00 2.371078378254168229e+00 -3.277158123715491200e-01
-1.678658978167583804e+00 1.705511795823774435e+00 -1.573191519562717078e+00 2.354640702025917243e+00 -3.270363011828809618e-01
-1.597576292929344888e+00 1.668864630428332774e+00 -1.578149523924319952e+00 2.366136742436878215e+00 -3.308361915505759754e-01
-1.528634256109114631e+00 1.667148820235828666e+00 -1.530106324263969864e+00 2.369353641600889571e+00 -3.711272250005954731e-01
-1.528634256109114631e+00 1.667148820235828666e+00 -1.530106324263969864e+00 2.369353641600889571e+00 -3.711272250005954731e-01
-1.655064968775157297e+00 1.690765417953558725e+00 -1.555006314517444199e+00 2.357804653414942830e+00 -3.384365285729433737e-01
-1.517949608907314563e+00 1.701025978247496795e+00 -1.519431601507529095e+00 2.364855908032693410e+00 -3.841278518440489620e-01
-1.565641424419966121e+00 1.700387355792774002e+00 -1.555997714255194619e+00 2.361430788936458747e+00 -3.485193808907567359e-01
-1.548053369147641689e+00 1.683538136525479345e+00 -1.569710656854054864e+00 2.382228807528064429e+00 -3.467628057973808353e-01
-1.560986918816245961e+00 1.673743062611318777e+00 -1.542660998077977075e+00 2.354544769079085498e+00 -3.543809918167717399e-01
-1.627489554523206650e+00 1.706701133028197148e+00 -1.569635661616530342e+00 2.355640640789064655e+00 -3.308474460398755923e-01
-1.413688235522853276e+00 1.697465688394109051e+00 -1.507944607225856437e+00 2.395280191237013412e+00 -4.194284965727259618e-01
-1.413688235522853276e+00 1.697465688394109051e+00 -1.507944607225856437e+00 2.395280191237013412e+00 -4.194284965727259618e-01
-1.377430637864884844e+00 1.662014202542000163e+00 -1.510520813162886000e+00 2.402134089876237333e+00 -4.238925112112976734e-01
-1.470650326103315919e+00 1.702788882603110565e+00 -1.505883351230861589e+00 2.385449564205829098e+00 -4.072288629654003955e-01
-1.492439175023974052e+00 1.710587004075996731e+00 -1.525917855097536746e+00 2.390175496810654554e+00 -3.883640963253238709e-01
-1.618551751968537289e+00 1.735510806108123916e+00 -1.559890516911464520e+00 2.368151892790679724e+00 -3.446302985411424658e-01
-1.403426987605881138e+00 1.654112318357823241e+00 -1.519654057628303523e+00 2.410587309678280832e+00 -4.111577234886425458e-01
-1.652538922695844015e+00 1.710759598093131828e+00 -1.572419658314881730e+00 2.374157544589655000e+00 -3.302397973430988287e-01
-1.447095678270780894e+00 1.692948041823354899e+00 -1.523311259671137119e+00 2.389486118162394312e+00 -4.039102072322968695e-01
-1.669731962771954237e+00 1.726852998476367418e+00 -1.561845069043414025e+00 2.359600408371381075e+00 -3.337187893860669163e-01
-1.669200033961871554e+00 1.701791653411085292e+00 -1.556546118309761084e+00 2.355799474706311347e+00 -3.365889343469472550e-01
-1.412710139919187036e+00 1.698336462958145887e+00 -1.497084884710599084e+00 2.403738148395888174e+00 -4.298322579340929650e-01
-1.450432000164783020e+00 1.701859850211910441e+00 -1.507131626327123275e+00 2.395555434427539154e+00 -4.168095757924099587e-01
-1.693930282657271746e+00 1.666917778483032464e+00 -1.589413785891776509e+00 2.353811753475692825e+00 -3.103987026258963056e-01
-1.466526170418422481e+00 1.652126528144677309e+00 -1.548031591847769395e+00 2.400698127305238128e+00 -3.749216087791236163e-01
-1.555431824081365377e+00 1.690549964562658047e+00 -1.563127745344595088e+00 2.369074191620160974e+00 -3.455266074671250465e-01
-1.491538185020816698e+00 1.717807225818910766e+00 -1.512879135531288721e+00 2.388145846314318810e+00 -4.020714492297052800e-01
-1.429929794862540682e+00 1.685639235991395424e+00 -1.510031615287049434e+00 2.380229616823305694e+00 -4.101299158739770689e-01
-1.597234050013712547e+00 1.647336774665589587e+00 -1.556736634316820966e+00 2.364193930278231104e+00 -3.424237599596846593e-01
-1.528159236787820063e+00 1.715541918564465362e+00 -1.541299541160133568e+00 2.384434319462522822e+00 -3.701974297130110614e-01
-1.460566758640831964e+00 1.709754283553932552e+00 -1.511452309123865634e+00 2.399853047532555461e+00 -4.098856616940302899e-01
-1.387222500968645633e+00 1.633499046271893462e+00 -1.518489247486292548e+00 2.397306747704214924e+00 -4.109889427475028612e-01
-1.434712020872542126e+00 1.674766959444948355e+00 -1.516278736524745208e+00 2.387478215430042905e+00 -4.088843456270918608e-01
-1.597492167894941417e+00 1.711541982761104919e+00 -1.550071430699190289e+00 2.373105364662527972e+00 -3.563781865041804053e-01
-1.627203444357894213e+00 1.653299879346700862e+00 -1.568779208993033247e+00 2.357139042408576302e+00 -3.317610045968955035e-01
-1.627203444357894213e+00 1.653299879346700862e+00 -1.568779208993033247e+00 2.357139042408576302e+00 -3.317610045968955035e-01
-1.540938725258433450e+00 1.699879523970178496e+00 -1.548642888173657362e+00 2.373869037878209021e+00 -3.657418626237092241e-01
-1.448526920113362593e+00 1.686815951158852300e+00 -1.520045203171915382e+00 2.376691469286515090e+00 -3.980690429354680759e-01
-1.578534801988061176e+00 1.681353843591061548e+00 -1.571412487662893653e+00 2.382711615564287566e+00 -3.385029052521257853e-01
-1.634076000041868149e+00 1.701747879908628747e+00 -1.549062570213747492e+00 2.359634383836684446e+00 -3.468961298975603569e-01
-1.510702775063776038e+00 1.636371563763907133e+00 -1.558297966484595509e+00 2.369379872229743000e+00 -3.536641151897175206e-01
-1.519553104635866347e+00 1.626365878944614707e+00 -1.548967724602379636e+00 2.367958171304497927e+00 -3.551855353584105757e-01
-1.381581546922710402e+00 1.683177095944186519e+00 -1.494885686544345837e+00 2.413358965996769800e+00 -4.427114360387172098e-01
-1.420576794767473672e+00 1.670491819232927000e+00 -1.503280273337764150e+00 2.398000742877754998e+00 -4.186139853931578614e-01
-1.457500309914292913e+00 1.675550848114726321e+00 -1.515936410424366887e+00 2.371623401066293990e+00 -3.955056384684247917e-01
-1.526186098490823539e+00 1.667194349270291198e+00 -1.562890167791194163e+00 2.389042101881885038e+00 -3.517784732120059488e-01
-1.646454937252154416e+00 1.725328032500248909e+00 -1.571794959915526535e+00 2.363769776544814238e+00 -3.309496761109169682e-01
-1.639662343237429099e+00 1.703837836801476158e+00 -1.580662961306599223e+00 2.371057932890303643e+00 -3.251555793281131201e-01
-1.493611363621178967e+00 1.706534728933934986e+00 -1.524799731170606520e+00 2.392790762634239510e+00 -3.947083270159001955e-01
-1.475274747572815848e+00 1.635954877589753664e+00 -1.551840245982400779e+00 2.391963223539716132e+00 -3.659175882668250779e-01
-1.581503152328208373e+00 1.669157858445748488e+00 -1.558581895330363842e+00 2.376686719460634922e+00 -3.493118433347319751e-01
-1.634718734633363368e+00 1.732421808147915243e+00 -1.563575412802957310e+00 2.368456488764399737e+00 -3.395260538820075169e-01
-1.736936785110938075e+00 1.685638499795654610e+00 -1.586233818212290370e+00 2.344331805721177275e+00 -3.080728658836768830e-01
-1.736936785110938075e+00 1.685638499795654610e+00 -1.586233818212290370e+00 2.344331805721177275e+00 -3.080728658836768830e-01
-1.549702168661823087e+00 1.663983151523762416e+00 -1.563268834273111141e+00 2.363091371237570737e+00 -3.461519556361594141e-01
-1.567177274340389559e+00 1.665435515117604126e+00 -1.555622755079072883e+00 2.352756274515765522e+00 -3.459479292520093452e-01
-1.509215994428123153e+00 1.686123053197558619e+00 -1.527229806433867187e+00 2.362447680074736045e+00 -3.798667606772347938e-01
-1.453807443272500777e+00 1.717486424932904043e+00 -1.523228999251128091e+00 2.401238837541324500e+00 -4.059128061335481874e-01
-1.768592319115660949e+00 1.682666966177787771e+00 -1.582796411088583710e+00 2.344260431300830394e+00 -3.064115978206078950e-01
-1.504461907478727767e+00 1.698413601486038260e+00 -1.547998281078200922e+00 2.398332348194919028e+00 -3.729128228846239068e-01
-1.504461907478727767e+00 1.698413601486038260e+00 -1.547998281078200922e+00 2.398332348194919028e+00 -3.729128228846239068e-01
-1.631950086746779327e+00 1.644969960448118940e+00 -1.583091667984481310e+00 2.360743645572753291e+00 -3.189397780203506727e-01
-1.709437439930017177e+00 1.683586786598192830e+00 -1.579327022649416268e+00 2.342799371466276259e+00 -3.140001500403499790e-01
-1.453522834937530206e+00 1.688246037069248473e+00 -1.522210598347674804e+00 2.378639937259957371e+00 -3.988422930457460325e-01
-1.548799098338728086e+00 1.728245500865499551e+00 -1.532697861208685230e+00 2.379760068764851688e+00 -3.754535466033779301e-01
-1.718025489424343633e+00 1.709989381573242540e+00 -1.573240068419632820e+00 2.346192417585934109e+00 -3.176655597376143447e-01
-1.447072553293134334e+00 1.646312112974042563e+00 -1.520526472974901733e+00 2.386718759926651501e+00 -3.969587048708760335e-01
-1.538456831462747587e+00 1.657928016719401043e+00 -1.560695632743223094e+00 2.375346404307836057e+00 -3.463432970140587486e-01
-1.552078495348603759e+00 1.718985323873390314e+00 -1.528039978489588391e+00 2.365581670430507710e+00 -3.745413146609024579e-01
-1.552378151763207370e+00 1.644931614684177035e+00 -1.565960853829611255e+00 2.382507061141039717e+00 -3.440239681968204621e-01
-1.656882740579963098e+00 1.666218133790193789e+00 -1.583450730434325715e+00 2.363327607463743707e+00 -3.202882616931326254e-01
-1.604527982655049811e+00 1.700595235834956753e+00 -1.556649022785191683e+00 2.355255192249292140e+00 -3.460236249908028583e-01
-1.415329348038147472e+00 1.661635592225129798e+00 -1.512861682123979090e+00 2.396968881433390930e+00 -4.153560796803272837e-01
-1.493574874419700826e+00 1.623085408743229152e+00 -1.550699684060991013e+00 2.375301744819254157e+00 -3.587828353543081050e-01
-1.492919575549224831e+00 1.694238305273474410e+00 -1.516925691173444779e+00 2.384561984856993000e+00 -3.935573007388466493e-01
-1.619054832467504923e+00 1.715543055128383898e+00 -1.563451269501848984e+00 2.362134353106409179e+00 -3.372090365453939143e-01
-1.441934363399218988e+00 1.683905058828912615e+00 -1.531286714022029427e+00 2.407248704891911117e+00 -3.999180743370125413e-01
-1.444192196117610294e+00 1.716692303807501929e+00 -1.504924656728273025e+00 2.401256700619019746e+00 -4.218578080015404907e-01
-1.374681369416490995e+00 1.653023993742188225e+00 -1.508419941986455015e+00 2.403745780794822373e+00 -4.269417249742506471e-01
-1.483864083573679160e+00 1.676340365478889538e+00 -1.524864050626191680e+00 2.370367217206511334e+00 -3.823180094122982098e-01
-1.681256588541916841e+00 1.655459223558095161e+00 -1.583158863862860422e+00 2.349608570895162174e+00 -3.134045274984806895e-01
-1.700399878707024470e+00 1.657941559691007427e+00 -1.585557479620696819e+00 2.349749898597170983e+00 -3.087913858803723599e-01
-1.488551394121188309e+00 1.668830053743700859e+00 -1.544076603842883255e+00 2.399038478774014216e+00 -3.759724632140724054e-01
-1.601022882428208227e+00 1.683269066117812685e+00 -1.554367355747899637e+00 2.366858775664373749e+00 -3.496208476712716617e-01
-1.515031027827162369e+00 1.650705507519544923e+00 -1.565962393555774490e+00 2.384009552563032486e+00 -3.499734761744388578e-01
-1.611903175799012544e+00 1.700871544114107792e+00 -1.548760605392322853e+00 2.363605002760456042e+00 -3.522366179490266092e-01
-1.470190975001706590e+00 1.681983173119439456e+00 -1.531985637771809738e+00 2.401776287989408676e+00 -3.918552564524606652e-01
-1.547270620921020523e+00 1.644627693987509076e+00 -1.557062490156797985e+00 2.357458986920732968e+00 -3.463631960863740034e-01
-1.547270620921020523e+00 1.644627693987509076e+00 -1.557062490156797985e+00 2.357458986920732968e+00 -3.463631960863740034e-01
-1.505783647186179408e+00 1.711737378725764813e+00 -1.546011386494646533e+00 2.385666179523421970e+00 -3.733450372662119321e-01
-1.558086274899117996e+00 1.657679599288277572e+00 -1.548182623140501146e+00 2.364756284192600866e+00 -3.565377426962044183e-01
-1.663252630993328651e+00 1.707876747799009109e+00 -1.566426258260583460e+00 2.365756335488489626e+00 -3.347094216524926225e-01
-1.663252630993328651e+00 1.707876747799009109e+00 -1.566426258260583460e+00 2.365756335488489626e+00 -3.347094216524926225e-01
-1.703947972737254624e+00 1.698720375245045489e+00 -1.578510581951269476e+00 2.359110878066116523e+00 -3.160541602557582763e-01
-1.540595109586910816e+00 1.671070685176372805e+00 -1.539775521563658822e+00 2.360456530873732639e+00 -3.650175133517628012e-01
-1.638556424024843139e+00 1.664516971316123417e+00 -1.575418412422889602e+00 2.367433182791391477e+00 -3.284879100825612852e-01
-1.494213751317055028e+00 1.692269190545008684e+00 -1.522213664849531467e+00 2.385952364699480022e+00 -3.932056287802137007e-01
-1.471924262111204307e+00 1.683297007510905274e+00 -1.546625300305268791e+00 2.399000482809793944e+00 -3.777897757467627571e-01
-1.487416209194913463e+00 1.646341593690669569e+00 -1.536051412475190059e+00 2.369146691574022690e+00 -3.751099612569213093e-01
-1.578428524376199960e+00 1.666728259015840763e+00 -1.572922875722542857e+00 2.381810992842119834e+00 -3.386992841156004630e-01
-1.663815253871803179e+00 1.696039853309965650e+00 -1.581691254257074242e+00 2.359710067304612746e+00 -3.179971895311979324e-01
-1.571066613121141486e+00 1.634499289228539709e+00 -1.567140190788608001e+00 2.361004815548403801e+00 -3.350232412895710610e-01
-1.431831067024059934e+00 1.662059319563573112e+00 -1.507358543908255299e+00 2.390308598957558317e+00 -4.113989901807268978e-01
-1.503825005605770926e+00 1.680259932818422897e+00 -1.532727720385167913e+00 2.371238275043701549e+00 -3.730947741335679524e-01
-1.746358615996330244e+00 1.680834079247905066e+00 -1.588469373930656570e+00 2.355661566262267748e+00 -3.052551103417240341e-01
-1.407822499021403218e+00 1.698635047401545251e+00 -1.498065536287233712e+00 2.408277293498389149e+00 -4.327183665358003140e-01
-1.539438969545871672e+00 1.659857559044095154e+00 -1.562556717400244599e+00 2.381674787223343692e+00 -3.525102721087645108e-01
-1.662253389471446852e+00 1.704873048369123012e+00 -1.569538411023237101e+00 2.369715349545217897e+00 -3.298889923878416397e-01
-1.651275601026366502e+00 1.721806877177243678e+00 -1.569324492015339967e+00 2.361976820929202692e+00 -3.339422265821632152e-01
-1.554838155738163863e+00 1.722779972689011174e+00 -1.531490350435188441e+00 2.375893044433875723e+00 -3.751633271372583067e-01
-1.530385069715720192e+00 1.725478101052807745e+00 -1.539988308529375516e+00 2.378370738659181249e+00 -3.753772900965159920e-01
-1.474320613742897912e+00 1.692938263701826429e+00 -1.537843715707533754e+00 2.400561991581402488e+00 -3.885104736779894097e-01
-1.605285982740998207e+00 1.703903689273207789e+00 -1.554498886108226952e+00 2.351970133729530232e+00 -3.444988242350213170e-01
-1.398439749115657271e+00 1.656195601197330447e+00 -1.514107280660558663e+00 2.389886370673006688e+00 -4.124817384681733756e-01
-1.528574417412002617e+00 1.668787333340787882e+00 -1.543175910225530245e+00 2.358287062779917953e+00 -3.620784665685512493e-01
-1.465873987957401425e+00 1.690544571389942519e+00 -1.540614251831705195e+00 2.391113492192605605e+00 -3.853938463266963765e-01
-1.470287174356853299e+00 1.717303667084184582e+00 -1.518826655472729437e+00 2.399500741956393401e+00 -4.052303901048119883e-01
-1.401805444236218889e+00 1.668352502003376259e+00 -1.522553653656277373e+00 2.400719593186515510e+00 -4.096411678846791915e-01
-1.446543475142183510e+00 1.720744779253335466e+00 -1.506604517542164290e+00 2.399721038422066410e+00 -4.198436935981888496e-01
-1.497260784517294496e+00 1.648440732694494315e+00 -1.553808286809067463e+00 2.372786061294438920e+00 -3.576982591214719065e-01
-1.598632576999428068e+00 1.638801113571544121e+00 -1.563866683195985541e+00 2.362268564169291096e+00 -3.350923582394891298e-01
-1.403675395724897079e+00 1.673996074086389285e+00 -1.503937446846010051e+00 2.395794579324932450e+00 -4.260292328294319475e-01
-1.403675395724897079e+00 1.673996074086389285e+00 -1.503937446846010051e+00 2.395794579324932450e+00 -4.260292328294319475e-01
-1.412311557017652319e+00 1.700036118209100167e+00 -1.509257542084309289e+00 2.402365949294098968e+00 -4.248884300029942551e-01
-1.690322389897111144e+00 1.673687367226792233e+00 -1.572559868812684059e+00 2.346118949751823557e+00 -3.184593635812618118e-01
-1.707811167236640948e+00 1.686087571551063036e+00 -1.583691367136591088e+00 2.348046038368524879e+00 -3.102827243560408732e-01
-1.593273430516193301e+00 1.689492300067259478e+00 -1.557846857724486389e+00 2.353238023863761796e+00 -3.414188159561746261e-01
-1.547840765883125691e+00 1.685596216412854176e+00 -1.537111606216919446e+00 2.372127232622070370e+00 -3.645273526378041140e-01
-1.563674053125474472e+00 1.708805192497909076e+00 -1.540077632949555353e+00 2.374070255644958660e+00 -3.629180505868294659e-01
-1.574935076676267087e+00 1.660884849917245276e+00 -1.566198276006034673e+00 2.379373177113169646e+00 -3.400973432634284421e-01
-1.528677642586764307e+00 1.647279266227318573e+00 -1.560720961394148176e+00 2.373622646687117754e+00 -3.471125418556333386e-01
-1.444282123381762872e+00 1.635571968109514884e+00 -1.533178634650205652e+00 2.379629384261868097e+00 -3.818908593736320967e-01
-1.412623557394010021e+00 1.640198691301762324e+00 -1.515192564648201845e+00 2.393696097448386517e+00 -4.071610551371112052e-01
-1.506729769356248028e+00 1.659917507765850786e+00 -1.551242558355614642e+00 2.369627557561405418e+00 -3.581446646359189856e-01
-1.403493758169695127e+00 1.635997481424972477e+00 -1.526021519383128577e+00 2.400030653573250738e+00 -4.013963073099997558e-01
-1.409790866878836368e+00 1.646875802139959433e+00 -1.521507128260820352e+00 2.386739389093744279e+00 -4.018978241945365681e-01
-1.572657681878660618e+00 1.677284303058833359e+00 -1.544764001002542075e+00 2.367111890636155902e+00 -3.538899842141347563e-01
-1.628617450106783160e+00 1.658657477829393656e+00 -1.565288055056866634e+00 2.352371562864127963e+00 -3.326412128767444187e-01
-1.437906087555473889e+00 1.674389948659984029e+00 -1.535139321434412674e+00 2.406825878894229387e+00 -3.946571318719644950e-01
-1.624139264513578595e+00 1.697323175610216950e+00 -1.556824718080017877e+00 2.362484824261916305e+00 -3.451063604305151244e-01
-1.619889610966350091e+00 1.716460899701736764e+00 -1.570628088534735900e+00 2.372272581194466934e+00 -3.359960310457594801e-01
-1.619889610966350091e+00 1.716460899701736764e+00 -1.570628088534735900e+00 2.372272581194466934e+00 -3.359960310457594801e-01
-1.471055793202683759e+00 1.649374987570126905e+00 -1.546270881399535613e+00 2.380308000019895953e+00 -3.734788436050990867e-01
-1.450074526045527890e+00 1.647832938738174491e+00 -1.544570297576708828e+00 2.384901397363842435e+00 -3.763050157949585639e-01
-1.422281885308825267e+00 1.677392677906242469e+00 -1.519362159625009090e+00 2.386742155289295120e+00 -4.061031622006687769e-01
-1.527374477972044176e+00 1.665809234280601459e+00 -1.537299516890300755e+00 2.376856433459672679e+00 -3.671489089905008996e-01
-1.435537737900364874e+00 1.699064870592177812e+00 -1.513349932627751970e+00 2.399214798556631667e+00 -4.105878970179617227e-01
-1.549935712590173154e+00 1.649337285227446159e+00 -1.553247253921604676e+00 2.378218905392031957e+00 -3.536950240700118542e-01
-1.541628269419174302e+00 1.671845089813579932e+00 -1.567752083365430149e+00 2.378025055715453639e+00 -3.473654176602334331e-01
-1.521616207995554859e+00 1.698253954878428118e+00 -1.556106208088672727e+00 2.388800044042351800e+00 -3.618502391374640581e-01
-1.643544801341565886e+00 1.644056176413130288e+00 -1.575899291160927973e+00 2.356183665750910983e+00 -3.220541838118897715e-01
-1.453869475231510222e+00 1.687376445923211676e+00 -1.517190371687700434e+00 2.382531345893304398e+00 -3.977814599623172853e-01
-1.438623355521193581e+00 1.658656079806030803e+00 -1.517889534756542869e+00 2.376589584997058857e+00 -3.994573216612788968e-01
-1.597187417897973916e+00 1.674893730438153483e+00 -1.561819433925019762e+00 2.351360305099672754e+00 -3.378502180697147139e-01
-1.517567572593898184e+00 1.690925704423570153e+00 -1.537262807680679355e+00 2.391434851037335108e+00 -3.763157771534029195e-01
-1.646487963680856481e+00 1.684174023458002267e+00 -1.557573574082601997e+00 2.360106236574335270e+00 -3.375499832455854943e-01
-1.514162077397879003e+00 1.669065031331530946e+00 -1.541814274928527073e+00 2.378900420914113134e+00 -3.725099931246891316e-01
-1.543333219973074044e+00 1.665983736331090981e+00 -1.544360197342807606e+00 2.355878881340613074e+00 -3.573975883882010152e-01
-1.528460506179314393e+00 1.703398573961987239e+00 -1.542796009081855546e+00 2.368984801685262376e+00 -3.653010803139213891e-01
-1.700847335565340401e+00 1.712091088844241327e+00 -1.570593041248964372e+00 2.357887208656732181e+00 -3.235393070374872337e-01
-1.603138795839758046e+00 1.673473491188241624e+00 -1.564654436922720437e+00 2.376377502160066602e+00 -3.415516036027419489e-01
-1.449681026822636554e+00 1.677198179590742910e+00 -1.528292279692996303e+00 2.394436890133474272e+00 -3.985480712100581968e-01
-1.485499697482397963e+00 1.626797493765634428e+00 -1.544539153788430541e+00 2.373708168782284744e+00 -3.664626066546681216e-01
-1.447288843584715323e+00 1.713434848099524288e+00 -1.507474279173440568e+00 2.386364309231129965e+00 -4.148814264721121248e-01
-1.429241581476591527e+00 1.710341354938849534e+00 -1.499730475133115082e+00 2.391244418941602667e+00 -4.248912743117170265e-01
-1.636077901444769722e+00 1.660915593259495893e+00 -1.575647181912495975e+00 2.367948568874782111e+00 -3.244308902713406439e-01
-1.576694287916703630e+00 1.664247741409042192e+00 -1.563628780655068828e+00 2.360192944828427564e+00 -3.375160605606524200e-01
-1.666072050013886141e+00 1.670167426090863216e+00 -1.580584373357594163e+00 2.363957836178924410e+00 -3.176646254393151736e-01
-1.448239685799580734e+00 1.653957265340768146e+00 -1.536910257474747521e+00 2.398896415606303734e+00 -3.846811266673615393e-01
-1.545279462877571675e+00 1.707527010250224464e+00 -1.539167917009481634e+00 2.361469859708072772e+00 -3.664374175005153944e-01
-1.548223912892935594e+00 1.669660673860704492e+00 -1.535286558973254278e+00 2.364104547481494123e+00 -3.654560537923874364e-01
-1.618013321013647143e+00 1.721680747960670388e+00 -1.549080467231683134e+00 2.365957545458817091e+00 -3.518373312569060829e-01
-1.623985599922279199e+00 1.721455651191295289e+00 -1.564095067704188935e+00 2.371969006280157277e+00 -3.398106325858751831e-01
-1.681511566558939741e+00 1.684461196790298487e+00 -1.577652019145024731e+00 2.354198420606621767e+00 -3.216397533610848569e-01
-1.478729748311840453e+00 1.684800485492658595e+00 -1.525746509370175641e+00 2.395776065360289309e+00 -3.913227165761039572e-01
-1.394700126637074433e+00 1.677922573404851292e+00 -1.502479113009408618e+00 2.409697867051345366e+00 -4.296425420796943229e-01
-1.643562910237161390e+00 1.711956301704267602e+00 -1.568765084291898759e+00 2.354633297799410663e+00 -3.312802721108276671e-01
-1.397632923852246911e+00 1.644195458429800638e+00 -1.522293313056677144e+00 2.395998844032514175e+00 -4.058329041545842841e-01
-1.684402395523196816e+00 1.704092237156471512e+00 -1.573284097584694674e+00 2.351729202516379846e+00 -3.207956261530533482e-01
-1.648754482885539829e+00 1.646445593962004850e+00 -1.578041603717486474e+00 2.356193529094128269e+00 -3.197736019473538249e-01
-1.425629446532366451e+00 1.652880283976859488e+00 -1.517355586449222749e+00 2.384288848648100867e+00 -4.045639826052820354e-01
-1.548991420285091181e+00 1.695030899829356841e+00 -1.552754082024784932e+00 2.365136523780188238e+00 -3.535150541408587088e-01
-1.450948424458639252e+00 1.680948603474828218e+00 -1.537197607972620395e+00 2.394323871402327608e+00 -3.867172390007809213e-01
-1.624939976239499373e+00 1.704279283745824713e+00 -1.567734801353509955e+00 2.369346161719799504e+00 -3.390363259711985933e-01
-1.528713152510224660e+00 1.729581336252115520e+00 -1.536925257514011323e+00 2.380720287200773555e+00 -3.770280245288688548e-01
-1.393154912188747652e+00 1.661621597557674690e+00 -1.513410780611251116e+00 2.399240205494294731e+00 -4.158654627094868772e-01
-1.493053756173268631e+00 1.628084993914338696e+00 -1.554343278194448175e+00 2.379234924004218321e+00 -3.594108355750229578e-01
-1.582039834471654416e+00 1.667522983968645178e+00 -1.562538139418489624e+00 2.360331507094888703e+00 -3.431682279362728849e-01
-1.696610819605672837e+00 1.703881454961763353e+00 -1.573272407588518496e+00 2.361496928641687365e+00 -3.247838079486502494e-01
-1.411133370544582988e+00 1.689552784357816861e+00 -1.514371295361497172e+00 2.402513388608748190e+00 -4.160504792176258348e-01
-1.719858729926027507e+00 1.715425066320408476e+00 -1.580689345747060992e+00 2.359286045708651969e+00 -3.164964310649818202e-01
-1.506913264309446276e+00 1.645592273966791197e+00 -1.552590143557597280e+00 2.387264080613374695e+00 -3.601849171302475838e-01
-1.575718556599352560e+00 1.710647986888167438e+00 -1.561371493392105902e+00 2.382978817309592046e+00 -3.501487683821231656e-01
-1.631237459811666568e+00 1.717657940239011083e+00 -1.567614920503274334e+00 2.361246724398346597e+00 -3.343063367239267336e-01
-1.595895965043509612e+00 1.692039987015272473e+00 -1.565134266277059982e+00 2.381393711677456615e+00 -3.423699874294623413e-01
-1.444383099789929403e+00 1.705736428080237843e+00 -1.518425424766783660e+00 2.399593627847409039e+00 -4.065754482194208208e-01
-1.558480460958655556e+00 1.699793996867271062e+00 -1.559461213899594023e+00 2.383871105282177716e+00 -3.556300674726848854e-01
-1.531549494479792273e+00 1.720845831631244494e+00 -1.541804596034217489e+00 2.378504101537221693e+00 -3.699685463496500404e-01
-1.539936508979454999e+00 1.698735504474381486e+00 -1.550400729241016240e+00 2.390912297509302231e+00 -3.647036063711421860e-01
-1.500905666172933195e+00 1.707046360443587929e+00 -1.536435853027542597e+00 2.391437526619010434e+00 -3.796829496327056575e-01
-1.579352719651341275e+00 1.662006559544490614e+00 -1.566620973367101488e+00 2.359569670723478563e+00 -3.390140727461989911e-01
-1.597145248617801272e+00 1.723739020642504727e+00 -1.559178279044003856e+00 2.376480663660727632e+00 -3.494946752572509752e-01
-1.423503144773344609e+00 1.687770816455735456e+00 -1.504693188035447715e+00 2.387829734630884104e+00 -4.163006843023513426e-01
-1.620597985244667250e+00 1.723926963197499163e+00 -1.559339209594051923e+00 2.362166002483496285e+00 -3.442144444661945357e-01
-1.554069796561901917e+00 1.658701987502277930e+00 -1.543525287332704110e+00 2.360150858085540815e+00 -3.551074220682810534e-01
-1.424661623732115245e+00 1.693453258270567474e+00 -1.510598132327503951e+00 2.394749796424918475e+00 -4.188683713565595212e-01
-1.584517033537648167e+00 1.662407671625636851e+00 -1.565501425899497479e+00 2.355337978927364073e+00 -3.364443987404044378e-01
-1.595977857055369320e+00 1.692580098400359390e+00 -1.551559109374217815e+00 2.370044168350485592e+00 -3.530189403420518346e-01
-1.586282295464772396e+00 1.673708811968470656e+00 -1.555848300008853435e+00 2.361434305561327385e+00 -3.421823863411113109e-01
-1.474463072756742932e+00 1.645781053596524046e+00 -1.553274505005905581e+00 2.390300980658068397e+00 -3.678971596822009360e-01
-1.415937165534724151e+00 1.645285320514613403e+00 -1.529479317235866054e+00 2.400765356921904736e+00 -3.995691715087517082e-01
-1.651381134775242288e+00 1.692711789975078318e+00 -1.558399558959722153e+00 2.360914549429489639e+00 -3.378159102578290884e-01
-1.732229829630485440e+00 1.685294954529645395e+00 -1.587686866270523467e+00 2.357252242848854706e+00 -3.077003651077756530e-01
-1.622951443068580524e+00 1.721161744750187239e+00 -1.559652231500207265e+00 2.359760539549026870e+00 -3.429067890449992717e-01
-1.399197296207271179e+00 1.695083001119348509e+00 -1.504468062268562445e+00 2.410056163232222826e+00 -4.314858550242277602e-01
-1.618374925183346136e+00 1.728329563875597330e+00 -1.558641694635692021e+00 2.369304058726143580e+00 -3.452487948016997876e-01
-1.522466054389459700e+00 1.710442382277827633e+00 -1.546247517283569017e+00 2.379673213656070097e+00 -3.673475318856400662e-01
-1.716822572193086316e+00 1.699084958933994471e+00 -1.579696137052549965e+00 2.347725880134375664e+00 -3.153709195359226669e-01
-1.520539601920617656e+00 1.679572399259622983e+00 -1.550292982007026144e+00 2.366739175949506890e+00 -3.594765281964917847e-01
-1.438851343730715548e+00 1.649619475921506151e+00 -1.529002880916204399e+00 2.390801872085492441e+00 -3.948815372062792761e-01
-1.533908661595056344e+00 1.663307856656841111e+00 -1.538371946651118094e+00 2.359386322802124347e+00 -3.642213779955287833e-01
-1.401822735787149554e+00 1.675720702516038330e+00 -1.500528665034666309e+00 2.391973560271646537e+00 -4.245016615697689844e-01
-1.601877239590661972e+00 1.652655353592383136e+00 -1.562973898768790448e+00 2.352556000528835956e+00 -3.348929085340763834e-01
-1.492545528216480122e+00 1.692626062967097056e+00 -1.521430018372347259e+00 2.388334261910048273e+00 -3.924706946987726042e-01
-1.461758611908514638e+00 1.658445299032864639e+00 -1.535692579256258128e+00 2.385332562849644233e+00 -3.793032308086647930e-01
-1.559041463404253314e+00 1.706597987950527084e+00 -1.554563511783372487e+00 2.373147451197024527e+00 -3.580736695250728019e-01
-1.572950966326907007e+00 1.675320360910552253e+00 -1.561360305688861194e+00 2.367813160329279132e+00 -3.413561809100951194e-01
-1.628578493140282468e+00 1.669620320333693897e+00 -1.558234038102479069e+00 2.353655284695157501e+00 -3.354665300473946843e-01
-1.662116116076992611e+00 1.698149431624912609e+00 -1.560051294264130251e+00 2.358628234879906582e+00 -3.358507421432204154e-01
-1.620914243104403241e+00 1.669700859367198476e+00 -1.578837539291402692e+00 2.359844365806085253e+00 -3.249468669593049697e-01
-1.528788482767121870e+00 1.642403798849308316e+00 -1.544810144287608544e+00 2.362495625049575665e+00 -3.580286087478814494e-01
-1.551278679691776574e+00 1.702170450200684471e+00 -1.542266394248067218e+00 2.367685428191901753e+00 -3.608149546548276021e-01
-1.692632855483499732e+00 1.705693260542693324e+00 -1.581724391857556311e+00 2.364605283901165311e+00 -3.192583911279669451e-01
-1.564590506176758211e+00 1.713268877403884005e+00 -1.548071070311549224e+00 2.364229042210137521e+00 -3.567673107772950658e-01
-1.490655011569335997e+00 1.675988668320453456e+00 -1.532040234970785342e+00 2.368545782550567580e+00 -3.804487194053542964e-01
-1.693588276935107828e+00 1.684312358373567520e+00 -1.577798413048249193e+00 2.361324772929934923e+00 -3.179815274893336152e-01
-1.471765502907469880e+00 1.678724996182310747e+00 -1.517193413498561849e+00 2.380127917957896688e+00 -3.931219836631711928e-01
-1.462887220993209780e+00 1.694868694314994428e+00 -1.526203387702638414e+00 2.394767489416992134e+00 -3.932716250108274636e-01
-1.712178400216073371e+00 1.701143614706417395e+00 -1.580666655496852258e+00 2.355761298670979276e+00 -3.174117134105820526e-01
-1.555281196781738373e+00 1.717969595905234570e+00 -1.546730851801947138e+00 2.376669961508573792e+00 -3.613288792597515453e-01
-1.585463474952669038e+00 1.716719011414438611e+00 -1.552154546061797813e+00 2.374960986153266784e+00 -3.526975283755646728e-01
-1.595899009688611869e+00 1.718694273972189990e+00 -1.562022902747843389e+00 2.368590345217872706e+00 -3.451425559968370749e-01
-1.473379952326077102e+00 1.720966179882124081e+00 -1.523072668393707918e+00 2.392596956485167237e+00 -3.989685741136366204e-01
-1.594484080145448957e+00 1.690893484951560666e+00 -1.559781308001915390e+00 2.379182479999330191e+00 -3.455455540746363852e-01
-1.696961256243748828e+00 1.703997584220914518e+00 -1.577671206854415864e+00 2.364078120904933300e+00 -3.205704999859353421e-01
-1.505089793853260360e+00 1.671065700677038635e+00 -1.550592319587039913e+00 2.382256001686624103e+00 -3.618401757193332458e-01
-1.413112393290278490e+00 1.692164159236504872e+00 -1.503839390103125284e+00 2.402212925225621465e+00 -4.277197200680369349e-01
-1.436985839112558949e+00 1.685567319332839986e+00 -1.502185012533759911e+00 2.384418631961897628e+00 -4.153537261787576540e-01
-1.671835553506805461e+00 1.693204880295857251e+00 -1.584802654687179624e+00 2.362175201615381859e+00 -3.169939488444288855e-01
-1.510509215061601296e+00 1.719160530440053236e+00 -1.529572632518005904e+00 2.374800463590529986e+00 -3.840261404875970896e-01
-1.590258839769138177e+00 1.652905624586944455e+00 -1.559214529565234431e+00 2.361396892699911376e+00 -3.387519613982608035e-01
-1.654752581798792477e+00 1.705132041808852250e+00 -1.574113217764533168e+00 2.362753031992527397e+00 -3.293872694450108440e-01
-1.436337893053522663e+00 1.661300632056191162e+00 -1.526145414632950281e+00 2.382256824002980000e+00 -3.926712955419446871e-01
-1.478615415791210808e+00 1.695720694915809901e+00 -1.539344624309799459e+00 2.389646710605718649e+00 -3.846944603223647619e-01
-1.577900914980741476e+00 1.687481306400986369e+00 -1.558060825862080945e+00 2.381717427610726467e+00 -3.515003968101417797e-01
-1.530786710366573544e+00 1.712028127149419987e+00 -1.541908174781903007e+00 2.382975792252025826e+00 -3.692166243028580652e-01
-1.649189719164482426e+00 1.693619070762649059e+00 -1.560703324926088875e+00 2.348745423612400351e+00 -3.332008156681851574e-01
-1.612332795306776312e+00 1.715334179839743456e+00 -1.565995308069819458e+00 2.370815455516763759e+00 -3.417298498435101806e-01
-1.475041261902218181e+00 1.716123584068579788e+00 -1.528979870635689409e+00 2.393258247106387682e+00 -3.939878158713714384e-01
-1.644253673156074846e+00 1.707696593732382695e+00 -1.557495763501675512e+00 2.352858900991965374e+00 -3.392491929052816602e-01
-1.508735800963020957e+00 1.639447950507769036e+00 -1.559256703360932583e+00 2.374501858787425590e+00 -3.530916944159692150e-01
-1.475464529605284625e+00 1.691936243992106625e+00 -1.512083459266129193e+00 2.377867132045722087e+00 -3.986195417850915135e-01
-1.478511415331533740e+00 1.643197485850144801e+00 -1.532324272655789077e+00 2.374114137885586118e+00 -3.761730957780144990e-01
-1.405476347658250802e+00 1.698741764776372065e+00 -1.500103887738568620e+00 2.400655793633034385e+00 -4.318787945329809475e-01
-1.556356845929076194e+00 1.662372321481777604e+00 -1.544154247541051905e+00 2.367887585521038840e+00 -3.593704132687189912e-01
-1.410926408686524525e+00 1.674132356934745047e+00 -1.506181825936468099e+00 2.404090695994857807e+00 -4.212187498795785245e-01
-1.547208826030868067e+00 1.707832804557751771e+00 -1.554160129369732024e+00 2.387493890244124728e+00 -3.605769681163479845e-01
-1.581311868556101174e+00 1.653634302372783083e+00 -1.571326348353943692e+00 2.362123509497648932e+00 -3.331054862359561497e-01
-1.618818084176140815e+00 1.657541273869668430e+00 -1.561624423910252135e+00 2.357304209902311598e+00 -3.340689436152537439e-01
-1.673127725063967119e+00 1.659342494817067859e+00 -1.583131687841143886e+00 2.357109465888586719e+00 -3.148937468842145648e-01
-1.495845340629790243e+00 1.702669039581714117e+00 -1.527114898623425754e+00 2.393228312400416780e+00 -3.901320510663790486e-01
-1.610625225429477503e+00 1.651384653860903384e+00 -1.573975354708383900e+00 2.358447068264818203e+00 -3.280508043514949179e-01
-1.535866937909110774e+00 1.687476670855721395e+00 -1.558440492628576202e+00 2.379888777098009278e+00 -3.559608095943502803e-01
-1.567019411544764651e+00 1.677860115032842714e+00 -1.554478260234995135e+00 2.376242791812568367e+00 -3.495099689314571378e-01
-1.566560680533141792e+00 1.648800670192976270e+00 -1.561011694113557002e+00 2.360128096853256086e+00 -3.418505692795985595e-01
-1.558336580016476347e+00 1.642167792885167898e+00 -1.558545823201974212e+00 2.364478065778309546e+00 -3.437567172627122858e-01
-1.582317232220734837e+00 1.665106871971879343e+00 -1.570218859311102388e+00 2.369058604374767896e+00 -3.361372933521735717e-01
-1.591705114122964559e+00 1.664077577286338538e+00 -1.561151640639942606e+00 2.361727963665804175e+00 -3.417838348407169491e-01
-1.573695856101384294e+00 1.656703236164327464e+00 -1.554966025182541234e+00 2.368610019552194856e+00 -3.467468271804197144e-01
-1.570668001521038804e+00 1.666271783610508095e+00 -1.560302483807357365e+00 2.366738013328357759e+00 -3.465072101946304883e-01
-1.538330120132997969e+00 1.644214002867412816e+00 -1.563472804431031760e+00 2.372948111303919028e+00 -3.446845334664043747e-01
-1.554452906655444444e+00 1.669694787591016194e+00 -1.565167738956283472e+00 2.370786613333266235e+00 -3.450152886427755305e-01
-1.574510591682964922e+00 1.672402085469485655e+00 -1.561350889812206821e+00 2.362049385879932739e+00 -3.436042231114750933e-01
-1.540106558104169743e+00 1.645336495232731622e+00 -1.554519507460945249e+00 2.372532345590942171e+00 -3.540867620328072007e-01
-1.525674945911175584e+00 1.680369815284075585e+00 -1.542584610558912050e+00 2.363524757739815296e+00 -3.661838108540873549e-01
-1.530459951134924168e+00 1.665792256532647286e+00 -1.551597259188224331e+00 2.377139601950561953e+00 -3.597541767289733627e-01
-1.530459951134924168e+00 1.665792256532647286e+00 -1.551597259188224331e+00 2.377139601950561953e+00 -3.597541767289733627e-01
-1.546193452583045413e+00 1.665785745711270138e+00 -1.552511664182456119e+00 2.372410680731679378e+00 -3.555324379481099584e-01
-1.546193452583045413e+00 1.665785745711270138e+00 -1.552511664182456119e+00 2.372410680731679378e+00 -3.555324379481099584e-01
-1.555496006663725339e+00 1.668198807647732096e+00 -1.551396602566120997e+00 2.367991652047170437e+00 -3.519270788290693730e-01
-1.555496006663725339e+00 1.668198807647732096e+00 -1.551396602566120997e+00 2.367991652047170437e+00 -3.519270788290693730e-01
-1.537226472920024456e+00 1.672056170607348236e+00 -1.541387585674442118e+00 2.361582008358077189e+00 -3.619447068596688410e-01
-1.577881850302581768e+00 1.677760854812639479e+00 -1.549753180747036607e+00 2.370933226469561284e+00 -3.511716528630675072e-01
-1.544357452203831471e+00 1.676017173403010929e+00 -1.557536668122066148e+00 2.377922714682810135e+00 -3.525504631607958572e-01
-1.544357452203831471e+00 1.676017173403010929e+00 -1.557536668122066148e+00 2.377922714682810135e+00 -3.525504631607958572e-01
-1.589357274905075279e+00 1.682576485141302314e+00 -1.566396854034091346e+00 2.369855800742237228e+00 -3.409728671487819440e-01
-1.540731115537848694e+00 1.665541522734347524e+00 -1.548818742375972723e+00 2.368946150212874358e+00 -3.549618985712186259e-01
-1.560584964360216986e+00 1.679430281317335627e+00 -1.556216291686818076e+00 2.362993341997193131e+00 -3.510120031087105019e-01
-1.560584964360216986e+00 1.679430281317335627e+00 -1.556216291686818076e+00 2.362993341997193131e+00 -3.510120031087105019e-01
-1.571512618178910969e+00 1.676405750850802789e+00 -1.559976548159420107e+00 2.374761880816171900e+00 -3.475780240114616504e-01
-1.571512618178910969e+00 1.676405750850802789e+00 -1.559976548159420107e+00 2.374761880816171900e+00 -3.475780240114616504e-01
-1.571666258722576259e+00 1.680038710377878886e+00 -1.570106317666114970e+00 2.370692684253629778e+00 -3.400975337688585398e-01
-1.571313457981437622e+00 1.649481583570032939e+00 -1.557015506927762472e+00 2.366627269888984308e+00 -3.455642658172344284e-01
-1.572515683752294002e+00 1.671925476661185073e+00 -1.546901254853031205e+00 2.361261386812174123e+00 -3.533048663379680931e-01
-1.541018026060714696e+00 1.691765448812720507e+00 -1.548079198341320462e+00 2.370029782828529274e+00 -3.623117698724129809e-01
-1.541018026060714696e+00 1.691765448812720507e+00 -1.548079198341320462e+00 2.370029782828529274e+00 -3.623117698724129809e-01
-1.569995531056603610e+00 1.686511865905115926e+00 -1.546332510389713644e+00 2.361457622756481189e+00 -3.569021378434165115e-01
-1.576883242320123557e+00 1.685642894298977623e+00 -1.557063426942622453e+00 2.372129049195748074e+00 -3.468602582632591691e-01
-1.560428440462316324e+00 1.683215469765187322e+00 -1.558545658049192539e+00 2.384339295674125392e+00 -3.517352420510242439e-01
-1.581294315894561819e+00 1.667369472352817183e+00 -1.556707913779386665e+00 2.368020211623583116e+00 -3.438785196619740248e-01
-1.592179547863147526e+00 1.662962939824563335e+00 -1.561920918903232813e+00 2.373196923956458537e+00 -3.411136202924485161e-01
-1.533828821002663823e+00 1.684648610325238494e+00 -1.558849907057981321e+00 2.375167768023673798e+00 -3.553061404083095454e-01
-1.542415493522891090e+00 1.690104986453242475e+00 -1.553393992989900774e+00 2.372984777520093846e+00 -3.567894335733825528e-01
-1.526053997776441129e+00 1.650913067739130824e+00 -1.554354131409730888e+00 2.369013547758463734e+00 -3.556525014952818253e-01
-1.600806093701936383e+00 1.686161600226032675e+00 -1.553001574328288115e+00 2.366389862986955528e+00 -3.487211853728560129e-01
-1.575794036171094703e+00 1.672879973997359215e+00 -1.558759398167825827e+00 2.359463356534206024e+00 -3.449142641001952114e-01
-1.575794036171094703e+00 1.672879973997359215e+00 -1.558759398167825827e+00 2.359463356534206024e+00 -3.449142641001952114e-01
-1.548597410772397431e+00 1.665189597687234624e+00 -1.549007322308321832e+00 2.365421430733726016e+00 -3.574599569150684886e-01
-1.548597410772397431e+00 1.665189597687234624e+00 -1.549007322308321832e+00 2.365421430733726016e+00 -3.574599569150684886e-01
-1.557117354401423626e+00 1.694415402888107991e+00 -1.554567113890234165e+00 2.370302249900460456e+00 -3.532543185878456171e-01
-1.562409295237809914e+00 1.659039271672595461e+00 -1.558536040257648025e+00 2.369764179967274398e+00 -3.463635039053301057e-01
-1.562409295237809914e+00 1.659039271672595461e+00 -1.558536040257648025e+00 2.369764179967274398e+00 -3.463635039053301057e-01
-1.583813760969453810e+00 1.691735124347943042e+00 -1.545627839857445007e+00 2.365689961439661815e+00 -3.550093556544968720e-01
-1.583813760969453810e+00 1.691735124347943042e+00 -1.545627839857445007e+00 2.365689961439661815e+00 -3.550093556544968720e-01
-1.589043291717548101e+00 1.681444964413200793e+00 -1.556988319922025577e+00 2.371723662027996227e+00 -3.468918720174034576e-01
-1.564946425378767714e+00 1.674734681343421627e+00 -1.562475458565165454e+00 2.382004832155209861e+00 -3.462880755187836002e-01
-1.541848608891984718e+00 1.681807406617005896e+00 -1.559196698929512959e+00 2.380208261693522065e+00 -3.519811058547244187e-01
-1.571597898327549814e+00 1.692844077318255813e+00 -1.565393556014165188e+00 2.371492446519689157e+00 -3.435192131718185493e-01
-1.518415324645953746e+00 1.661909041753572680e+00 -1.552304813213811974e+00 2.366793643190918228e+00 -3.585849289233404846e-01
-1.563269669597955769e+00 1.667991445849281718e+00 -1.562538991894097284e+00 2.371694490945546185e+00 -3.437109945150034207e-01
-1.563269669597955769e+00 1.667991445849281718e+00 -1.562538991894097284e+00 2.371694490945546185e+00 -3.437109945150034207e-01
-1.516462520923520962e+00 1.643517240724257533e+00 -1.559945556353335983e+00 2.375818822951466291e+00 -3.529150239621543506e-01
-1.608849434899546793e+00 1.700620804824318100e+00 -1.557094691669495656e+00 2.373297360802964828e+00 -3.450873196522667996e-01
-1.591917879081614196e+00 1.690249865225281312e+00 -1.566553613028326630e+00 2.370141385190799532e+00 -3.409643988844326401e-01
-1.575946630122000869e+00 1.711533332143178043e+00 -1.556411902868235497e+00 2.369592496843141216e+00 -3.515026843271069623e-01
-1.555804595512489286e+00 1.695620816439056711e+00 -1.550156045159668095e+00 2.368406855082861640e+00 -3.550645208905010008e-01
-1.561626287097469756e+00 1.714176998652696682e+00 -1.549159763142281099e+00 2.373143565335254390e+00 -3.606344420611833357e-01
-1.572085671915052885e+00 1.690681573535215421e+00 -1.548581784168411302e+00 2.361686279051246284e+00 -3.540439770893346605e-01
-1.572085671915052885e+00 1.690681573535215421e+00 -1.548581784168411302e+00 2.361686279051246284e+00 -3.540439770893346605e-01
-1.558926533947801119e+00 1.691246114651903554e+00 -1.548434665676011290e+00 2.364759852716398214e+00 -3.575256734744591824e-01
-1.558926533947801119e+00 1.691246114651903554e+00 -1.548434665676011290e+00 2.364759852716398214e+00 -3.575256734744591824e-01
-1.589741867362473471e+00 1.693128457249315488e+00 -1.551273037854340009e+00 2.369676574021747140e+00 -3.529362775547912889e-01
-1.589741867362473471e+00 1.693128457249315488e+00 -1.551273037854340009e+00 2.369676574021747140e+00 -3.529362775547912889e-01
-1.582369633139963483e+00 1.695710801969296355e+00 -1.542828448060584945e+00 2.366538742655275307e+00 -3.580090719156707735e-01
-1.577420580777026515e+00 1.689771700551771616e+00 -1.548866055516969098e+00 2.369143228208117957e+00 -3.564142777907122195e-01
-1.582577804745397110e+00 1.706405862596637846e+00 -1.555061090210958064e+00 2.364980708549112798e+00 -3.509763004783810203e-01
-1.582577804745397110e+00 1.706405862596637846e+00 -1.555061090210958064e+00 2.364980708549112798e+00 -3.509763004783810203e-01
-1.562113796172177160e+00 1.702535151733835406e+00 -1.552872674548275933e+00 2.368557641264186664e+00 -3.533049738117988170e-01
-1.562113796172177160e+00 1.702535151733835406e+00 -1.552872674548275933e+00 2.368557641264186664e+00 -3.533049738117988170e-01
-1.581989334361806776e+00 1.700676112737529166e+00 -1.547415098508128750e+00 2.366510998281817990e+00 -3.575644321331665765e-01
-1.604323709791428243e+00 1.714707543180185922e+00 -1.556295377893518239e+00 2.366937913955646788e+00 -3.487020053553848697e-01
-1.571761732169061787e+00 1.706425029001451321e+00 -1.549523785069816473e+00 2.378919760878758893e+00 -3.591818254445904302e-01
-1.572655287335424035e+00 1.696086342418535509e+00 -1.561128484847402520e+00 2.377003585074093817e+00 -3.465548916512357636e-01
-1.581810412864623316e+00 1.695850660244373032e+00 -1.561869330561242109e+00 2.378032912674242549e+00 -3.487717405034782558e-01
-1.569189639176455486e+00 1.710142843121611023e+00 -1.553784686334419129e+00 2.379303796596215381e+00 -3.559838671975104063e-01
-1.569189639176455486e+00 1.710142843121611023e+00 -1.553784686334419129e+00 2.379303796596215381e+00 -3.559838671975104063e-01
-1.556485668802468858e+00 1.705144246574160860e+00 -1.557872177184461027e+00 2.380704776629382291e+00 -3.548487455219415665e-01
-1.549838546731092670e+00 1.708667235759413927e+00 -1.550647567631613155e+00 2.379176506872901165e+00 -3.608731233181092790e-01
-1.575679408106648971e+00 1.716156361702864785e+00 -1.542156612543453598e+00 2.373715746643747071e+00 -3.618816302937020168e-01
-1.572759510586545062e+00 1.697290977008252710e+00 -1.553141612421606643e+00 2.369087645809972109e+00 -3.525609398245972415e-01
-1.572759510586545062e+00 1.697290977008252710e+00 -1.553141612421606643e+00 2.369087645809972109e+00 -3.525609398245972415e-01
-1.619121627058452084e+00 1.694277820263600631e+00 -1.561567477055736175e+00 2.373129684027358799e+00 -3.422133067141768237e-01
-1.541643435742421353e+00 1.691201174253984973e+00 -1.545852779366639895e+00 2.366709730106786314e+00 -3.626244118854984322e-01
-1.596544282743678878e+00 1.715101658722675282e+00 -1.559567766651305920e+00 2.371686479379338852e+00 -3.462486040920929042e-01
-1.559315838285369793e+00 1.712169478361268204e+00 -1.554282914156202455e+00 2.377033412894106412e+00 -3.560774229641303634e-01
-1.607623623094351473e+00 1.714809440984012667e+00 -1.552454627358704098e+00 2.371318779606303551e+00 -3.514888869059049625e-01
-1.583292206701634619e+00 1.648429463123321170e+00 -1.563202430169190471e+00 2.366147912992131452e+00 -3.395265063893724289e-01
-1.580172888959539890e+00 1.683520861013024117e+00 -1.565059603678805811e+00 2.378451565625337327e+00 -3.454877818093375907e-01
-1.589618093247049835e+00 1.698991441441187078e+00 -1.553837093113788814e+00 2.356750393410421029e+00 -3.486953551711309274e-01
-1.596876260696535432e+00 1.667993151213785552e+00 -1.568649685807296690e+00 2.366046049625506686e+00 -3.355138940058246533e-01
-1.566955530390556461e+00 1.710348608232417078e+00 -1.551290286850043332e+00 2.379615411228638067e+00 -3.569799251219372138e-01
-1.543673167350085862e+00 1.644443123496841963e+00 -1.555993602761778227e+00 2.364791550864516978e+00 -3.505637610399983117e-01
-1.556553060584512593e+00 1.691506451318574022e+00 -1.543293742386865119e+00 2.376537768652609017e+00 -3.608274736318790588e-01
-1.536837998936856131e+00 1.659608573527391329e+00 -1.540964476728424959e+00 2.368479975427802753e+00 -3.629983385779507188e-01
-1.600978121901034612e+00 1.657022451005561337e+00 -1.566542255113412940e+00 2.362262978778572720e+00 -3.364674462831835910e-01
-1.545304089983124740e+00 1.655703882448555930e+00 -1.554718270488718579e+00 2.370639860189118764e+00 -3.544558123358925172e-01
-1.533857265713578499e+00 1.679870896454655593e+00 -1.559966606816337809e+00 2.383476149531737143e+00 -3.567415919081291520e-01
-1.593013839016544253e+00 1.674223048601797714e+00 -1.555897406893922419e+00 2.369119411941715825e+00 -3.482782215084512245e-01
-1.543037747830474871e+00 1.658395485441818806e+00 -1.548424541726929116e+00 2.369258870160973807e+00 -3.578417297464291380e-01
-1.609392082306975169e+00 1.684463087876132192e+00 -1.565081256774292440e+00 2.376789349969057774e+00 -3.400066574548876730e-01
-1.578025033583838166e+00 1.703506346700443430e+00 -1.541674609202219548e+00 2.366747754965513817e+00 -3.608109419338472179e-01
-1.588942801905233182e+00 1.703314305745797341e+00 -1.552304216872454568e+00 2.368020854358363181e+00 -3.493196831846319128e-01
-1.594912955712851854e+00 1.669283707646599169e+00 -1.564512733734451988e+00 2.360421267556560565e+00 -3.381758322545245221e-01
-1.594912955712851854e+00 1.669283707646599169e+00 -1.564512733734451988e+00 2.360421267556560565e+00 -3.381758322545245221e-01
-1.602741258995383333e+00 1.674844339639466995e+00 -1.568046889909282093e+00 2.365316699199807360e+00 -3.383792511524159607e-01
-1.656836639013784307e+00 1.665767426244887162e+00 -1.570762214735422990e+00 2.357285432509257372e+00 -3.271341296162084689e-01
-1.647247152326443143e+00 1.679963313537477632e+00 -1.581184445803253569e+00 2.366248254799289352e+00 -3.227877078236680575e-01
-1.626333771212602919e+00 1.676329170561135840e+00 -1.574038977882178392e+00 2.370356906937919561e+00 -3.298612333756114623e-01
-1.632093783106808971e+00 1.687236748009421916e+00 -1.572098512482699606e+00 2.364030166822446599e+00 -3.298559186031049251e-01
-1.632093783106808971e+00 1.687236748009421916e+00 -1.572098512482699606e+00 2.364030166822446599e+00 -3.298559186031049251e-01
-1.603908797526434782e+00 1.674886930781243066e+00 -1.571162580625839578e+00 2.358178619993043679e+00 -3.311567558713566228e-01
-1.630010614927135393e+00 1.685837190509209549e+00 -1.562971936470076262e+00 2.352981438835649808e+00 -3.328148960093457731e-01
-1.629762500588804564e+00 1.678229578694100610e+00 -1.570697296972280554e+00 2.365260814972363512e+00 -3.302774741766469901e-01
-1.605343189492812073e+00 1.662980175103569991e+00 -1.573132384775029813e+00 2.368759049794127769e+00 -3.294979486601192775e-01
-1.649794481173062266e+00 1.667258122505117512e+00 -1.568465580738392928e+00 2.356507197197140524e+00 -3.266429915882227419e-01
-1.608749203261979233e+00 1.697486056280544275e+00 -1.562600275955245754e+00 2.357777398992285445e+00 -3.385213936600415252e-01
-1.619203605476245755e+00 1.702153260198587148e+00 -1.561690459409070142e+00 2.360545156200895889e+00 -3.417785446079530942e-01
-1.607870956383310457e+00 1.691787093904373762e+00 -1.561866334976914850e+00 2.359036195188784379e+00 -3.383892346513359684e-01
-1.613071298788642416e+00 1.708345304036924972e+00 -1.556994060747522557e+00 2.361803447306286774e+00 -3.453984275360539868e-01
-1.613359231760033374e+00 1.693718247824183010e+00 -1.560664629977471130e+00 2.364471987881981097e+00 -3.424043213514540440e-01
-1.626078798026811434e+00 1.697350502983152154e+00 -1.557518572366806575e+00 2.362748737561374934e+00 -3.419547885349523142e-01
-1.626078798026811434e+00 1.697350502983152154e+00 -1.557518572366806575e+00 2.362748737561374934e+00 -3.419547885349523142e-01
-1.627691395168231026e+00 1.709540567935173172e+00 -1.567901719974457597e+00 2.371732717088621101e+00 -3.364923990311705637e-01
-1.605669947393006503e+00 1.700226332557308595e+00 -1.562463185248176289e+00 2.367550831829241531e+00 -3.437055674443172393e-01
-1.609974446009767135e+00 1.696855066912830168e+00 -1.557933833524893563e+00 2.360466354266121947e+00 -3.443714338027810129e-01
-1.697564419239412814e+00 1.699610422500851925e+00 -1.572637930593546507e+00 2.352344225542043255e+00 -3.211296897943807238e-01
-1.724604068152823189e+00 1.703477875154614907e+00 -1.580103270173169427e+00 2.350000781858897270e+00 -3.133749974667630056e-01
-1.632433698470611816e+00 1.685858459694664191e+00 -1.567512361768097717e+00 2.361109535188760322e+00 -3.349696512738944421e-01
-1.666345408244160886e+00 1.690601842197077431e+00 -1.572148542520786396e+00 2.359195295149440152e+00 -3.256520914986023030e-01
-1.666345408244160886e+00 1.690601842197077431e+00 -1.572148542520786396e+00 2.359195295149440152e+00 -3.256520914986023030e-01
-1.636169698025820907e+00 1.703990055776403167e+00 -1.559538566091860812e+00 2.362705279940784386e+00 -3.393410456887142601e-01
-1.661796214752058631e+00 1.674576503649090498e+00 -1.581997564929986222e+00 2.355877778654291266e+00 -3.181021465619604527e-01
-1.621304363311826258e+00 1.680647455016641700e+00 -1.566893529519631123e+00 2.364051525435048706e+00 -3.341589167380476511e-01
-1.683596476408192544e+00 1.675725535006995059e+00 -1.582301768401343400e+00 2.360378863550698370e+00 -3.153487768916303224e-01
-1.630682183757357961e+00 1.679926396289403101e+00 -1.565970617865519499e+00 2.362925704985022080e+00 -3.337539945216310144e-01
-1.709359247522366232e+00 1.699691583209945733e+00 -1.585207331802445108e+00 2.355411873346530793e+00 -3.130669029458665875e-01
-1.645747525305342407e+00 1.707602679656591960e+00 -1.567082303457629333e+00 2.368193561556890980e+00 -3.334622947446383989e-01
-1.690611090937036209e+00 1.711419134608956227e+00 -1.577829068627196740e+00 2.361394309573678907e+00 -3.215083145493196071e-01
-1.608487327685310220e+00 1.699852577544710641e+00 -1.570001174784640297e+00 2.375709189108693664e+00 -3.379160733725790067e-01
-1.656132734203337620e+00 1.709008036190962088e+00 -1.572363393169911250e+00 2.358899132251211839e+00 -3.281626100639662980e-01
-1.704413431065537665e+00 1.694098153837533260e+00 -1.576826395227855837e+00 2.356126081457340593e+00 -3.201693699402685667e-01
-1.616542701846392482e+00 1.687500386262549057e+00 -1.567075741662263599e+00 2.367897504783601281e+00 -3.383199234261873301e-01
-1.650470355420011082e+00 1.698614597743475230e+00 -1.574798427713660409e+00 2.357824433700013600e+00 -3.274938473713202569e-01
-1.672833941214576292e+00 1.707136303074900496e+00 -1.565900753977240489e+00 2.360781097668258610e+00 -3.309491469520455809e-01
-1.675114498861647760e+00 1.661979147878584584e+00 -1.583091436060940493e+00 2.359758616636583373e+00 -3.151751661691868378e-01
-1.646845142198511525e+00 1.673902413400218947e+00 -1.568753622249150492e+00 2.350160275070297899e+00 -3.283849699201883965e-01
-1.672540731470619768e+00 1.671315410727927997e+00 -1.576161715217397230e+00 2.362949820341432972e+00 -3.221365138252423321e-01
-1.694193543724772155e+00 1.673453471926276137e+00 -1.578970410885436770e+00 2.352851456286372933e+00 -3.171443535056575058e-01
-1.585669694517021888e+00 1.658907346872783961e+00 -1.561753859996991345e+00 2.360097477522069997e+00 -3.389546464041242047e-01
-1.656158385944789480e+00 1.709268177240179654e+00 -1.561287494684185706e+00 2.355346381838899106e+00 -3.351451093668291747e-01
-1.597956684466749877e+00 1.702938553349660822e+00 -1.569014536299205620e+00 2.372374734608931224e+00 -3.383779152535879575e-01
-1.606410045197414149e+00 1.668949413980335805e+00 -1.573002820040873884e+00 2.362479287823420204e+00 -3.316964467746750245e-01
-1.614113253271233006e+00 1.695942816124695440e+00 -1.569232182361890438e+00 2.364351780117516899e+00 -3.366376309941099265e-01
-1.648706278807123837e+00 1.688149273715421117e+00 -1.559827452713574925e+00 2.352967716855168590e+00 -3.338033303820413522e-01
-1.634796594526472191e+00 1.670428549275408514e+00 -1.570236340441737211e+00 2.366305881238750075e+00 -3.305517142644553985e-01
-1.634796594526472191e+00 1.670428549275408514e+00 -1.570236340441737211e+00 2.366305881238750075e+00 -3.305517142644553985e-01
-1.692900809657958305e+00 1.697067618752704732e+00 -1.578001523018396135e+00 2.363142684240530755e+00 -3.211674367717893830e-01
-1.582448370886081257e+00 1.678761294936617077e+00 -1.557491083195680526e+00 2.366771373526689093e+00 -3.467109080253543141e-01
-1.582448370886081257e+00 1.678761294936617077e+00 -1.557491083195680526e+00 2.366771373526689093e+00 -3.467109080253543141e-01
-1.582410010760973762e+00 1.687162457930092785e+00 -1.555085313236153288e+00 2.363962667218484359e+00 -3.485991167042499228e-01
-1.582410010760973762e+00 1.687162457930092785e+00 -1.555085313236153288e+00 2.363962667218484359e+00 -3.485991167042499228e-01
-1.713492711992524065e+00 1.680274178323665879e+00 -1.585405764430358522e+00 2.350054827751730357e+00 -3.102238027714427915e-01
-1.397559816105068187e+00 1.647455807654399251e+00 -1.512597857393893186e+00 2.396291732471960145e+00 -4.142104570910163375e-01
-1.413150287512870307e+00 1.655110072246475994e+00 -1.520300929230889109e+00 2.396827467891122332e+00 -4.081720442767036161e-01
-1.437952849376632258e+00 1.660924472562751220e+00 -1.527279144540941047e+00 2.388409984761368232e+00 -3.965407704664904998e-01
-1.421691031999037236e+00 1.642037619093986933e+00 -1.525654402098186591e+00 2.395279334813714467e+00 -3.978739417727261696e-01
-1.435095551968662342e+00 1.654250636955815423e+00 -1.535844189309172991e+00 2.397693838502660491e+00 -3.906324602541904056e-01
-1.406342254666371971e+00 1.644641436486473651e+00 -1.518635121861914516e+00 2.396531728752612000e+00 -4.066388260195825666e-01
-1.490145029822725675e+00 1.684077656459217920e+00 -1.546243949637289505e+00 2.386349012302162009e+00 -3.719415544143487296e-01
-1.504168890750445797e+00 1.642119461702137073e+00 -1.555724963399448768e+00 2.382992212955791889e+00 -3.584808244025428081e-01
-1.470521556856116518e+00 1.673755749458106123e+00 -1.541749807417223561e+00 2.392082546249181263e+00 -3.805137037620358598e-01
-1.496236655200089416e+00 1.653009510350308631e+00 -1.532125463266744925e+00 2.375117995648134972e+00 -3.759588305689227639e-01
-1.515399201535664098e+00 1.665686566026248983e+00 -1.539120446213364524e+00 2.378525775700916167e+00 -3.696083900234796715e-01
-1.515399201535664098e+00 1.665686566026248983e+00 -1.539120446213364524e+00 2.378525775700916167e+00 -3.696083900234796715e-01
-1.480332313858371052e+00 1.655869202443064125e+00 -1.539556219512473456e+00 2.379261059818157165e+00 -3.745342678339280695e-01
-1.480332313858371052e+00 1.655869202443064125e+00 -1.539556219512473456e+00 2.379261059818157165e+00 -3.745342678339280695e-01
-1.492738700679112185e+00 1.667937421406550769e+00 -1.529407260276377745e+00 2.366889654089327610e+00 -3.776713432317411190e-01
-1.473223032824697576e+00 1.662947396765625641e+00 -1.534852703152131292e+00 2.381945680678332344e+00 -3.804183227436865877e-01
-1.473223032824697576e+00 1.662947396765625641e+00 -1.534852703152131292e+00 2.381945680678332344e+00 -3.804183227436865877e-01
-1.471271078050913950e+00 1.648862041760239094e+00 -1.529709576846174812e+00 2.381474077726655647e+00 -3.842142051799530833e-01
-1.462429332229639556e+00 1.664025486486107042e+00 -1.532812745918402442e+00 2.391878454371173301e+00 -3.855929006177429841e-01
-1.457271594150691740e+00 1.654114638218244338e+00 -1.524950128399619187e+00 2.375981721568161564e+00 -3.873270134830466560e-01
-1.448056191581246210e+00 1.660439366853733389e+00 -1.527440027737985151e+00 2.380685255914943621e+00 -3.915255081615924837e-01
-1.475845721854793346e+00 1.671840088854793294e+00 -1.529483786947770874e+00 2.391625523886240501e+00 -3.892072475455456981e-01
-1.506770955362162212e+00 1.659184159372186329e+00 -1.535289136617840722e+00 2.380940049894533228e+00 -3.742419498291891244e-01
-1.455257579546974434e+00 1.669316659221566468e+00 -1.524712827411295102e+00 2.378040254297805411e+00 -3.922388170324460077e-01
-1.485004431074624875e+00 1.645768927441295659e+00 -1.532203272509718328e+00 2.373238891584403820e+00 -3.753628155327923821e-01
-1.515314000775161318e+00 1.673162014254758745e+00 -1.545965836902853940e+00 2.375412438753776279e+00 -3.654081075422439540e-01
-1.515314000775161318e+00 1.673162014254758745e+00 -1.545965836902853940e+00 2.375412438753776279e+00 -3.654081075422439540e-01
-1.516654658289510849e+00 1.674630565505591306e+00 -1.537948386670752843e+00 2.382064882361622615e+00 -3.702326539402900352e-01
-1.526365842024252295e+00 1.680824877564061737e+00 -1.540930208259151168e+00 2.386183038016405078e+00 -3.713169209001563331e-01
-1.489586454668034854e+00 1.679263100456189761e+00 -1.537834248969799589e+00 2.388521162146341137e+00 -3.772797761755057877e-01
-1.489586454668034854e+00 1.679263100456189761e+00 -1.537834248969799589e+00 2.388521162146341137e+00 -3.772797761755057877e-01
-1.494554472594082029e+00 1.668456406240490963e+00 -1.549976848021833664e+00 2.386595732963431526e+00 -3.691207114093959518e-01
-1.508165105103616455e+00 1.682316922261613001e+00 -1.545110505801884360e+00 2.388370127359478623e+00 -3.710405550501718608e-01
-1.502452839239811766e+00 1.656773850278945304e+00 -1.546251632115738239e+00 2.384747917788055727e+00 -3.677762400353064010e-01
-1.496012026788100968e+00 1.652369544419320491e+00 -1.551523324306289364e+00 2.382583135462181367e+00 -3.612994156948108326e-01
-1.473851497432324464e+00 1.647664793711600240e+00 -1.539828459742275335e+00 2.389943282688055337e+00 -3.777247892186359479e-01
-1.465372660829276974e+00 1.645855034926515970e+00 -1.537334976588686120e+00 2.387522056585254848e+00 -3.793546899588573496e-01
-1.486967680003192349e+00 1.667658501928395154e+00 -1.533095510051427635e+00 2.383945461860781379e+00 -3.795773755400571048e-01
-1.486967680003192349e+00 1.667658501928395154e+00 -1.533095510051427635e+00 2.383945461860781379e+00 -3.795773755400571048e-01
-1.480171070387223509e+00 1.672303515936468088e+00 -1.545058932794379558e+00 2.381682936664191175e+00 -3.743341336319847557e-01
-1.509460416900326507e+00 1.651412213477641444e+00 -1.558235308485696358e+00 2.383062094695760358e+00 -3.567575523073767130e-01
-1.528019314944429219e+00 1.662035388437852035e+00 -1.538986797254041416e+00 2.374759361219912268e+00 -3.684222307722144762e-01
-1.483759847591844760e+00 1.643952956990935022e+00 -1.543379024584644377e+00 2.381289321741300924e+00 -3.715516881466953691e-01
-1.463220548015419453e+00 1.644616576481016779e+00 -1.541794469871105466e+00 2.382541268719290173e+00 -3.761053919341090790e-01
-1.509303097075882505e+00 1.658867225640143772e+00 -1.545226220641152670e+00 2.381770662794399751e+00 -3.676440809826182488e-01
-1.509303097075882505e+00 1.658867225640143772e+00 -1.545226220641152670e+00 2.381770662794399751e+00 -3.676440809826182488e-01
-1.475958617789489224e+00 1.647120646209433659e+00 -1.535842126164637333e+00 2.385146493400257750e+00 -3.764247594085876614e-01
-1.491990214077938859e+00 1.670863253311793528e+00 -1.538506057894438506e+00 2.370050043862626410e+00 -3.731446038468266835e-01
-1.478270884306271071e+00 1.669938836636077895e+00 -1.546519752252601965e+00 2.384807789579146409e+00 -3.729154120986351018e-01
-1.442210944145571716e+00 1.660034862003673339e+00 -1.537103028933417104e+00 2.394013510811759726e+00 -3.883507320082912884e-01
-1.508006488396341993e+00 1.655597953634956099e+00 -1.537936854177693213e+00 2.367123350186101316e+00 -3.677818404554464848e-01
-1.461524632117063405e+00 1.636661901991228518e+00 -1.538189952931473314e+00 2.387396713335095733e+00 -3.775132858538725600e-01
-1.504543758968528877e+00 1.667279340525027465e+00 -1.546392998575993216e+00 2.387278252024011671e+00 -3.696235335140034550e-01
-1.468017573673617626e+00 1.652150037953266093e+00 -1.529239002919811963e+00 2.378709377850573237e+00 -3.854962938764998626e-01
-1.505218268824712879e+00 1.649112375237464789e+00 -1.539983112659217834e+00 2.371804932369676155e+00 -3.687579115997028367e-01
-1.491409045594333627e+00 1.674445887709627101e+00 -1.534633517009746040e+00 2.370653908035915247e+00 -3.752562307319973200e-01
-1.520080392591935947e+00 1.681654602633017248e+00 -1.544659552914188438e+00 2.384164978539901281e+00 -3.670007043003629121e-01
-1.460508872465606345e+00 1.641747431503834065e+00 -1.534371269125923920e+00 2.385431260632254968e+00 -3.822551208108606602e-01
-1.447093087657103538e+00 1.656621888591393699e+00 -1.524667970797832117e+00 2.379101558911462355e+00 -3.926088216917058560e-01
-1.532381525541120837e+00 1.663957269560242480e+00 -1.541673536269035250e+00 2.368345925064157420e+00 -3.627600529153927056e-01
-1.532381525541120837e+00 1.663957269560242480e+00 -1.541673536269035250e+00 2.368345925064157420e+00 -3.627600529153927056e-01
-1.501782809000172136e+00 1.638600769663325352e+00 -1.544701118478383428e+00 2.368745928821041069e+00 -3.626453844930832560e-01
-1.460299686906424199e+00 1.645049455131966099e+00 -1.539047076119234081e+00 2.392981081779473218e+00 -3.816390933434714583e-01
-1.489694505382874290e+00 1.640241075196620102e+00 -1.549170193822258179e+00 2.382095517742523150e+00 -3.667341783209447925e-01
-1.503555592241085925e+00 1.674141579746255104e+00 -1.549865523614329721e+00 2.384992678290663637e+00 -3.646894714746355959e-01
-1.530149588659847737e+00 1.676888807474144372e+00 -1.551611957003874220e+00 2.386381990184440749e+00 -3.636350018372969117e-01
-1.477913671701569065e+00 1.650224020629860178e+00 -1.550078866687652823e+00 2.386137045946749691e+00 -3.680866194635061817e-01
-1.492125848514035624e+00 1.686290988454031137e+00 -1.525028555521828366e+00 2.373124147390026639e+00 -3.858709708925562865e-01
-1.492125848514035624e+00 1.686290988454031137e+00 -1.525028555521828366e+00 2.373124147390026639e+00 -3.858709708925562865e-01
-1.497990366252452965e+00 1.653113246219366061e+00 -1.535588084252479169e+00 2.379959871427160145e+00 -3.757350266206991307e-01
-1.524826639006975348e+00 1.685791123569497785e+00 -1.546792629510639117e+00 2.387967823716834470e+00 -3.669020699461018609e-01
-1.466241233261147414e+00 1.661519777944825194e+00 -1.522792752714112741e+00 2.379173893691501895e+00 -3.913234360748383267e-01
-1.429280430099587385e+00 1.644653128972759504e+00 -1.525201117539547235e+00 2.385628597125946104e+00 -3.962018562477389594e-01
-1.512089847453253810e+00 1.664131654549418471e+00 -1.537239563688812538e+00 2.382097474923853486e+00 -3.711784162786795349e-01
-1.494333690659173541e+00 1.671803265464511412e+00 -1.535182205132706645e+00 2.386859396802661237e+00 -3.766137139699097247e-01
-1.465522072182668722e+00 1.634713584621710680e+00 -1.541140189555647133e+00 2.379091508673797595e+00 -3.736283143615590774e-01
-1.440859461466763136e+00 1.659237958610015440e+00 -1.536221664084363780e+00 2.392559799339772919e+00 -3.891911366664793093e-01
-1.491063209357560204e+00 1.692008759237804583e+00 -1.531708505522473063e+00 2.378205024628683439e+00 -3.817453755089523781e-01
-1.491063209357560204e+00 1.692008759237804583e+00 -1.531708505522473063e+00 2.378205024628683439e+00 -3.817453755089523781e-01
-1.492196775398149100e+00 1.671456511389431299e+00 -1.526686301195333550e+00 2.372426276430961156e+00 -3.812273569268640472e-01
-1.499238689734279539e+00 1.675575536574617885e+00 -1.530060691272630002e+00 2.370570080436681160e+00 -3.798329890252407637e-01
-1.444640156756822336e+00 1.665618675851163744e+00 -1.519910077125559367e+00 2.387547391226412685e+00 -3.997329280562507137e-01
-1.463544666293460139e+00 1.678675668747718674e+00 -1.535558170527341781e+00 2.393161548922131399e+00 -3.847562816502971828e-01
-1.519635062130491931e+00 1.660581743483266592e+00 -1.552675947799291523e+00 2.388611138745349471e+00 -3.620668475428256983e-01
-1.453790802563044160e+00 1.673798198215944666e+00 -1.524938289900104715e+00 2.386439878534960535e+00 -3.966335023859759445e-01
-1.432598896971803093e+00 1.672503627417956551e+00 -1.513284278992295784e+00 2.384008681631594406e+00 -4.044518237086212054e-01
-1.476760130141041572e+00 1.699173005087553534e+00 -1.511213999814089881e+00 2.382187842101172848e+00 -4.013189624490181018e-01
-1.446590168875787619e+00 1.690292456070995541e+00 -1.508997879920959795e+00 2.387674658605524414e+00 -4.094665608737404483e-01
-1.446590168875787619e+00 1.690292456070995541e+00 -1.508997879920959795e+00 2.387674658605524414e+00 -4.094665608737404483e-01
-1.447236455151749368e+00 1.693196808976589196e+00 -1.524758301561725649e+00 2.392816240734543243e+00 -3.997901780379784498e-01
-1.459859186900732020e+00 1.690751246807693065e+00 -1.514477354810555232e+00 2.380765368830623174e+00 -4.033944868971488518e-01
-1.431743177854722049e+00 1.693625918689068754e+00 -1.515570755539167758e+00 2.391990577890630743e+00 -4.086488502409828527e-01
-1.434502047972843641e+00 1.688905426719379932e+00 -1.513327773889779237e+00 2.389274288813491243e+00 -4.121741952879567350e-01
-1.424274991638075250e+00 1.677291155870072714e+00 -1.507671223630576041e+00 2.391146447465641423e+00 -4.160729140272643178e-01
-1.402237854373247217e+00 1.683265049988802886e+00 -1.504025094117505956e+00 2.402217039433093060e+00 -4.262304633948374999e-01
-1.406980492920309800e+00 1.683031487250696401e+00 -1.503601660607548407e+00 2.392753944368751551e+00 -4.244036521651892713e-01
-1.457238778269413615e+00 1.688812014582435239e+00 -1.513427897746000728e+00 2.393585218956928440e+00 -4.068064929221915094e-01
-1.458311584874353528e+00 1.690900948135764637e+00 -1.516512924742616786e+00 2.392657586494241873e+00 -4.036935301897806028e-01
-1.413620065030592343e+00 1.672408720671469951e+00 -1.521149103831344718e+00 2.399475371964273851e+00 -4.087346165213592286e-01
-1.416514114682509984e+00 1.685411619247467740e+00 -1.506808180822479137e+00 2.404689279243505506e+00 -4.231117798119594653e-01
-1.466018574266008123e+00 1.689103378690131052e+00 -1.532682941619146533e+00 2.394106286104997316e+00 -3.891090826293090998e-01
-1.466018574266008123e+00 1.689103378690131052e+00 -1.532682941619146533e+00 2.394106286104997316e+00 -3.891090826293090998e-01
-1.459509083580144306e+00 1.683203288919036922e+00 -1.524589217962896148e+00 2.381437095154771644e+00 -3.927453824092950185e-01
-1.459509083580144306e+00 1.683203288919036922e+00 -1.524589217962896148e+00 2.381437095154771644e+00 -3.927453824092950185e-01
-1.486109521008447842e+00 1.691241457030514539e+00 -1.529194831323240189e+00 2.392025846271948364e+00 -3.908323315849155932e-01
-1.468570475649547902e+00 1.701054885259690508e+00 -1.528254398378075418e+00 2.386797034518902016e+00 -3.919349827950284748e-01
-1.470401419187515657e+00 1.685343820438916396e+00 -1.524868511329355858e+00 2.381479610729123397e+00 -3.942216622562266792e-01
-1.451875009591394594e+00 1.684955668795167227e+00 -1.528577945261510251e+00 2.386496474551226044e+00 -3.933008351402165204e-01
-1.451875009591394594e+00 1.684955668795167227e+00 -1.528577945261510251e+00 2.386496474551226044e+00 -3.933008351402165204e-01
-1.501408204905648525e+00 1.692681870460662097e+00 -1.534030839770081034e+00 2.386485261949402581e+00 -3.796133842898878896e-01
-1.492130311270940979e+00 1.712903787163453373e+00 -1.516301607775117244e+00 2.381882230687285773e+00 -3.977433949496145260e-01
-1.510663253144225671e+00 1.683376951628574147e+00 -1.528529330902662409e+00 2.381283131112527762e+00 -3.796163821175930764e-01
-1.468313212651821686e+00 1.687357312480985527e+00 -1.537309594381457423e+00 2.390591888443805768e+00 -3.833510073473114232e-01
-1.505410661511385584e+00 1.694229629782162405e+00 -1.542418660369038852e+00 2.394314823510324874e+00 -3.767882743712327454e-01
-1.487491845977634952e+00 1.690333965213842049e+00 -1.540756848102861065e+00 2.387676864930465825e+00 -3.797484966318815935e-01
-1.487491845977634952e+00 1.690333965213842049e+00 -1.540756848102861065e+00 2.387676864930465825e+00 -3.797484966318815935e-01
-1.467039251195684457e+00 1.679160567228928258e+00 -1.537935676887822734e+00 2.390063575349228753e+00 -3.847337964051398274e-01
-1.467039251195684457e+00 1.679160567228928258e+00 -1.537935676887822734e+00 2.390063575349228753e+00 -3.847337964051398274e-01
-1.489102158538137211e+00 1.698697703267660231e+00 -1.534947033914962455e+00 2.394786940533837782e+00 -3.862199439045781446e-01
-1.491155876405022340e+00 1.683718878860599233e+00 -1.535860105782583140e+00 2.393420764535451273e+00 -3.814796637340869268e-01
-1.502586558636085812e+00 1.684712143057618405e+00 -1.538857864982265289e+00 2.387786224843480465e+00 -3.744777693541720964e-01
-1.469189252099598164e+00 1.683945434954560838e+00 -1.538641189837901102e+00 2.398563280378222196e+00 -3.845768579557571343e-01
-1.443873163390981595e+00 1.692587515244641239e+00 -1.514433049614488214e+00 2.382590861976041641e+00 -4.050322769567511472e-01
-1.458755145033677536e+00 1.703563343665059904e+00 -1.512410655580481711e+00 2.395645785375411840e+00 -4.101532945277703845e-01
-1.474023217692418619e+00 1.687001943385833869e+00 -1.532359097626759592e+00 2.386565383650084193e+00 -3.890261555301783858e-01
-1.420429968668053711e+00 1.674511955960941378e+00 -1.518276062229975798e+00 2.402012525486049821e+00 -4.093391690948706696e-01
-1.511068543040625656e+00 1.709089213601796331e+00 -1.533641649101028293e+00 2.388812881699039714e+00 -3.815528299500137166e-01
-1.450759354727467532e+00 1.707912202742589258e+00 -1.518703942891650449e+00 2.396717939135276865e+00 -4.083070357010001317e-01
-1.476897838564595666e+00 1.712423040850056921e+00 -1.523957557910321059e+00 2.391828462866093297e+00 -3.953557314594302596e-01
-1.499888265721603275e+00 1.690574031134646660e+00 -1.532995920814979929e+00 2.384722508594582457e+00 -3.791254980541971520e-01
-1.499888265721603275e+00 1.690574031134646660e+00 -1.532995920814979929e+00 2.384722508594582457e+00 -3.791254980541971520e-01
-1.412294489306164635e+00 1.668703169054683855e+00 -1.508343573830922102e+00 2.396317273461077590e+00 -4.167142064253468448e-01
-1.412294489306164635e+00 1.668703169054683855e+00 -1.508343573830922102e+00 2.396317273461077590e+00 -4.167142064253468448e-01
-1.471187043719772269e+00 1.706241805457374028e+00 -1.511428092540582524e+00 2.387031143490638385e+00 -4.049650272102134352e-01
-1.430355484712558578e+00 1.668902506471535929e+00 -1.508661263723130919e+00 2.384153573660706016e+00 -4.098732252016237254e-01
-1.483945514284814138e+00 1.693727808627052411e+00 -1.531862080960474382e+00 2.389617726706943834e+00 -3.860284039384538346e-01
-1.483945514284814138e+00 1.693727808627052411e+00 -1.531862080960474382e+00 2.389617726706943834e+00 -3.860284039384538346e-01
-1.462794420733762202e+00 1.695353549414186034e+00 -1.523105671791605387e+00 2.395942379794316235e+00 -4.001661276807411127e-01
-1.521176368310600324e+00 1.715388008957701160e+00 -1.536002265446984705e+00 2.380897459631865054e+00 -3.772359904863513691e-01
-1.502347224595200537e+00 1.705484876933933691e+00 -1.531898011147050598e+00 2.383861412453396778e+00 -3.841565588817790200e-01
-1.525965663239434278e+00 1.711700008383768790e+00 -1.524741334326192188e+00 2.369840890426936575e+00 -3.817136278242383440e-01
-1.542979387856433959e+00 1.687243480021983544e+00 -1.538768131340718215e+00 2.378607717879854810e+00 -3.700311035116250480e-01
-1.527493450777324568e+00 1.694699748791419935e+00 -1.547008311180174456e+00 2.386354466967786525e+00 -3.654449351619177833e-01
-1.492625942671478967e+00 1.688984871583675940e+00 -1.534500442089101524e+00 2.375029987686144040e+00 -3.766686842317952255e-01
-1.513883460415851978e+00 1.697001497439716289e+00 -1.521701430444954095e+00 2.375538135443276300e+00 -3.862301486577841558e-01
-1.495010701675328235e+00 1.695107227755752177e+00 -1.543316157256638288e+00 2.387713252170612588e+00 -3.755604725095871288e-01
-1.495010701675328235e+00 1.695107227755752177e+00 -1.543316157256638288e+00 2.387713252170612588e+00 -3.755604725095871288e-01
-1.531913421203570103e+00 1.704750176765134739e+00 -1.547341108008193800e+00 2.382113373659686228e+00 -3.661194847850719469e-01
-1.531913421203570103e+00 1.704750176765134739e+00 -1.547341108008193800e+00 2.382113373659686228e+00 -3.661194847850719469e-01
-1.525403948297556767e+00 1.713169173456815741e+00 -1.540452225595785762e+00 2.383191924532073180e+00 -3.723713267010424488e-01
-1.495059516390123910e+00 1.701953404265790226e+00 -1.540953890370305057e+00 2.386863744663753284e+00 -3.763837423079294808e-01
-1.520682936338824121e+00 1.683350565044616332e+00 -1.546763353641882777e+00 2.390378333250590348e+00 -3.669109607144260821e-01
-1.521710244153824831e+00 1.706137786340086393e+00 -1.529883344958535618e+00 2.368165191531973690e+00 -3.770813240274168976e-01
-1.527587487774183295e+00 1.686925776448855885e+00 -1.541785557232289161e+00 2.381647577596796239e+00 -3.697640532776382827e-01
-1.527587487774183295e+00 1.686925776448855885e+00 -1.541785557232289161e+00 2.381647577596796239e+00 -3.697640532776382827e-01
-1.543644358097021829e+00 1.700367915032469313e+00 -1.538878490211177841e+00 2.377512665638153777e+00 -3.671788080906228657e-01
-1.515921888924737004e+00 1.699110854944624549e+00 -1.534549005403524458e+00 2.384918435906941969e+00 -3.811866180047935870e-01
-1.498400721773251121e+00 1.715357780201633986e+00 -1.526613363054546868e+00 2.384183963395773098e+00 -3.883659183554772909e-01
