{
    "modes": [
        {
            "index": 0,
            "strictly local log-evidence": -286.0784180122978,
            "strictly local log-evidence error": 0.8098731170359228,
            "local log-evidence": -286.0784180122978,
            "local log-evidence error": 0.8098731170359228,
            "mean": [
                -1.583778362405261,
                1.6819268256246316,
                -1.553665374442997,
                2.3719973826139884,
                -0.3543853900418492
            ],
            "sigma": [
                0.14387140074971688,
                0.03379406704241721,
                0.029640353645133895,
                0.020321025899617404,
                0.04028721807369649
            ],
            "maximum": [
                -1.5153140007751613,
                1.6731620142547587,
                -1.545965836902854,
                2.3754124387537763,
                -0.36540810754224395
            ],
            "maximum a posterior": [
                -1.5153140007751613,
                1.6731620142547587,
                -1.545965836902854,
                2.3754124387537763,
                -0.36540810754224395
            ]
        }
    ],
    "nested sampling global log-evidence": -287.1238285299399,
    "nested sampling global log-evidence error": 0.2838301253623486,
    "global evidence": -286.0784180122978,
    "global evidence error": 0.8098731170359228,
    "nested importance sampling global log-evidence": -286.0784180122978,
    "nested importance sampling global log-evidence error": 0.8098731170359228,
    "marginals": [
        {
            "median": -1.5582618122216898,
            "sigma": 0.13148597383247562,
            "1sigma": [
                -1.7134837327779828,
                -1.4505117851130316
            ],
            "2sigma": [
                -1.9419599295137502,
                -1.3847585758310157
            ],
            "3sigma": [
                -2.2033320637409743,
                -1.3416357355794912
            ],
            "5sigma": [
                -2.798075340919585,
                -1.3078287317597654
            ],
            "q75%": -1.4802077433607472,
            "q25%": -1.6561464224234852,
            "q99%": -1.364190136389983,
            "q01%": -2.0533712310110133,
            "q90%": -1.4292655009757682,
            "q10%": -1.7768382639086335
        },
        {
            "median": 1.6831750866559951,
            "sigma": 0.03380092247248334,
            "1sigma": [
                1.6480011369198426,
                1.7156029818648093
            ],
            "2sigma": [
                1.6147630662174997,
                1.7482472190520135
            ],
            "3sigma": [
                1.5690282147304595,
                1.7813198819749334
            ],
            "5sigma": [
                1.5037592528339738,
                1.8424593981439197
            ],
            "q75%": 1.7051138541125375,
            "q25%": 1.6593473188747123,
            "q99%": 1.757531968708935,
            "q01%": 1.6033148400543482,
            "q90%": 1.7244997929551606,
            "q10%": 1.6399090851156835
        },
        {
            "median": -1.5548196078143972,
            "sigma": 0.030415213640200722,
            "1sigma": [
                -1.5831315233480268,
                -1.5223010960676253
            ],
            "2sigma": [
                -1.6123517445900324,
                -1.4971816810050262
            ],
            "3sigma": [
                -1.6341716500681815,
                -1.4789743392329218
            ],
            "5sigma": [
                -1.6670095230228423,
                -1.4740403246157436
            ],
            "q75%": -1.5330268825558426,
            "q25%": -1.5739926530334474,
            "q99%": -1.488164547123318,
            "q01%": -1.6218500615528604,
            "q90%": -1.513782149796642,
            "q10%": -1.59244422730105
        },
        {
            "median": 2.3712051369050022,
            "sigma": 0.021066637554955525,
            "1sigma": [
                2.35135534819201,
                2.3934886233019212
            ],
            "2sigma": [
                2.333488917597358,
                2.4120222220948215
            ],
            "3sigma": [
                2.318224380758807,
                2.4267576426513195
            ],
            "5sigma": [
                2.290515104680424,
                2.445029503054915
            ],
            "q75%": 2.386491890619228,
            "q25%": 2.358121577046921,
            "q99%": 2.4175016684623842,
            "q01%": 2.328297281782967,
            "q90%": 2.3987583933133503,
            "q10%": 2.3455977385138524
        },
        {
            "median": -0.3528710780299009,
            "sigma": 0.04219130920108899,
            "1sigma": [
                -0.39775855513783376,
                -0.3133759367356558
            ],
            "2sigma": [
                -0.43438334719581695,
                -0.27942159309169046
            ],
            "3sigma": [
                -0.4544493865388598,
                -0.25694319857442327
            ],
            "5sigma": [
                -0.4545679164663774,
                -0.2333405159181671
            ],
            "q75%": -0.3256326013742141,
            "q25%": -0.3823411557773739,
            "q99%": -0.2672245078842711,
            "q01%": -0.4431791912674632,
            "q90%": -0.30217581775666486,
            "q10%": -0.40988630511080626
        }
    ]
}