{
    "modes": [
        {
            "index": 0,
            "strictly local log-evidence": -287.77051088204234,
            "strictly local log-evidence error": 0.02359964168348494,
            "local log-evidence": -287.77051088204234,
            "local log-evidence error": 0.02359964168348494,
            "mean": [
                -1.5892979150848539,
                1.6827737445186541,
                -1.5540886663660565,
                2.370737607585367,
                -0.35295596137970625
            ],
            "sigma": [
                0.1409674439112286,
                0.03351427479126767,
                0.0290537433313368,
                0.01866673591650517,
                0.03845933894973047
            ],
            "maximum": [
                -1.4939600716849881,
                1.6787123945220284,
                -1.5343922185627168,
                2.3784281120213846,
                -0.37816811472998246
            ],
            "maximum a posterior": [
                -1.4939600716849881,
                1.6787123945220284,
                -1.5343922185627168,
                2.3784281120213846,
                -0.37816811472998246
            ]
        }
    ],
    "nested sampling global log-evidence": -287.2497861214099,
    "nested sampling global log-evidence error": 0.2848171743504319,
    "global evidence": -287.77051088204234,
    "global evidence error": 0.02359964168348494,
    "nested importance sampling global log-evidence": -287.77051088204234,
    "nested importance sampling global log-evidence error": 0.02359964168348494,
    "marginals": [
        {
            "median": -1.5600385795805105,
            "sigma": 0.12763819453949932,
            "1sigma": [
                -1.7154045100123008,
                -1.4601281209333021
            ],
            "2sigma": [
                -1.9559575586148563,
                -1.3979258855418408
            ],
            "3sigma": [
                -2.209550294100714,
                -1.3619400880959245
            ],
            "5sigma": [
                -2.829154680837385,
                -1.327787182630688
            ],
            "q75%": -1.4903037900021148,
            "q25%": -1.6599727192072666,
            "q99%": -1.382985212812948,
            "q01%": -2.0366632416106447,
            "q90%": -1.434239399903294,
            "q10%": -1.773292588388745
        },
        {
            "median": 1.684044372049953,
            "sigma": 0.0337430447702145,
            "1sigma": [
                1.647793804976909,
                1.715279894517338
            ],
            "2sigma": [
                1.6176975702000165,
                1.7458105925055707
            ],
            "3sigma": [
                1.577274265359236,
                1.7818878766075414
            ],
            "5sigma": [
                1.5064968321989154,
                1.8501634250915955
            ],
            "q75%": 1.7051894801510319,
            "q25%": 1.6606765653671764,
            "q99%": 1.7600050871217223,
            "q01%": 1.6030480442993986,
            "q90%": 1.724329639701137,
            "q10%": 1.6389889655091456
        },
        {
            "median": -1.553923952840529,
            "sigma": 0.030009637721920113,
            "1sigma": [
                -1.584194978780564,
                -1.5241757033367238
            ],
            "2sigma": [
                -1.6103466181982071,
                -1.500166990464449
            ],
            "3sigma": [
                -1.6355417129122,
                -1.483416472343381
            ],
            "5sigma": [
                -1.667929530110291,
                -1.470476238992985
            ],
            "q75%": -1.5332537202794192,
            "q25%": -1.5743745346689288,
            "q99%": -1.4922267473474993,
            "q01%": -1.6191094509962076,
            "q90%": -1.5150825930665115,
            "q10%": -1.5932847020813827
        },
        {
            "median": 2.3709229861333316,
            "sigma": 0.018629958976154937,
            "1sigma": [
                2.3520820174627675,
                2.3893419354150773
            ],
            "2sigma": [
                2.334425311733537,
                2.407061147106969
            ],
            "3sigma": [
                2.3187846626656805,
                2.4222384082907356
            ],
            "5sigma": [
                2.293853668919826,
                2.442288595568911
            ],
            "q75%": 2.383830085384685,
            "q25%": 2.3577889519368287,
            "q99%": 2.4140880870807044,
            "q01%": 2.3276667407627043,
            "q90%": 2.3946920617175413,
            "q10%": 2.345704074286725
        },
        {
            "median": -0.3531532619388082,
            "sigma": 0.040713952458755864,
            "1sigma": [
                -0.3941479227263375,
                -0.31272001780882575
            ],
            "2sigma": [
                -0.427219489456262,
                -0.28016613628274856
            ],
            "3sigma": [
                -0.4507108835748151,
                -0.25864497049441765
            ],
            "5sigma": [
                -0.6366793647511221,
                -0.23388917407164336
            ],
            "q75%": -0.3255757095061428,
            "q25%": -0.38009326740683,
            "q99%": -0.2707749943964707,
            "q01%": -0.43620415136314916,
            "q90%": -0.30142788284688454,
            "q10%": -0.4042765493999098
        }
    ]
}