{
    "modes": [
        {
            "index": 0,
            "strictly local log-evidence": -294.1900780942444,
            "strictly local log-evidence error": 0.02517478003951916,
            "local log-evidence": -294.1900780942444,
            "local log-evidence error": 0.02517478003951916,
            "mean": [
                -1.2930692603597747,
                -0.9182831483244575,
                -1.406775537497366,
                2.429890345366121,
                -0.5485450737954009
            ],
            "sigma": [
                0.03942216264193577,
                0.07418944133409924,
                0.023226783164108453,
                0.016537522718303,
                0.03336936815481347
            ],
            "maximum": [
                -1.277345214527549,
                -0.8797790221924284,
                -1.3976445756678089,
                2.437375503931374,
                -0.5657903567301705
            ],
            "maximum a posterior": [
                -1.277345214527549,
                -0.8797790221924284,
                -1.3976445756678089,
                2.437375503931374,
                -0.5657903567301705
            ]
        }
    ],
    "nested sampling global log-evidence": -293.9290090111791,
    "nested sampling global log-evidence error": 0.28509132141565613,
    "global evidence": -294.1900780942444,
    "global evidence error": 0.02517478003951916,
    "nested importance sampling global log-evidence": -294.1900780942444,
    "nested importance sampling global log-evidence error": 0.02517478003951916,
    "marginals": [
        {
            "median": -1.2889741603464928,
            "sigma": 0.03848432776610888,
            "1sigma": [
                -1.330549493446326,
                -1.2535808379141082
            ],
            "2sigma": [
                -1.3830135803135768,
                -1.229118943625816
            ],
            "3sigma": [
                -1.4456319230813477,
                -1.2069989991298389
            ],
            "5sigma": [
                -1.7496354092601545,
                -1.1673277545971108
            ],
            "q75%": -1.2655013971646782,
            "q25%": -1.3156000131975922,
            "q99%": -1.2213417106924518,
            "q01%": -1.4076811391545194,
            "q90%": -1.2459789637077636,
            "q10%": -1.3447965528212165
        },
        {
            "median": -0.9084439068792234,
            "sigma": 0.07201355458483394,
            "1sigma": [
                -0.9906160536593804,
                -0.8465889444897126
            ],
            "2sigma": [
                -1.094635612583471,
                -0.8048208026618991
            ],
            "3sigma": [
                -1.2384015659121117,
                -0.7797182488939746
            ],
            "5sigma": [
                -1.7767634235913157,
                -0.7728100498245104
            ],
            "q75%": -0.8626877872452672,
            "q25%": -0.9579575765952635,
            "q99%": -0.7932707188543046,
            "q01%": -1.1418493749790726,
            "q90%": -0.8336551319793484,
            "q10%": -1.0190200012790647
        },
        {
            "median": -1.4065671982157468,
            "sigma": 0.022971373339253365,
            "1sigma": [
                -1.4292867532752025,
                -1.3833440065966958
            ],
            "2sigma": [
                -1.455432675055394,
                -1.3625772762003008
            ],
            "3sigma": [
                -1.4772029305303298,
                -1.3507504110777029
            ],
            "5sigma": [
                -1.5283248264424685,
                -1.3481344449207107
            ],
            "q75%": -1.3908029293862518,
            "q25%": -1.4221072328047712,
            "q99%": -1.3580611860861895,
            "q01%": -1.4635849983288856,
            "q90%": -1.3757068888898087,
            "q10%": -1.4361110119588785
        },
        {
            "median": 2.430500453301916,
            "sigma": 0.016620423423762354,
            "1sigma": [
                2.4132044804586203,
                2.446445327306145
            ],
            "2sigma": [
                2.3969120859004827,
                2.4607375902733604
            ],
            "3sigma": [
                2.372573202548844,
                2.4716901762742465
            ],
            "5sigma": [
                2.340044284258446,
                2.479930388746877
            ],
            "q75%": 2.4416279726188237,
            "q25%": 2.4191106846794495,
            "q99%": 2.4642099586543393,
            "q01%": 2.3906909079521355,
            "q90%": 2.450492446608114,
            "q10%": 2.408524146086849
        },
        {
            "median": -0.5496785268802358,
            "sigma": 0.03402125054790056,
            "1sigma": [
                -0.5830668945004372,
                -0.5150243934046361
            ],
            "2sigma": [
                -0.6086307583578529,
                -0.4778368262614875
            ],
            "3sigma": [
                -0.6247794060704928,
                -0.4425864152986788
            ],
            "5sigma": [
                -0.6257459408671497,
                -0.36213459150307264
            ],
            "q75%": -0.5259282369685795,
            "q25%": -0.5725851422730492,
            "q99%": -0.4622223278386359,
            "q01%": -0.6170822408208613,
            "q90%": -0.5054643950411255,
            "q10%": -0.5916628359710367
        }
    ]
}