{
    "modes": [
        {
            "index": 0,
            "strictly local log-evidence": -295.83528120348336,
            "strictly local log-evidence error": 0.01956364321764108,
            "local log-evidence": -295.83528120348336,
            "local log-evidence error": 0.01956364321764108,
            "mean": [
                -1.5621558572797765,
                2.3310929025200267,
                2.3534501408553536
            ],
            "sigma": [
                0.009850037175961371,
                0.009787854405092599,
                0.014371655203155677
            ],
            "maximum": [
                -1.562781792356931,
                2.3310492318471856,
                2.3544468580682683
            ],
            "maximum a posterior": [
                -1.562781792356931,
                2.3310492318471856,
                2.3544468580682683
            ]
        }
    ],
    "nested sampling global log-evidence": -295.60097369566205,
    "nested sampling global log-evidence error": 0.2047165414935338,
    "global evidence": -295.83528120348336,
    "global evidence error": 0.01956364321764108,
    "nested importance sampling global log-evidence": -295.83528120348336,
    "nested importance sampling global log-evidence error": 0.01956364321764108,
    "marginals": [
        {
            "median": -1.5621416725649127,
            "sigma": 0.009888468654327687,
            "1sigma": [
                -1.572212734628974,
                -1.5524357973203187
            ],
            "2sigma": [
                -1.5807869637347702,
                -1.5429944670944593
            ],
            "3sigma": [
                -1.591589360668861,
                -1.5324978309045711
            ],
            "5sigma": [
                -1.6130249301020765,
                -1.5100410494734064
            ],
            "q75%": -1.5554088715905825,
            "q25%": -1.5688015291765491,
            "q99%": -1.5387219228911482,
            "q01%": -1.5856000747970254,
            "q90%": -1.5497126829975862,
            "q10%": -1.5750237011668655
        },
        {
            "median": 2.3313341679695307,
            "sigma": 0.009698653971919269,
            "1sigma": [
                2.3213708561725372,
                2.340768164116376
            ],
            "2sigma": [
                2.311419897197547,
                2.3499956591100823
            ],
            "3sigma": [
                2.301704649465912,
                2.3613636454427187
            ],
            "5sigma": [
                2.282995634187439,
                2.382199699383626
            ],
            "q75%": 2.3376754060523517,
            "q25%": 2.3246313346366985,
            "q99%": 2.353584612389045,
            "q01%": 2.3081035189255803,
            "q90%": 2.343458295875148,
            "q10%": 2.3183152203282686
        },
        {
            "median": 2.3539076025668524,
            "sigma": 0.014114243244419011,
            "1sigma": [
                2.3393768973045583,
                2.3676053837933964
            ],
            "2sigma": [
                2.325093391775262,
                2.381170262762071
            ],
            "3sigma": [
                2.30959863501983,
                2.396116581453417
            ],
            "5sigma": [
                2.2786204206885583,
                2.424524715583577
            ],
            "q75%": 2.363153302580397,
            "q25%": 2.343647491994547,
            "q99%": 2.3873495719116793,
            "q01%": 2.318790908628664,
            "q90%": 2.3718785628321517,
            "q10%": 2.3350310103640353
        }
    ]
}