{
    "modes": [
        {
            "index": 0,
            "strictly local log-evidence": -229.26379374752332,
            "strictly local log-evidence error": 0.024272511474519816,
            "local log-evidence": -229.26379374752332,
            "local log-evidence error": 0.024272511474519816,
            "mean": [
                -1.5626650407589797,
                2.6905202471013245,
                -0.7712311646533289
            ],
            "sigma": [
                0.010080373732333642,
                0.016917732664393934,
                0.0063014562586045375
            ],
            "maximum": [
                -1.5612445258294905,
                2.6877858998772775,
                -0.7703576793370726
            ],
            "maximum a posterior": [
                -1.5612445258294905,
                2.6877858998772775,
                -0.7703576793370726
            ]
        }
    ],
    "nested sampling global log-evidence": -229.21088552733494,
    "nested sampling global log-evidence error": 0.24113203804165545,
    "global evidence": -229.26379374752332,
    "global evidence error": 0.024272511474519816,
    "nested importance sampling global log-evidence": -229.26379374752332,
    "nested importance sampling global log-evidence error": 0.024272511474519816,
    "marginals": [
        {
            "median": -1.5627348090655093,
            "sigma": 0.01008345386697429,
            "1sigma": [
                -1.572651082208375,
                -1.5524841744744264
            ],
            "2sigma": [
                -1.5823997828962673,
                -1.5422358699798302
            ],
            "3sigma": [
                -1.5926221590814458,
                -1.5322526038992983
            ],
            "5sigma": [
                -1.6120527735241716,
                -1.509439099075522
            ],
            "q75%": -1.5556335039657594,
            "q25%": -1.5693849528964212,
            "q99%": -1.5399396090566617,
            "q01%": -1.5862494497501713,
            "q90%": -1.5500649093282182,
            "q10%": -1.575511337630806
        },
        {
            "median": 2.6901804372648215,
            "sigma": 0.01691643633529183,
            "1sigma": [
                2.6735932647195133,
                2.707426137390097
            ],
            "2sigma": [
                2.6579672577520594,
                2.724373003197437
            ],
            "3sigma": [
                2.641985467796758,
                2.7434168281247797
            ],
            "5sigma": [
                2.6094231095336267,
                2.782615418417279
            ],
            "q75%": 2.7015652778711274,
            "q25%": 2.6790360178508505,
            "q99%": 2.730893566730035,
            "q01%": 2.6520506733617255,
            "q90%": 2.712576805440123,
            "q10%": 2.668796694288583
        },
        {
            "median": -0.7710505551604522,
            "sigma": 0.006376202327897151,
            "1sigma": [
                -0.7776547636706079,
                -0.7649023590148136
            ],
            "2sigma": [
                -0.7834743314513991,
                -0.7588175471452563
            ],
            "3sigma": [
                -0.7908668225938068,
                -0.7515360060509148
            ],
            "5sigma": [
                -0.8033653240904455,
                -0.7393025654937656
            ],
            "q75%": -0.7671155168332598,
            "q25%": -0.7755040206120336,
            "q99%": -0.7563796081956163,
            "q01%": -0.7850043605947,
            "q90%": -0.7631513443316301,
            "q10%": -0.7793270714739644
        }
    ]
}