    0.128439182959386686E-98    0.101461239874779699E+04   -0.164429939062574704E+01    0.261010972602348090E+01    0.244413497604639929E+01
    0.183114863230620832E-98    0.101389808251593877E+04   -0.161447440755801908E+01    0.258105709344245060E+01    0.240212604772646010E+01
    0.222086936890166203E-98    0.101350717193801847E+04   -0.172239029797094778E+01    0.259893930910185667E+01    0.258485108385337448E+01
    0.247389415684303458E-98    0.101328638240998214E+04   -0.173253018119040458E+01    0.247145722009006796E+01    0.256900265848742748E+01
    0.375867682703341871E-98    0.101244483541616944E+04   -0.157416030347392821E+01    0.218147195330342969E+01    0.242438025441663640E+01
    0.391560647493417613E-98    0.101235802893563948E+04   -0.150183528389091658E+01    0.240873343551745966E+01    0.227745439564630736E+01
    0.458899063904556061E-98    0.101203564920061194E+04   -0.161444662093182667E+01    0.233869753184892648E+01    0.247535065454510494E+01
    0.601974679543314833E-98    0.101148787899594322E+04   -0.165048413173846176E+01    0.257092071065398153E+01    0.243139330085084104E+01
    0.142975976160730719E-97    0.100975278634314418E+04   -0.169181963263492063E+01    0.238350777063091313E+01    0.250585742237426601E+01
    0.156747094837283489E-97    0.100956387228646952E+04   -0.166199666235732590E+01    0.220970802540401712E+01    0.254026312700800361E+01
    0.200348165406851994E-97    0.100906802621748693E+04   -0.165672508323188938E+01    0.241005279503875602E+01    0.244363452786892665E+01
    0.389301448835791747E-97    0.100773443162517935E+04   -0.143805111985037848E+01    0.227183055267545519E+01    0.213883707235010867E+01
    0.410216352354759595E-97    0.100762477015930563E+04   -0.160424611117749039E+01    0.240720706281628027E+01    0.244697946583445969E+01
    0.793625529994682776E-97    0.100629991612707431E+04   -0.165593553772707014E+01    0.219135277291263231E+01    0.251425598651625748E+01
    0.113637507701001567E-96    0.100557694214126479E+04   -0.147269054962345791E+01    0.237236176640565022E+01    0.216962404269866305E+01
    0.129622399682027067E-96    0.100530871817962452E+04   -0.134727274797308350E+01    0.220653877844934021E+01    0.205682150266160768E+01
    0.158033273650934870E-96    0.100490735818453140E+04   -0.163941858091369141E+01    0.235904498254926365E+01    0.242259190167884064E+01
    0.182939805251531294E-96    0.100460965506033824E+04   -0.172449672268304566E+01    0.228298971945880869E+01    0.258990187961550156E+01
    0.215353898121664681E-96    0.100427840396636202E+04   -0.174518846011353412E+01    0.239341571566501665E+01    0.264210556881670300E+01
    0.232984989291742322E-96    0.100411602133599740E+04   -0.174455293283364155E+01    0.231001895231186705E+01    0.263219513918569170E+01
    0.173041594505274460E-95    0.100010073521317850E+04   -0.174079793621416501E+01    0.251920876037168728E+01    0.262375661399124738E+01
    0.224742635359521831E-95    0.999572887396368287E+03   -0.169619770344271781E+01    0.222707715501334569E+01    0.256551241752145565E+01
    0.402289745223065782E-95    0.998403454029192744E+03   -0.161190480480307574E+01    0.243597810194184250E+01    0.245179088485487995E+01
    0.853460430903579042E-95    0.996894200845349360E+03   -0.146724011396291409E+01    0.216188300573084957E+01    0.226070361391385433E+01
    0.129755380846511145E-94    0.996051327035591157E+03   -0.146053246111507118E+01    0.220809366211003244E+01    0.226065489517484508E+01
    0.147236461703221088E-94    0.995793549264901003E+03   -0.154891490971195278E+01    0.249985224108894100E+01    0.231826746407463524E+01
    0.176804326120718352E-94    0.995422541781895461E+03   -0.162728227607660703E+01    0.244743765078764763E+01    0.247306069408817564E+01
    0.282706107612603515E-94    0.994478813281643966E+03   -0.171734892589707289E+01    0.261913189511543054E+01    0.254856484292816177E+01
    0.439890571592152673E-94    0.993589577029612656E+03   -0.136762262144668023E+01    0.227528455436097188E+01    0.209178967444186981E+01
    0.489475589937767690E-94    0.993370959832943754E+03   -0.175385964205246414E+01    0.242383062399810001E+01    0.261847943967300090E+01
    0.141020352504504303E-93    0.991249650385802624E+03   -0.153294960947136172E+01    0.248844086533003406E+01    0.226196034119558220E+01
    0.141783942606670288E-93    0.991233850097815662E+03   -0.176113061793458181E+01    0.249610155722697513E+01    0.263125113811795330E+01
    0.163349412045506685E-93    0.990945675756359833E+03   -0.149931333121293497E+01    0.215885063715633363E+01    0.229279041373011339E+01
    0.355817668108021169E-93    0.989383621970906461E+03   -0.175752535263258913E+01    0.238255920166467705E+01    0.264632345813346248E+01
    0.595001538386719483E-93    0.988350330851600347E+03   -0.168291773661942723E+01    0.256624015980884090E+01    0.253100564682615214E+01
    0.692916809771008741E-93    0.988040638937005497E+03   -0.149983307868083804E+01    0.233309535271600144E+01    0.229891109293455465E+01
    0.100394021898573062E-92    0.987294083322460779E+03   -0.153117345399634330E+01    0.246890919172128065E+01    0.230075627539948613E+01
    0.117736362388744796E-92    0.986970392832075845E+03   -0.160847213029104896E+01    0.253050877109471539E+01    0.236753457514618582E+01
    0.171589076183151625E-92    0.986212083594902197E+03   -0.133782016211028965E+01    0.224986286288821047E+01    0.203667717282472793E+01
    0.196985106105960475E-92    0.985931032403031054E+03   -0.175654394259917179E+01    0.248041148463781891E+01    0.262080831182975160E+01
    0.317340457920526224E-92    0.984972338253141743E+03   -0.151156491083775557E+01    0.215851798358639435E+01    0.231625964185720434E+01
    0.556568948485641319E-92    0.983843706528362873E+03   -0.145115867254781605E+01    0.226727168668404921E+01    0.216008351202738602E+01
    0.582008748920262111E-92    0.983749317687489679E+03   -0.134177084437182748E+01    0.222511339668126062E+01    0.204701434300990037E+01
    0.649933085643261027E-92    0.983523549822892164E+03   -0.139776806593279157E+01    0.233982434285673602E+01    0.207809784196098590E+01
    0.712820946465598155E-92    0.983333828123944841E+03   -0.161899476607102466E+01    0.248835300458019493E+01    0.238064177460273640E+01
    0.783164923574331240E-92    0.983140602039395731E+03   -0.152089144648196850E+01    0.247406801954369326E+01    0.227570322334719854E+01
    0.801516082064371027E-92    0.983089278574130731E+03   -0.167587663420858668E+01    0.261995885927576477E+01    0.248789517920459247E+01
    0.865448813368653220E-92    0.982930792184231450E+03   -0.157886882211939605E+01    0.252894889465419626E+01    0.235932566885668393E+01
    0.901664161857980019E-92    0.982843804398480188E+03   -0.144757987471174943E+01    0.241339414488418358E+01    0.215472877973726007E+01
    0.179374519082915958E-91    0.981463166650877724E+03   -0.137165517438620310E+01    0.227691830573610465E+01    0.205282593638674982E+01
    0.206552247978293547E-91    0.981176011667273087E+03   -0.171603472351266761E+01    0.250504521108463241E+01    0.254022614510206068E+01
    0.222501760834737304E-91    0.981022248430878676E+03   -0.171281117728982446E+01    0.225831637334657698E+01    0.259739103856448672E+01
    0.298250262487189682E-91    0.980431252579619013E+03   -0.137819187765582596E+01    0.221326801130909567E+01    0.208599779498372229E+01
    0.374030082708637954E-91    0.979973446003297340E+03   -0.155805270383545569E+01    0.229493198952950639E+01    0.239728135368446438E+01
    0.383485148075972527E-91    0.979918516676265199E+03   -0.150653597529244232E+01    0.217162336700088421E+01    0.228820042856478878E+01
    0.572133251747433123E-91    0.979113374618057037E+03   -0.157675694910451014E+01    0.218877792608537458E+01    0.242630949656727068E+01
    0.806290378908914036E-91    0.978422230563309427E+03   -0.164952432912660285E+01    0.221376444072585832E+01    0.248541160744426648E+01
    0.124949989109514903E-90    0.977541121135524008E+03   -0.135229891589269013E+01    0.226799882298951161E+01    0.206224819967755835E+01
    0.187629948237001713E-90    0.976723004950526047E+03   -0.172440017082945518E+01    0.253676366753994431E+01    0.259736433638594022E+01
    0.362219812196513135E-90    0.975402445788654063E+03   -0.138441030459712522E+01    0.226740966529119037E+01    0.207120011746007293E+01
    0.568103448696218184E-90    0.974497341215520123E+03   -0.140175957161597475E+01    0.226139066377025966E+01    0.209530285271368655E+01
    0.691121032894806110E-90    0.974100318346623339E+03   -0.138486278921710859E+01    0.231926129486486943E+01    0.206427407132682106E+01
    0.742473742538124946E-90    0.973951973262835509E+03   -0.139477226853121072E+01    0.231803481610910600E+01    0.212149643865450344E+01
    0.857568002095382169E-90    0.973658747318506585E+03   -0.153679013335068282E+01    0.231487306330443587E+01    0.227281293031356313E+01
    0.949513437682079784E-90    0.973450048910709825E+03   -0.173459574005906725E+01    0.255506859715645529E+01    0.260604822091712762E+01
    0.112164494350032202E-89    0.973111845103051110E+03   -0.167650240107612691E+01    0.237990441584867707E+01    0.248269064161661568E+01
    0.205166797976831261E-89    0.971899131495833899E+03   -0.148131859902033058E+01    0.243576879691791293E+01    0.221840621158410656E+01
    0.215330920303233970E-89    0.971797426071721361E+03   -0.142786602175520616E+01    0.226628020411063202E+01    0.212891169978053618E+01
    0.252691731259201966E-89    0.971472437505203288E+03   -0.159398079692787942E+01    0.241198337717530320E+01    0.234576322094277501E+01
    0.255807816323730882E-89    0.971442925199651086E+03   -0.172243211839919041E+01    0.247534497517836760E+01    0.260454674609055736E+01
    0.369651529453300870E-89    0.970701656590648327E+03   -0.170244713022331240E+01    0.228405774856869304E+01    0.259256392405578850E+01
    0.532824441773107720E-89    0.969965394105034875E+03   -0.159389972358270837E+01    0.239258880428543952E+01    0.243224727513311834E+01
    0.730787064122504363E-89    0.969328533843049627E+03   -0.151092461259114708E+01    0.244231323634635933E+01    0.227475974430128680E+01
    0.957285844301638245E-89    0.968783574020310198E+03   -0.146718731538963820E+01    0.242320722942579847E+01    0.219699422757403084E+01
    0.150237181737227570E-88    0.967877177390034376E+03   -0.165077890002867189E+01    0.231536991700155292E+01    0.245195631585503193E+01
    0.197941185116133672E-88    0.967320668020392418E+03   -0.142956057447299689E+01    0.222034955473724471E+01    0.220895360582387212E+01
    0.205531530683396993E-88    0.967240408991494405E+03   -0.167527006384157984E+01    0.249682521773988197E+01    0.247142209296271353E+01
    0.378653135929078273E-88    0.966013366749006536E+03   -0.146895013526634322E+01    0.228898815984435933E+01    0.218016617049101313E+01
    0.403071207042973811E-88    0.965883381426286860E+03   -0.175665016770003035E+01    0.242616810433736640E+01    0.263242608898185892E+01
    0.404875418266921422E-88    0.965869449082657070E+03   -0.159942294346562219E+01    0.231840681522125180E+01    0.236871342056822520E+01
    0.622966166499775203E-88    0.965002623483934826E+03   -0.166990327132450322E+01    0.243222669967335126E+01    0.246606142837806530E+01
    0.131498291798660544E-87    0.963503449994985885E+03   -0.168557557692948912E+01    0.261278345577597193E+01    0.251226989258536548E+01
    0.144994780601866156E-87    0.963303042225957142E+03   -0.174799516744609895E+01    0.235531362855848858E+01    0.263009998074962326E+01
    0.202026474374646603E-87    0.962634640217656170E+03   -0.134910143734670274E+01    0.223169631352593711E+01    0.206246954253861148E+01
    0.213151328028634812E-87    0.962522432970443560E+03   -0.164693451695202642E+01    0.220815311428923566E+01    0.251666443880446522E+01
    0.221002660621884684E-87    0.962445088236887500E+03   -0.174493659723302574E+01    0.234249187479527787E+01    0.262836642160790035E+01
    0.248052183818231295E-87    0.962209159432500201E+03   -0.172334942254213863E+01    0.253233534771965818E+01    0.259523019203551186E+01
    0.258037515179523901E-87    0.962125227753757144E+03   -0.156105241272023632E+01    0.246784218557194857E+01    0.235472873422331475E+01
    0.436922922382536512E-87    0.961066924116700875E+03   -0.162889870571903783E+01    0.257882802306823766E+01    0.241417316067274612E+01
    0.554572589193257233E-87    0.960585042302808120E+03   -0.160456610773028086E+01    0.248995462824433655E+01    0.242225984443886233E+01
    0.608360444926769227E-87    0.960394902631087689E+03   -0.157921245672138610E+01    0.242960870920967009E+01    0.239880107218230876E+01
    0.850208175263234710E-87    0.959720475254658822E+03   -0.174153675806880970E+01    0.235870384974921254E+01    0.263239485122642591E+01
    0.961162785179180793E-87    0.959470150145662728E+03   -0.174456754268552272E+01    0.252934659705876408E+01    0.259839761006228009E+01
    0.125235134643074816E-86    0.958935881436942395E+03   -0.135291093553662267E+01    0.223394395450487382E+01    0.205078386591936734E+01
    0.142550114159110275E-86    0.958671880299428267E+03   -0.172371152337828626E+01    0.230808517860988260E+01    0.258547464475341648E+01
    0.167824896548241133E-86    0.958340425225019658E+03   -0.148765038486165313E+01    0.226792733523787771E+01    0.229328213127511304E+01
    0.201120583179364559E-86    0.957973458242823199E+03   -0.152238593656952204E+01    0.246269425014043852E+01    0.228387452640508926E+01
    0.310098182515006809E-86    0.957102489601566049E+03   -0.175566677132582938E+01    0.243243045630089982E+01    0.263220530576333545E+01
    0.122163573487742829E-85    0.954355375519824634E+03   -0.144377999178613226E+01    0.225333355249082334E+01    0.215642923078891613E+01
    0.142177407125613379E-85    0.954046946098281978E+03   -0.168078374022346511E+01    0.254142350537931883E+01    0.248226065720997191E+01
    0.490732915988890104E-85    0.951564297304816932E+03   -0.167495994803701942E+01    0.238729506161311544E+01    0.255128577454246219E+01
    0.577388628285014932E-85    0.951234066201141673E+03   -0.164869959468502469E+01    0.258154799215451458E+01    0.246166557518021634E+01
    0.922643313413652730E-85    0.950291611911542986E+03   -0.151249922476201215E+01    0.229733633561692940E+01    0.224211583157710237E+01
    0.118145967973526968E-84    0.949792085406408660E+03   -0.154555452641510582E+01    0.216749605536996226E+01    0.236702441773663352E+01
    0.124877876643299194E-84    0.949676254614068057E+03   -0.165863683150844121E+01    0.259172088823408764E+01    0.247361685007014742E+01
    0.130136006193346827E-84    0.949588766949729006E+03   -0.153624914627507669E+01    0.245311706632627669E+01    0.231518549234618476E+01
    0.160905509114033075E-84    0.949159292574283086E+03   -0.161546456261959492E+01    0.250710628164623373E+01    0.237869661694059076E+01
    0.232633264840400965E-84    0.948417000673978919E+03   -0.174277710604358327E+01    0.244356456691529367E+01    0.262918677367484577E+01
    0.272126965964337002E-84    0.948098389671802806E+03   -0.173557662722560258E+01    0.255492785449575432E+01    0.260240532439147465E+01
    0.310567932264577104E-84    0.947829121838030460E+03   -0.143033707018713430E+01    0.230875082607134807E+01    0.212355290232650695E+01
    0.333447070183850911E-84    0.947681958874507018E+03   -0.168978982193479554E+01    0.247796284773145015E+01    0.255774571725521760E+01
    0.461927069400280935E-84    0.947025113119480238E+03   -0.165109234237712754E+01    0.222775457813975786E+01    0.248392330342779921E+01
    0.538429772941017697E-84    0.946713613008387483E+03   -0.157455382690535250E+01    0.218203313457996462E+01    0.238698718654305253E+01
    0.719829232406279970E-84    0.946127899146508639E+03   -0.166036049167762245E+01    0.242727177584353715E+01    0.252419358942611893E+01
    0.112291888314656543E-83    0.945233553720146119E+03   -0.172626075881194141E+01    0.247352811974084030E+01    0.260705277285471659E+01
    0.112950403534218872E-83    0.945216859342676344E+03   -0.148256209163560460E+01    0.217508805079613676E+01    0.225594141113570679E+01
    0.318451194598474627E-83    0.943138818517650066E+03   -0.137367777798476820E+01    0.223887545038377400E+01    0.207188719336686233E+01
    0.432667231069347585E-83    0.942520819147712473E+03   -0.169958007051248194E+01    0.256466380485694767E+01    0.251687369880469092E+01
    0.601290190814521916E-83    0.941857601644620900E+03   -0.174974661691081734E+01    0.245127280905345968E+01    0.261601950595180455E+01
    0.339762047135346385E-82    0.938389095765411184E+03   -0.161196963680927330E+01    0.221152250466372768E+01    0.247295652812435662E+01
    0.351504159874396279E-82    0.938316143696231279E+03   -0.137099368870707639E+01    0.230899630920826571E+01    0.205925961210318853E+01
    0.433938114090175902E-82    0.937889782928522550E+03   -0.162187657366502447E+01    0.239727154930769926E+01    0.239300912487612294E+01
    0.130619180405916318E-81    0.935680844462255322E+03   -0.135514153915812097E+01    0.225188282882778656E+01    0.205010184538616080E+01
    0.137638882126903203E-81    0.935571149683516637E+03   -0.156568014816470358E+01    0.227622777916779739E+01    0.232888007476627834E+01
    0.146979535345538246E-81    0.935434829878373876E+03   -0.163408847396231227E+01    0.244244489413921162E+01    0.240877945478010957E+01
    0.199433875915490000E-81    0.934819451137188935E+03   -0.161168192601771643E+01    0.228025797501640293E+01    0.239975261517782812E+01
    0.276837484836915721E-81    0.934158555328528792E+03   -0.166415219236979328E+01    0.245818319618047854E+01    0.245682969695527120E+01
    0.307441195121526360E-81    0.933943848934712491E+03   -0.149993395313167088E+01    0.243107102076982651E+01    0.221433331123319022E+01
    0.361055422119843027E-81    0.933617353661021752E+03   -0.160554785145405532E+01    0.226540145486194122E+01    0.239467242585288886E+01
    0.364875587334315219E-81    0.933591303724157001E+03   -0.170605352646570552E+01    0.239783457033282010E+01    0.253470174344750099E+01
    0.454674207800382406E-81    0.933146254330537772E+03   -0.146263950916798979E+01    0.229110543221546825E+01    0.217280433161302966E+01
    0.456924476856671332E-81    0.933131380364439337E+03   -0.168497348602187591E+01    0.259948668773533997E+01    0.250491377171171692E+01
    0.529606695332867437E-81    0.932831147308300274E+03   -0.174160682339675854E+01    0.247843383004337836E+01    0.262138127252732644E+01
    0.546308784405586985E-81    0.932764047891691121E+03   -0.165005815194375804E+01    0.220572709244539666E+01    0.250810889748950672E+01
    0.865979536872916208E-81    0.931837694044263117E+03   -0.137422879824538047E+01    0.230260731083272585E+01    0.208256218444811303E+01
    0.133033116562673009E-80    0.930974050228009446E+03   -0.167799192445633261E+01    0.252460646343601613E+01    0.247918901878507469E+01
    0.162679502627369391E-80    0.930566682368554893E+03   -0.172657971594801318E+01    0.242921372586944573E+01    0.256960838792882740E+01
    0.181976886986999479E-80    0.930337487047016793E+03   -0.148484676976978047E+01    0.217601535115815770E+01    0.226074016103103226E+01
    0.185568835225513875E-80    0.930293394630692774E+03   -0.159311840499612245E+01    0.231405964293822830E+01    0.244357614156297842E+01
    0.255911861714264846E-80    0.929645580225848676E+03   -0.160037949231914323E+01    0.224191021305422344E+01    0.245938851605896858E+01
    0.506869222150361892E-80    0.928273740364205196E+03   -0.137736885870182313E+01    0.228321428571704166E+01    0.206448721680965974E+01
    0.542902203432199431E-80    0.928131388016814071E+03   -0.172309746219266180E+01    0.247756259823627101E+01    0.255961606370405192E+01
    0.586448118073674738E-80    0.927972078007991058E+03   -0.168238160275106452E+01    0.251220810680644524E+01    0.253834949849919411E+01
    0.705266142013237500E-80    0.927598095939934751E+03   -0.168796215412634454E+01    0.238394005184925728E+01    0.256759540170043365E+01
    0.722177942596511524E-80    0.927545703283053626E+03   -0.168014840260699283E+01    0.223348065683531871E+01    0.255071542605375079E+01
    0.834747296989286453E-80    0.927250988334466683E+03   -0.166215819238327467E+01    0.227427063574012100E+01    0.254068158196191973E+01
    0.201666511535956170E-79    0.925481845429661007E+03   -0.150416692092813675E+01    0.217246296740020917E+01    0.231071150990261920E+01
    0.341970326768529622E-79    0.924420628290972104E+03   -0.152243715151932513E+01    0.247378885731337261E+01    0.226237912599298596E+01
    0.610664919077008555E-79    0.923255979440322676E+03   -0.156668837805791128E+01    0.242622459418947445E+01    0.230664979082869870E+01
    0.129892447848283094E-78    0.921741492476331359E+03   -0.152481244755307355E+01    0.221947733538224901E+01    0.235185677679359983E+01
    0.147948310013398042E-78    0.921476180131724277E+03   -0.170885702938848039E+01    0.228443136940599567E+01    0.257025143494112740E+01
    0.181152674926422611E-78    0.921066225676723889E+03   -0.158010646242842512E+01    0.221302538292174145E+01    0.237729392670936335E+01
    0.294692965587287534E-78    0.920088038004476175E+03   -0.169457805059258759E+01    0.241586135134352986E+01    0.257197123584987075E+01
    0.295382892851788091E-78    0.920078361130687654E+03   -0.159806031623239075E+01    0.228566634608001662E+01    0.237752671480192568E+01
    0.336590339054629464E-78    0.919812172884343454E+03   -0.165317111063327338E+01    0.221128110170071190E+01    0.251107114143870902E+01
    0.419861443140473603E-78    0.919365056524781949E+03   -0.141500290895774605E+01    0.229745848527161778E+01    0.210788414261935486E+01
    0.625642386109202234E-78    0.918562348164575269E+03   -0.168507542079518036E+01    0.226476351393084707E+01    0.253122096711163813E+01
    0.102349170616933494E-77    0.917572955440575925E+03   -0.152916724322323039E+01    0.246597107279095962E+01    0.225996130011695051E+01
    0.131297972022457732E-77    0.917069797186291453E+03   -0.149157643483268298E+01    0.243513540722719846E+01    0.220937223557784179E+01
    0.143573188097408828E-77    0.916886046004388049E+03   -0.151395511603218158E+01    0.218725745933768945E+01    0.229367951572891116E+01
    0.164446468527926485E-77    0.916609565661999341E+03   -0.167193008533488041E+01    0.257227667715700115E+01    0.250208782318397027E+01
    0.167761510373655460E-77    0.916564649078454977E+03   -0.167030936931568474E+01    0.258472257192761612E+01    0.249158286556658126E+01
    0.202110249740770364E-77    0.916187109179308322E+03   -0.155709439308576036E+01    0.249034572971007151E+01    0.233089493159051209E+01
    0.207824913558143907E-77    0.916126343930960729E+03   -0.138818928715522127E+01    0.220165131179181373E+01    0.212774747850944301E+01
    0.215728427555455100E-77    0.916046695184305463E+03   -0.142270022874486313E+01    0.223227725228633078E+01    0.219230464223416455E+01
    0.251348641181573374E-77    0.915736053889837081E+03   -0.168994855579167158E+01    0.253120968301630933E+01    0.254380414989100601E+01
    0.324422272465914131E-77    0.915220643903321388E+03   -0.138573143632142148E+01    0.227023127439103023E+01    0.207828947673892195E+01
    0.335081337241654107E-77    0.915150989257741799E+03   -0.157962196970627788E+01    0.247188932089747659E+01    0.232690242650230239E+01
    0.431852962848775092E-77    0.914638565524860837E+03   -0.156929485476517039E+01    0.236389356853829824E+01    0.231665511110655764E+01
    0.931792714317768988E-77    0.913095515097086036E+03   -0.166368729618863642E+01    0.232513997192982780E+01    0.247516930138914049E+01
    0.966780440305348076E-77    0.913016793023426658E+03   -0.157497029790777132E+01    0.222019141370310402E+01    0.236625584972322045E+01
    0.987741818584625192E-77    0.912968893165170357E+03   -0.139150789598727975E+01    0.225571444480459204E+01    0.213402692730481647E+01
    0.106052430041543215E-76    0.912821698482215538E+03   -0.162675260161231616E+01    0.239577654426824660E+01    0.247840384186721430E+01
    0.131459618877622845E-76    0.912387166224574571E+03   -0.141683716689255235E+01    0.221552821812108691E+01    0.214077848557114869E+01
    0.180016195434195503E-76    0.911753472028980923E+03   -0.137508852125807879E+01    0.230369288773686121E+01    0.206646621882043036E+01
    0.216974862226084928E-76    0.911375002662827001E+03   -0.162306620671862345E+01    0.227114732706308686E+01    0.242253607246699154E+01
    0.216663710507557807E-76    0.911372872811300795E+03   -0.161510876813022719E+01    0.255007265560720597E+01    0.239395534613191785E+01
    0.222306301870994481E-76    0.911316453333803565E+03   -0.141627401278035925E+01    0.221098190591598298E+01    0.218212409077295000E+01
    0.233778451224519851E-76    0.911210817917474287E+03   -0.148263907216498625E+01    0.243194308470584009E+01    0.220510715518659239E+01
    0.257813921003420854E-76    0.911010089495365946E+03   -0.165738112368890866E+01    0.230748792098364053E+01    0.253263230171746834E+01
    0.264243635729586141E-76    0.910955822591570268E+03   -0.171997044055520187E+01    0.244218085049197997E+01    0.260003474972780602E+01
    0.284043980442037616E-76    0.910806307498169417E+03   -0.171690835133953934E+01    0.247708831990806644E+01    0.254991332092934009E+01
    0.454828849275866163E-76    0.909859723286437088E+03   -0.160750098092807225E+01    0.219093392679396759E+01    0.245301508101941579E+01
    0.475722391182027631E-76    0.909764896727345672E+03   -0.169828896427229337E+01    0.257331614189244196E+01    0.252164829959454373E+01
    0.613905475743483723E-76    0.909249883735944422E+03   -0.137842009438205282E+01    0.222363671478764502E+01    0.211383903730423839E+01
    0.771902201018910916E-76    0.908786849953171441E+03   -0.164118716162143952E+01    0.234850882296184205E+01    0.250661851093518706E+01
    0.135564785784594893E-75    0.907655496186094069E+03   -0.153125393077330796E+01    0.228583790058565528E+01    0.227561078659255500E+01
    0.138364082416580079E-75    0.907609618507165123E+03   -0.172559686398962731E+01    0.235780537410763591E+01    0.258243099835975798E+01
    0.216577722399937294E-75    0.906708496530070761E+03   -0.146395609845335084E+01    0.221880109176676088E+01    0.220320351001603854E+01
    0.356134094000377991E-75    0.905708780829005946E+03   -0.173312227277029374E+01    0.234881601857484590E+01    0.261268922224290989E+01
    0.359838057914293337E-75    0.905683087303716775E+03   -0.151944409620807086E+01    0.236255877146445314E+01    0.224306897648344616E+01
    0.494881348742486114E-75    0.905040759417295021E+03   -0.150386570192310121E+01    0.217591611672444429E+01    0.230842273389877128E+01
    0.641113138672873432E-75    0.904517983596475915E+03   -0.170976873136232355E+01    0.257400980718886263E+01    0.255426116043706841E+01
    0.947345367461295713E-75    0.903732068039808382E+03   -0.143485307090234615E+01    0.223333867450421852E+01    0.221111220841289047E+01
    0.963984676338041287E-75    0.903692244688808501E+03   -0.150993898690435313E+01    0.235854416245340825E+01    0.222993607670233018E+01
    0.125830110934231178E-74    0.903154359957512270E+03   -0.161267132595745766E+01    0.254342398354152088E+01    0.238894829745871284E+01
    0.176331765740798545E-74    0.902474490793535210E+03   -0.145798736637991277E+01    0.219983779862627227E+01    0.220675726262682304E+01
    0.186906820465229387E-74    0.902353004887185875E+03   -0.171528164216745038E+01    0.236826670671949024E+01    0.260015311877317501E+01
    0.290035792275546224E-74    0.901469216625950025E+03   -0.148803635416191593E+01    0.235434830446862264E+01    0.226750032941021118E+01
    0.347999347718021137E-74    0.901099824089160620E+03   -0.170853840929226197E+01    0.257244987458208119E+01    0.254382114971737749E+01
    0.423077846315238984E-74    0.900704112908046454E+03   -0.153704578715964280E+01    0.218432436662214569E+01    0.233319785251291734E+01
    0.557030522500652016E-74    0.900148985227054595E+03   -0.169318685885328057E+01    0.235780134921440476E+01    0.257454501907650624E+01
    0.677094029135789729E-74    0.899753604991633779E+03   -0.147863780405182910E+01    0.241781204012397000E+01    0.221662711395155654E+01
    0.132619011133161954E-73    0.898404094234931108E+03   -0.154217462093453261E+01    0.219666614866014154E+01    0.233098954015395066E+01
    0.168324839765592045E-73    0.897922263748978594E+03   -0.150724074202032088E+01    0.244128234565796554E+01    0.223032816642250253E+01
    0.203194750125333213E-73    0.897540725355224595E+03   -0.170088161337336263E+01    0.240211939537879937E+01    0.252802488910827705E+01
    0.244989982350829065E-73    0.897161620471281367E+03   -0.172662064994924003E+01    0.233123186852236719E+01    0.260454749046655465E+01
    0.267933806472609353E-73    0.896977575195511463E+03   -0.164116293655463563E+01    0.244249143520234036E+01    0.242282429798989440E+01
    0.287463307647340600E-73    0.896831864660934798E+03   -0.172259722512001789E+01    0.246956987318195642E+01    0.259760896165199284E+01
    0.306991237408338881E-73    0.896695416704899003E+03   -0.154564025565110397E+01    0.246557021345697081E+01    0.228190932585642159E+01
    0.435909781203145998E-73    0.895989184517788203E+03   -0.147592105191870315E+01    0.242072717177819063E+01    0.220449830608063380E+01
    0.619736706042677203E-73    0.895280465673632534E+03   -0.152570774854460112E+01    0.246478339542252334E+01    0.227930058309990180E+01
    0.902217741640606036E-73    0.894524343334680339E+03   -0.161680378988132079E+01    0.220719233741498355E+01    0.247198634073603785E+01
    0.150206968243915482E-72    0.893499856665271068E+03   -0.153725096028489183E+01    0.217755387303400783E+01    0.234636730906404090E+01
    0.151848352509847392E-72    0.893473120244032430E+03   -0.145677575163628426E+01    0.232357604870746703E+01    0.216084642888057488E+01
    0.157184454173183928E-72    0.893399044961829077E+03   -0.158232637353677186E+01    0.251841758178435438E+01    0.234642722146913130E+01
    0.246903742172994163E-72    0.892490887822241802E+03   -0.137582516974538871E+01    0.226698408865112233E+01    0.207173243646467320E+01
    0.274336153623820027E-72    0.892275176543022098E+03   -0.159564601447266385E+01    0.219618889365393599E+01    0.244138034323891695E+01
    0.372478616847910977E-72    0.891658525664509284E+03   -0.137634447930090298E+01    0.225376991498054124E+01    0.207645179000951963E+01
    0.668947379110008017E-72    0.890482474125991303E+03   -0.166423310628458454E+01    0.253221647172744513E+01    0.246149186139495768E+01
    0.808750627400958440E-72    0.890097903684820722E+03   -0.172258676802850164E+01    0.244661628783987561E+01    0.256519546590581804E+01
    0.938442309441415537E-72    0.889795442161762026E+03   -0.143428397737432345E+01    0.233927796334263682E+01    0.213036139670163216E+01
    0.201958649011142108E-71    0.888257588804834654E+03   -0.147682830589231062E+01    0.223323978546047686E+01    0.221594087235630788E+01
    0.253573751247360155E-71    0.887797405316672780E+03   -0.166653925917276391E+01    0.257358132196173450E+01    0.248255383209785130E+01
    0.344723598126189351E-71    0.887178228879843459E+03   -0.166839427223005821E+01    0.241920514128301978E+01    0.253315681528516201E+01
    0.344078759021279765E-71    0.887176973578371872E+03   -0.155227706878596239E+01    0.235605626853257810E+01    0.229368136771783959E+01
    0.358348081784039280E-71    0.887090705122967279E+03   -0.136737409434903423E+01    0.226663905033140445E+01    0.206828823181821519E+01
    0.361868827397519866E-71    0.887066151160187133E+03   -0.159572836089155112E+01    0.248490746665151274E+01    0.240286190952021173E+01
    0.394494594812713385E-71    0.886888503864334552E+03   -0.160664902515212682E+01    0.251955063947551716E+01    0.237474117086596337E+01
    0.647498590295813821E-71    0.885892481509150798E+03   -0.152900041900842032E+01    0.240340578686882056E+01    0.231849630213029201E+01
    0.865428713280954207E-71    0.885307264729111125E+03   -0.159178730343495967E+01    0.228636470973559369E+01    0.236973972992703175E+01
    0.159112129178750990E-70    0.884084326218739307E+03   -0.169093339011092292E+01    0.257112097300170328E+01    0.252431408882359420E+01
    0.199686039762085857E-70    0.883625051892147553E+03   -0.147534689883470960E+01    0.228652822643769804E+01    0.219534924838046308E+01
    0.247599023772213465E-70    0.883189923359924592E+03   -0.140037029993647666E+01    0.229921547035761886E+01    0.213175607098181530E+01
    0.273881129590315325E-70    0.882983156198720621E+03   -0.171460039463468306E+01    0.242242261104312373E+01    0.259297105994006927E+01
    0.452804276301218341E-70    0.881972624614061601E+03   -0.141404591525666490E+01    0.222493848735248401E+01    0.213536948207803157E+01
    0.647045336403002783E-70    0.881253711828474138E+03   -0.171287107564461816E+01    0.252592580972440439E+01    0.257200593718282811E+01
    0.753859118280658745E-70    0.880943133546469653E+03   -0.161576940273952285E+01    0.225031122617673329E+01    0.247653811582899053E+01
    0.904665424415582049E-70    0.880573414198872911E+03   -0.138380660211865436E+01    0.228500374051489619E+01    0.207816953584255337E+01
    0.109416424643314455E-69    0.880188052344878429E+03   -0.141251625552596849E+01    0.220643510063372705E+01    0.214669498379795876E+01
    0.112735251047414885E-69    0.880123290052584821E+03   -0.141385450908369137E+01    0.233377418248778667E+01    0.213920061855327859E+01
    0.161275398629042444E-69    0.879402147461718300E+03   -0.171412640371852065E+01    0.236749496832984407E+01    0.259617243990716240E+01
    0.166301004956299942E-69    0.879335775511592374E+03   -0.167620606286552110E+01    0.256610146960286611E+01    0.248981863951819093E+01
    0.261395853869926638E-69    0.878426302490384728E+03   -0.151434537510388756E+01    0.236035319142836775E+01    0.230819804025233388E+01
    0.293884232012606930E-69    0.878187002527764889E+03   -0.141698471189225739E+01    0.231132453419233608E+01    0.215721175149859512E+01
    0.310626638701210109E-69    0.878071191025350913E+03   -0.147043566868949016E+01    0.234798001108044518E+01    0.217769149801897477E+01
    0.601037981797289857E-69    0.876746058109609862E+03   -0.160044231156971106E+01    0.229276007507181045E+01    0.238220766702487907E+01
    0.600371711903098926E-69    0.876743276403555683E+03   -0.168569765306750918E+01    0.228007447593935053E+01    0.253153361424383405E+01
    0.730271440933237405E-69    0.876346541766172436E+03   -0.149285580077686508E+01    0.240236782444403607E+01    0.220743121561625166E+01
    0.825124588272155950E-69    0.876097305587977871E+03   -0.164501032382526580E+01    0.221892267909176510E+01    0.250132781856826902E+01
    0.113891387793562315E-68    0.875447713672835334E+03   -0.140980776175994560E+01    0.220052850428169977E+01    0.215445498640256616E+01
    0.117373205820727223E-68    0.875382486880952115E+03   -0.147577955468916144E+01    0.240198896343488943E+01    0.221970386596127511E+01
    0.172134802478894778E-68    0.874611648373639127E+03   -0.164134963600678274E+01    0.238027566054903916E+01    0.243074939780536070E+01
    0.175394680102758485E-68    0.874569126685247966E+03   -0.143536958341237275E+01    0.220619763830526239E+01    0.217568792175341308E+01
    0.296653677805455507E-68    0.873513073403187718E+03   -0.140925144899276433E+01    0.221405658454044296E+01    0.213782061029217729E+01
    0.400950099858508316E-68    0.872905530223414871E+03   -0.157870806289102483E+01    0.239710873131629754E+01    0.240172639545530942E+01
    0.501435669702402684E-68    0.872453253537218302E+03   -0.156650186023950733E+01    0.237811583990125053E+01    0.231325180552844145E+01
    0.655371769267080712E-68    0.871912798861458214E+03   -0.160185997350103504E+01    0.219950651881856141E+01    0.243041375634029322E+01
    0.117119222301917494E-67    0.870746649178023972E+03   -0.166396148639098951E+01    0.250055345480394475E+01    0.250819390962199407E+01
    0.163598195216726542E-67    0.870073207213192063E+03   -0.158262510058527539E+01    0.220244888018193441E+01    0.242483698641161816E+01
    0.173049508522088496E-67    0.869955878538071715E+03   -0.173060520380994731E+01    0.245458608138753220E+01    0.260281246178763404E+01
    0.194186198361528244E-67    0.869720399029777354E+03   -0.171552912507492339E+01    0.251645097806839502E+01    0.257550413402630518E+01
    0.249417530198119718E-67    0.869214777357516482E+03   -0.162731986913176563E+01    0.227864527002823669E+01    0.249095890772529138E+01
    0.299748530543106943E-67    0.868842146214801005E+03   -0.149984887100534481E+01    0.219592819542585049E+01    0.230756807807938102E+01
    0.363010904631700483E-67    0.868454168249799636E+03   -0.168043670341793749E+01    0.256357337198510349E+01    0.249943955166406084E+01
    0.442034573882761256E-67    0.868055257797096829E+03   -0.155876870900118458E+01    0.222426460161350281E+01    0.239649570790319544E+01
    0.451415539949592352E-67    0.868008257418224957E+03   -0.138211676117432747E+01    0.225734281121910518E+01    0.210960921652662847E+01
    0.477597080909983406E-67    0.867890499097917996E+03   -0.170245985172505687E+01    0.253121670290246170E+01    0.255493653471281057E+01
    0.111773326559219735E-66    0.866184917911062939E+03   -0.160867254800990511E+01    0.232196248981770736E+01    0.246125238637311838E+01
    0.119073857666870667E-66    0.866053375905556095E+03   -0.172377391645452582E+01    0.240879179510290165E+01    0.260151989771648395E+01
    0.160825672594111550E-66    0.865447221813179681E+03   -0.153869350303000507E+01    0.240504488927192606E+01    0.233301716819269345E+01
    0.190976949350467922E-66    0.865098558338584780E+03   -0.169819300256091665E+01    0.229051141782851442E+01    0.255511612041232006E+01
    0.244940359280747698E-66    0.864595834313247678E+03   -0.138311365966223088E+01    0.225599787499058024E+01    0.211136849444370966E+01
    0.275687594766301328E-66    0.864354327168833379E+03   -0.167634327102550285E+01    0.256109666534937119E+01    0.249275129146395358E+01
    0.384179456224852255E-66    0.863685644257374065E+03   -0.172254628334751780E+01    0.242223098263169945E+01    0.257142954860555406E+01
    0.423471749977633522E-66    0.863485890200468134E+03   -0.148894881512642652E+01    0.226618995570171311E+01    0.222238869906128045E+01
    0.606326454294107122E-66    0.862763026723101689E+03   -0.173210586711340953E+01    0.245306870590708215E+01    0.260070645317536631E+01
    0.101016512745060769E-65    0.861737125634059907E+03   -0.153989087222698684E+01    0.245051310354893914E+01    0.227573615056022760E+01
    0.110442982644107287E-65    0.861553694838834190E+03   -0.139036135704941288E+01    0.227717583277832736E+01    0.208912940451190110E+01
    0.119633913489871693E-65    0.861388820908207663E+03   -0.169577354425911064E+01    0.250567225132861360E+01    0.255216120425133575E+01
    0.154941228516322002E-65    0.860866601877759535E+03   -0.160893448139116213E+01    0.222972246434336441E+01    0.246405981691283138E+01
    0.223147434309974555E-65    0.860132028239253145E+03   -0.144510211347052531E+01    0.230889895904693132E+01    0.215024849548655439E+01
    0.264123837442429294E-65    0.859789857477299392E+03   -0.150622870042246504E+01    0.222596406470448338E+01    0.231953397062257949E+01
    0.265031581674772734E-65    0.859777995636033211E+03   -0.164675333558653092E+01    0.254877403608085329E+01    0.244403564649570626E+01
    0.291427293167442750E-65    0.859583112522899910E+03   -0.171486687577449004E+01    0.238607063218714455E+01    0.256131322769907577E+01
    0.327899450141414472E-65    0.859342279612186530E+03   -0.155751639255376917E+01    0.237154357276991012E+01    0.230132494353174977E+01
    0.399445686324679731E-65    0.858942538022400640E+03   -0.155287349458842838E+01    0.248470205997404836E+01    0.231040081670787245E+01
    0.532490633316892530E-65    0.858362563011238876E+03   -0.156568131743550465E+01    0.234488356830238054E+01    0.231763678869938516E+01
    0.563465810389414586E-65    0.858244480310119343E+03   -0.147920769996501678E+01    0.241494479510135029E+01    0.220228376824849370E+01
    0.660306497518603111E-65    0.857922285391257446E+03   -0.167308568177754324E+01    0.253103232024102498E+01    0.251140017880968713E+01
    0.102529034829839522E-64    0.857037231389880958E+03   -0.144319069158317781E+01    0.227877380945821573E+01    0.221256378571600898E+01
    0.205178760630580534E-64    0.855644760235596891E+03   -0.147450285081421417E+01    0.240795612538718018E+01    0.219365982776469792E+01
    0.265225835730187951E-64    0.855126360093350513E+03   -0.172380337741554790E+01    0.235939586454150341E+01    0.259332398493833871E+01
    0.294469230762904386E-64    0.854912174403976906E+03   -0.145872425737563760E+01    0.230714772445933836E+01    0.223046182694093531E+01
    0.311891084171822585E-64    0.854792215364736535E+03   -0.139123756926525388E+01    0.226467689612669743E+01    0.209432468331025134E+01
    0.404459324405301412E-64    0.854267421092618520E+03   -0.141932851573089547E+01    0.234908104590417555E+01    0.213110303427001924E+01
    0.408779185076431498E-64    0.854241173199155810E+03   -0.142249112235921160E+01    0.230749444414023896E+01    0.216661781195981007E+01
    0.488160978274961479E-64    0.853881232990135913E+03   -0.140470389155245057E+01    0.228213739948452377E+01    0.214352084571702406E+01
    0.563461085849736525E-64    0.853589326893771499E+03   -0.163843728276481349E+01    0.247565175012844430E+01    0.242112848873988185E+01
    0.633723598141023964E-64    0.853349297651478992E+03   -0.148908720093968183E+01    0.241781553080036993E+01    0.221056876874534503E+01
    0.685809116194556174E-64    0.853186324774619607E+03   -0.158018385715530796E+01    0.250626998875864571E+01    0.234962669893228515E+01
    0.815792427525641949E-64    0.852834203550933694E+03   -0.152528102405444455E+01    0.244862666444990840E+01    0.225956381893819547E+01
    0.129776002625016858E-63    0.851900733438979501E+03   -0.167281497492404529E+01    0.225329296431504655E+01    0.252669567673711803E+01
    0.172132733710505504E-63    0.851330821480451050E+03   -0.169078461328892948E+01    0.227898087398458982E+01    0.256100125651374633E+01
    0.172236788872101686E-63    0.851324612834993900E+03   -0.171807752817486259E+01    0.235753256653405652E+01    0.257663333944704931E+01
    0.416648508194886526E-63    0.849552867333397444E+03   -0.157437466858701258E+01    0.233434483951657823E+01    0.233348459398005481E+01
    0.422903338634189661E-63    0.849518065975958280E+03   -0.152036012832921408E+01    0.235268979278151891E+01    0.224942916384388347E+01
    0.466345104957895260E-63    0.849317501396851640E+03   -0.167232378879044696E+01    0.226942854597573351E+01    0.251464609801729289E+01
    0.719295346508178788E-63    0.848445809159331020E+03   -0.152864575343380116E+01    0.233678761296008952E+01    0.233627482555899668E+01
    0.818585597813806652E-63    0.848182197313642291E+03   -0.155816005839179916E+01    0.244126259717589544E+01    0.235123769651687908E+01
    0.101202803097161795E-62    0.847752930157985247E+03   -0.148497006962243638E+01    0.232845581032093207E+01    0.226737545200877832E+01
    0.122025160300415715E-62    0.847373728557219920E+03   -0.154501740148780264E+01    0.224147995517650678E+01    0.231585367259386388E+01
    0.197674747036672070E-62    0.846403937091575699E+03   -0.168239440982105526E+01    0.252606418916154318E+01    0.249703164875083061E+01
    0.230103308781653135E-62    0.846095126314715799E+03   -0.169594636637406548E+01    0.230898066005865044E+01    0.257177621601604223E+01
    0.413524967089322079E-62    0.844917747283016752E+03   -0.161157668276253885E+01    0.221290940294754268E+01    0.243973486279605112E+01
    0.475172818158510063E-62    0.844634825936966877E+03   -0.169588474665850031E+01    0.238770921282217330E+01    0.257020281187183564E+01
    0.620300685316524096E-62    0.844096774394515705E+03   -0.162506234664409610E+01    0.252071882158831029E+01    0.240679600294653184E+01
    0.639879198469785061E-62    0.844029624255808358E+03   -0.170272070236081841E+01    0.232902214958051257E+01    0.257942275028828938E+01
    0.753516912277744062E-62    0.843697680142551576E+03   -0.170820797142633873E+01    0.232140286252164474E+01    0.256887119543731224E+01
    0.132260625332566753E-61    0.842567464061532974E+03   -0.150448320448820660E+01    0.218728979107624744E+01    0.230230584211150813E+01
    0.178389663657053322E-61    0.841964072323463256E+03   -0.139484971969983107E+01    0.222402038798470070E+01    0.212827835027564305E+01
    0.200319483931826182E-61    0.841727185858734856E+03   -0.157083292377319217E+01    0.219968967906473356E+01    0.240353201786237491E+01
    0.234379838061069773E-61    0.841408126804302810E+03   -0.143147859901922225E+01    0.220191306079302507E+01    0.219299444649015918E+01
    0.275688575101684980E-61    0.841078469126975961E+03   -0.162228004638215184E+01    0.225681600751731892E+01    0.248185447783052382E+01
    0.410981454212292645E-61    0.840274916702299720E+03   -0.158393077165748242E+01    0.249777928210315769E+01    0.234716594866597283E+01
    0.444971492346696486E-61    0.840110992446170030E+03   -0.172348359143271712E+01    0.240722791205893927E+01    0.259547407559888299E+01
    0.589655472447212665E-61    0.839542936039448364E+03   -0.164527438931762715E+01    0.244688497050779397E+01    0.243378252325536515E+01
    0.643963209865783931E-61    0.839361729688244054E+03   -0.170796646469380842E+01    0.232459676983275187E+01    0.258104761425212459E+01
    0.930073901876928398E-61    0.838621484787365944E+03   -0.171425529182726111E+01    0.249303363634159103E+01    0.255630413325269146E+01
    0.120276601831120418E-60    0.838102254484987839E+03   -0.156104371487168048E+01    0.245031895644601638E+01    0.230628482242914323E+01
    0.134856684053287879E-60    0.837868417466251458E+03   -0.163530005336609152E+01    0.242674967502518912E+01    0.241879820880552820E+01
    0.142684232632473923E-60    0.837750574645599954E+03   -0.140591076347027810E+01    0.221684337136373566E+01    0.214169011236884188E+01
    0.142616353663149436E-60    0.837746526329176731E+03   -0.168882614704482736E+01    0.251131522907695359E+01    0.253779083946604800E+01
    0.142844625655413375E-60    0.837738327684774163E+03   -0.150883186124512703E+01    0.240870563373243129E+01    0.223251020941096812E+01
    0.173185205324238290E-60    0.837348119550377987E+03   -0.165059605683259614E+01    0.246134799887994093E+01    0.249489830164960225E+01
    0.281943005991724206E-60    0.836368432807926638E+03   -0.164407676742825837E+01    0.254252634490916352E+01    0.244932886241398862E+01
    0.433854872601924336E-60    0.835501422529622687E+03   -0.164410947702748711E+01    0.228294147853737917E+01    0.245998679628210759E+01
    0.592628891692084959E-60    0.834872705919981740E+03   -0.152670802604878642E+01    0.245445003680942220E+01    0.227536346845547399E+01
    0.120618976875011419E-59    0.833446399258597467E+03   -0.169845201556327918E+01    0.242122482543788919E+01    0.252804678099042590E+01
    0.250674329571029760E-59    0.831978363300314300E+03   -0.160983856215809196E+01    0.244793660357699938E+01    0.243445561785041775E+01
    0.309790837497219772E-59    0.831549877806129984E+03   -0.162658547592412583E+01    0.246494739234648108E+01    0.240433706898204136E+01
    0.375013201735962526E-59    0.831162750050177692E+03   -0.165325814190300946E+01    0.248032399993839725E+01    0.244720817174908412E+01
    0.377397043172980606E-59    0.831145076913789694E+03   -0.157343874127466510E+01    0.231708742562641623E+01    0.240826974085176815E+01
    0.401112693900217649E-59    0.831018187670148563E+03   -0.168360289544328179E+01    0.252549623700992942E+01    0.252445322074558476E+01
    0.410115659793947850E-59    0.830968794076187919E+03   -0.140633948753355709E+01    0.229843830315663222E+01    0.210756274613411776E+01
    0.431466422623965543E-59    0.830862293126089639E+03   -0.154311460682741841E+01    0.241513248564225069E+01    0.233409793232620544E+01
    0.108008854215958698E-58    0.829022075909659861E+03   -0.149353530497332221E+01    0.241822578029236901E+01    0.222015793490024649E+01
    0.113920009220875764E-58    0.828910509266938902E+03   -0.166014007359385740E+01    0.231670484628820450E+01    0.247817938272238436E+01
    0.124708261149450707E-58    0.828724548126783702E+03   -0.170434210898602689E+01    0.232795065631435305E+01    0.257727481102300082E+01
    0.162067341619252295E-58    0.828195478448418839E+03   -0.158217132949247663E+01    0.246983460433689261E+01    0.237934801159064513E+01
    0.165389949110520274E-58    0.828149890296997910E+03   -0.150867432294898496E+01    0.228564620228362658E+01    0.224758076728251055E+01
    0.173222552046661977E-58    0.828052347932602288E+03   -0.169263827635266439E+01    0.235917568492057850E+01    0.252704552120113490E+01
    0.223314852792897212E-58    0.827539336980940448E+03   -0.149534949990375110E+01    0.236222108282954180E+01    0.221474328432322842E+01
    0.260175410268336769E-58    0.827228790207316592E+03   -0.148266285471515191E+01    0.219472326041322097E+01    0.225769262700197260E+01
    0.275167721516028961E-58    0.827111740707794979E+03   -0.141267942283941084E+01    0.231930130531881318E+01    0.211470689493112118E+01
    0.276755095283543427E-58    0.827095236359027126E+03   -0.162238535976717113E+01    0.221898516776744259E+01    0.246882898824731356E+01
    0.280752812310901859E-58    0.827061553102741073E+03   -0.163762363134170097E+01    0.233375200718955389E+01    0.243615195566016673E+01
    0.325693586912441492E-58    0.826759588280307980E+03   -0.161278166536409362E+01    0.251835729784236095E+01    0.240737259108740176E+01
    0.345794081605263079E-58    0.826634815408104600E+03   -0.156547590359550282E+01    0.229018546141678758E+01    0.240006236566144437E+01
    0.440851008730099624E-58    0.826144088384792553E+03   -0.141298613045532573E+01    0.233096793718172091E+01    0.212513771760683667E+01
    0.900074686644227909E-58    0.824711546834066553E+03   -0.143657466093106256E+01    0.236097865079407487E+01    0.215307663989784714E+01
    0.107724085562383710E-57    0.824347185748488755E+03   -0.158058094401684146E+01    0.232347746666871569E+01    0.241741082255436446E+01
    0.212799948207580252E-57    0.822980627109997386E+03   -0.171146067989726158E+01    0.235947547121159884E+01    0.256700206127117880E+01
    0.221452927434673938E-57    0.822895912038810934E+03   -0.168494863095947256E+01    0.231890383780075116E+01    0.255810110695038873E+01
    0.249707961581043099E-57    0.822650747975435252E+03   -0.139632933085891864E+01    0.229802336198630908E+01    0.211178057512623951E+01
    0.262586369955925843E-57    0.822545172025526995E+03   -0.154968131061045145E+01    0.236093153083619800E+01    0.236187555786658976E+01
    0.342759700231915613E-57    0.822007272899703139E+03   -0.162248985967990755E+01    0.252408603970001888E+01    0.241106457696908905E+01
    0.344729998973432907E-57    0.821990809140241936E+03   -0.166437182399470451E+01    0.252543598548753412E+01    0.249411842856781618E+01
    0.354156280832273721E-57    0.821931855564178250E+03   -0.170811980357305560E+01    0.235440568053042831E+01    0.256078406148896676E+01
    0.451847878928430385E-57    0.821439640993875628E+03   -0.146580002418378452E+01    0.224476539897469518E+01    0.225281778290075074E+01
    0.460480726079902462E-57    0.821396790137187509E+03   -0.169465705492315100E+01    0.250867943457544840E+01    0.254338196177603670E+01
    0.499904754532284520E-57    0.821227496959479254E+03   -0.140096012120639379E+01    0.223532602322557850E+01    0.212458212865140084E+01
    0.720442079118941318E-57    0.820491602093428924E+03   -0.149215909792325907E+01    0.239517957685813476E+01    0.221207170540989395E+01
    0.779693785893664549E-57    0.820328529617330560E+03   -0.172143729040222926E+01    0.243889782296215873E+01    0.258143113831701498E+01
    0.823306971337546822E-57    0.820214673894515499E+03   -0.160427614995935519E+01    0.222112974294827081E+01    0.245074428714254466E+01
    0.109370066003300260E-56    0.819641687486506726E+03   -0.150204726637396302E+01    0.242357597077763076E+01    0.224869018319246194E+01
    0.109934730172928314E-56    0.819626388296935033E+03   -0.169570454817605043E+01    0.231087859321363442E+01    0.254963182871489380E+01
    0.120261321075466041E-56    0.819441827850749178E+03   -0.168894502000708235E+01    0.249073713860800838E+01    0.254100688267114805E+01
    0.121414020107009856E-56    0.819417749234502480E+03   -0.163916155624607196E+01    0.223324778805830571E+01    0.248049284496128841E+01
    0.130759139711921798E-56    0.819264447946780592E+03   -0.164573308055485379E+01    0.223712265960484968E+01    0.249147334441936863E+01
    0.161253931177662821E-56    0.818840201282623298E+03   -0.144435377706616319E+01    0.233856623379862372E+01    0.215048606050684477E+01
    0.187491172073668799E-56    0.818533698428116850E+03   -0.161021890078652463E+01    0.221391490249977263E+01    0.244896900447200849E+01
    0.413948849902660846E-56    0.816944677121708310E+03   -0.152983044937774437E+01    0.244572751682365652E+01    0.226984293215247135E+01
    0.474990435639918797E-56    0.816664572615499310E+03   -0.148269045845702241E+01    0.234895244919238610E+01    0.225399399100001929E+01
    0.517562559811197566E-56    0.816487901139459041E+03   -0.141572919024045785E+01    0.230067897732333648E+01    0.215224208141319195E+01
    0.101519640151652867E-55    0.815135487208596487E+03   -0.162738976923628686E+01    0.247151782969473821E+01    0.240736777090483400E+01
    0.124850279171970902E-55    0.814716761260620615E+03   -0.154248620082954369E+01    0.219659954417960268E+01    0.235768551499857182E+01
    0.125537215358487982E-55    0.814700787263516190E+03   -0.167368430510291377E+01    0.237442258590714328E+01    0.249121367017511730E+01
    0.135565400009854015E-55    0.814542083404629921E+03   -0.147070629206818060E+01    0.220047100707714893E+01    0.225456836859641285E+01
    0.154382404185999019E-55    0.814277126429044188E+03   -0.171969248601076097E+01    0.241376455481073382E+01    0.258245160532146123E+01
    0.197033757147512282E-55    0.813784241625911363E+03   -0.155993819672228451E+01    0.228461129493955273E+01    0.232576584594580282E+01
    0.205648715127803423E-55    0.813693652872589382E+03   -0.162924982058275791E+01    0.251585293201317706E+01    0.241692673469146513E+01
    0.213131871891467416E-55    0.813617169584191288E+03   -0.160112641140087919E+01    0.250181194274310936E+01    0.239430231965192419E+01
    0.475314359491393779E-55    0.812008038977003480E+03   -0.154989432869562949E+01    0.246786206771419181E+01    0.231139746437163751E+01
    0.481437939706244146E-55    0.811977437099320809E+03   -0.149196701639948914E+01    0.237708453843462442E+01    0.221131520053619646E+01
    0.562136340440642168E-55    0.811662502927944843E+03   -0.161104281865878574E+01    0.250756591756508307E+01    0.239007437472532303E+01
    0.603398043202141789E-55    0.811515837598651956E+03   -0.155972510058339564E+01    0.247227359455113938E+01    0.233119700575165467E+01
    0.763454575995548668E-55    0.811040284509286266E+03   -0.154502433226413416E+01    0.231751219297340993E+01    0.236388959342741956E+01
    0.820382247110070300E-55    0.810891450992877026E+03   -0.162345032589736249E+01    0.252203892029347898E+01    0.241759459753536632E+01
    0.111204900035545048E-54    0.810278072688370116E+03   -0.165355409370579576E+01    0.227302492179751559E+01    0.251829022641737232E+01
    0.146260962273246970E-54    0.809725036702162356E+03   -0.144012904141869114E+01    0.235554811158618627E+01    0.216717677483361904E+01
    0.160559765921399691E-54    0.809533489087000476E+03   -0.170465098696328687E+01    0.233446603190307833E+01    0.256442287227766030E+01
    0.163900728491220441E-54    0.809487299719257635E+03   -0.161373183980701018E+01    0.246390924154623603E+01    0.238658984194333179E+01
    0.189479908770764617E-54    0.809192255587029422E+03   -0.166103175943526060E+01    0.239961590356574206E+01    0.251998451633189724E+01
    0.218043894927727889E-54    0.808906428789397523E+03   -0.155616711004555852E+01    0.245139511923507314E+01    0.230341861700178541E+01
    0.224853669278083946E-54    0.808839921916466437E+03   -0.154858665597191258E+01    0.231165488652124962E+01    0.230164699801957973E+01
    0.403263986071303322E-54    0.807666638780637868E+03   -0.162875739729216917E+01    0.252088621694060855E+01    0.243159337469956682E+01
    0.479992547714385282E-54    0.807313280423824494E+03   -0.148809675166830013E+01    0.239153612117572800E+01    0.224248388203658777E+01
    0.509276925052303437E-54    0.807189837728832572E+03   -0.158206586916616687E+01    0.222130949839732450E+01    0.242122766494139796E+01
    0.844275542273116933E-54    0.806173863753790897E+03   -0.164279055226936044E+01    0.250312598869913794E+01    0.246656454353648158E+01
    0.901608436980742384E-54    0.806037460939259745E+03   -0.148812550655648090E+01    0.219662493162077643E+01    0.227500249221172446E+01
    0.973452397751266008E-54    0.805879123729057710E+03   -0.152879059408907647E+01    0.241994296197703607E+01    0.230394091655239919E+01
    0.158773727286262143E-53    0.804895691214559406E+03   -0.165020238138329001E+01    0.236677851087514268E+01    0.250953790729064963E+01
    0.189558128638250190E-53    0.804536259944376070E+03   -0.154038227872222988E+01    0.220176249114574052E+01    0.233891455380513591E+01
    0.202624894141339354E-53    0.804397938478970332E+03   -0.169061685690466978E+01    0.248282394053409483E+01    0.254294484131643195E+01
    0.207196107719776704E-53    0.804348319944063746E+03   -0.155844077751702859E+01    0.223586442035755484E+01    0.234288860597373905E+01
    0.236782260052198957E-53    0.804076369424442191E+03   -0.158912224839348415E+01    0.228994509087401266E+01    0.243273639372343098E+01
    0.388879042312932129E-53    0.803079114694101122E+03   -0.144061346662261003E+01    0.226284366248493729E+01    0.216157005635579758E+01
    0.393017690270840221E-53    0.803052942145673114E+03   -0.142183445439278455E+01    0.224445281944836994E+01    0.214537251537924334E+01
    0.517045648481552590E-53    0.802499389063117178E+03   -0.146671948477460146E+01    0.224325832856378593E+01    0.225266085554671491E+01
    0.660190215322723470E-53    0.802005595397145498E+03   -0.152497838655166573E+01    0.239139470864343995E+01    0.225690125524506868E+01
    0.713258069461432508E-53    0.801845964786848299E+03   -0.163564056297194327E+01    0.250392453098918022E+01    0.245371348349832274E+01
    0.796189081636590552E-53    0.801620977999447632E+03   -0.152766023622031533E+01    0.238311188904264259E+01    0.226091065629301546E+01
    0.998675965034524517E-53    0.801162790660793348E+03   -0.163726032050961945E+01    0.241745564993079931E+01    0.242565720717971267E+01
    0.116157466783777491E-52    0.800855587722525343E+03   -0.161293927986963892E+01    0.226297140215416315E+01    0.246611050249077124E+01
    0.132812302279656298E-52    0.800582607467421440E+03   -0.167723278533856623E+01    0.252664726329779965E+01    0.250333739923595644E+01
    0.159807759249810531E-52    0.800207538031901549E+03   -0.155921002880976434E+01    0.240457520583346174E+01    0.236277621705374941E+01
    0.193543946715623067E-52    0.799819472005235866E+03   -0.141985580585675275E+01    0.224407481859466884E+01    0.217308702950453991E+01
    0.243905427807182377E-52    0.799351920089808573E+03   -0.162308870155694107E+01    0.244287539271779153E+01    0.240183851874105336E+01
    0.479883397801808158E-52    0.797993394901929946E+03   -0.157648506600417448E+01    0.242712073260289873E+01    0.238366743738355602E+01
    0.532794850074075812E-52    0.797779208301415792E+03   -0.141682103631743961E+01    0.222921821838828738E+01    0.216585769146051987E+01
    0.555132379752226050E-52    0.797692067993459659E+03   -0.169669887827020149E+01    0.249727379575171060E+01    0.253020385250739999E+01
    0.578264363518767987E-52    0.797605418927345454E+03   -0.152684092468012933E+01    0.242843495356461947E+01    0.229423869114984846E+01
    0.592428105209746825E-52    0.797552022159763624E+03   -0.170814846924390995E+01    0.243712569479697239E+01    0.255190451359195336E+01
    0.746240288872896809E-52    0.797085385905447993E+03   -0.168858348988567930E+01    0.245554575112245521E+01    0.251215749910699415E+01
    0.812714327365053663E-52    0.796909721874332377E+03   -0.165070392859325499E+01    0.240412314865905863E+01    0.250375404459551909E+01
    0.849550070958560956E-52    0.796816067446107695E+03   -0.162332560292556183E+01    0.228185062474864697E+01    0.247962059229167409E+01
    0.853135471093517199E-52    0.796802644504006480E+03   -0.153624586520767714E+01    0.244400568367440574E+01    0.230196957088057097E+01
    0.109629400611605184E-51    0.796296099837641236E+03   -0.141335333593313961E+01    0.231058860401316668E+01    0.213786682960181729E+01
    0.140106453641657120E-51    0.795800505988594523E+03   -0.152227244557089536E+01    0.230730180791534822E+01    0.226430656936850561E+01
    0.349016123773107399E-51    0.793970074780116533E+03   -0.166494113141921285E+01    0.246928456304845723E+01    0.247061447779909393E+01
    0.401990407326746892E-51    0.793682454570306845E+03   -0.154734290449510570E+01    0.245587754622841015E+01    0.231485656582102806E+01
    0.466386069474856714E-51    0.793380283489438170E+03   -0.152463733807733415E+01    0.236283881042124078E+01    0.225869639553412682E+01
    0.579316772531905834E-51    0.792941612160662316E+03   -0.163654395013013931E+01    0.250234215874218124E+01    0.245450122511379476E+01
    0.980109779110001548E-51    0.791884981852451119E+03   -0.152194880340500860E+01    0.234397052916210358E+01    0.225719073784351743E+01
    0.130075708621058995E-50    0.791313907526345247E+03   -0.149370034817904673E+01    0.225701944770222340E+01    0.229300100718638333E+01
    0.187795103897648678E-50    0.790574437845041302E+03   -0.168473492652792700E+01    0.233107853434309176E+01    0.255362927436945064E+01
    0.217844600245286647E-50    0.790272576904876360E+03   -0.151079706397069069E+01    0.227757897520324670E+01    0.231676437915639966E+01
    0.222056857976380321E-50    0.790229273904063575E+03   -0.151516660590638219E+01    0.242958013948376106E+01    0.225481830295602492E+01
    0.223391795454099973E-50    0.790212286515942992E+03   -0.147458283756713682E+01    0.225578521935937637E+01    0.226285736571419704E+01
    0.295312189622569977E-50    0.789649074702896883E+03   -0.146189525917994234E+01    0.237421493324841437E+01    0.219629508357303216E+01
    0.336492959627924577E-50    0.789382986383220782E+03   -0.144216836219698430E+01    0.233084767969401474E+01    0.215181385620315346E+01
    0.357825978752709362E-50    0.789255047285545402E+03   -0.170546145190789766E+01    0.238921133941980424E+01    0.255358394615009487E+01
    0.497203346985523671E-50    0.788592142653680185E+03   -0.142546152834450579E+01    0.222462115555682427E+01    0.217888255295739697E+01
    0.498060250950328080E-50    0.788583698725143790E+03   -0.142018625137248344E+01    0.232553937346317996E+01    0.213779828451955645E+01
    0.100019085966104778E-49    0.787184248595381177E+03   -0.140915691693716916E+01    0.223859081168411755E+01    0.214050257903285157E+01
    0.119302697198428690E-49    0.786826642775486789E+03   -0.154450881477957180E+01    0.228304515695994059E+01    0.236709011899324651E+01
    0.129159992032039727E-49    0.786662866881857781E+03   -0.150191053218719150E+01    0.226321739863124094E+01    0.224823225228202617E+01
    0.137767093926038241E-49    0.786528841581914776E+03   -0.160877895087094824E+01    0.247354747169181133E+01    0.241937849889995604E+01
    0.144520823915027872E-49    0.786428123435640373E+03   -0.146349712437637169E+01    0.231409575411459700E+01    0.223072852150215795E+01
    0.172232907149526233E-49    0.786072275305924791E+03   -0.166852065972500485E+01    0.241532493654127967E+01    0.252550124035971635E+01
    0.207904810175528253E-49    0.785690809987129228E+03   -0.146306851855547881E+01    0.233219149673335036E+01    0.222317076201840180E+01
    0.220284278074092821E-49    0.785570132879698122E+03   -0.152382107145397461E+01    0.243737769291259054E+01    0.226962274172615786E+01
    0.269591521371562849E-49    0.785161154791006538E+03   -0.160479391686275141E+01    0.222173521006907082E+01    0.244227204413935439E+01
    0.289140648611348949E-49    0.785016144164014690E+03   -0.159478441362467871E+01    0.229029689281557802E+01    0.238082165565010584E+01
    0.376541269047684458E-49    0.784482915343101922E+03   -0.166565519141264140E+01    0.232452161057284945E+01    0.249054327075679538E+01
    0.376831943374608250E-49    0.784476372021218140E+03   -0.169316098405510829E+01    0.237649188099261366E+01    0.256053458268992173E+01
    0.429776399508638830E-49    0.784208440505661883E+03   -0.146258389513004405E+01    0.224882504388297866E+01    0.224367791447701492E+01
    0.605237724274929503E-49    0.783518728023179051E+03   -0.157433069628260291E+01    0.247815196635092372E+01    0.234946142635633848E+01
    0.797369025799372244E-49    0.782962335469858658E+03   -0.144648578674294992E+01    0.226783618978590562E+01    0.221397092884270208E+01
    0.822209135892303523E-49    0.782895981078411296E+03   -0.147785573097358425E+01    0.235604267943843571E+01    0.219599460548745640E+01
    0.114884881817033100E-48    0.782221939265623746E+03   -0.150419149130930752E+01    0.237180253905620031E+01    0.223053382071115180E+01
    0.120831089783610239E-48    0.782116013227976168E+03   -0.163321286389583942E+01    0.249488025760024668E+01    0.242296432322880229E+01
    0.144313625665783345E-48    0.781755822689708111E+03   -0.152097953109444672E+01    0.238658888915767298E+01    0.225331062223094136E+01
    0.160327624485889405E-48    0.781540361714895425E+03   -0.162622478956468641E+01    0.245978426552034879E+01    0.240866948577222395E+01
    0.174891900035348726E-48    0.781361464326316991E+03   -0.160683724481522328E+01    0.249443278031582150E+01    0.240360231617211362E+01
    0.206114920684043010E-48    0.781027932702993212E+03   -0.162048338636233047E+01    0.247831352106606539E+01    0.243643812147339922E+01
    0.220352645119337452E-48    0.780889342073492458E+03   -0.162098820987067249E+01    0.249883143606700697E+01    0.242705576028703085E+01
    0.225474198234250021E-48    0.780838388999970675E+03   -0.148274560285215395E+01    0.225218624204518258E+01    0.222561354935445266E+01
    0.263634340770490073E-48    0.780520674323854109E+03   -0.157366523332199049E+01    0.245102947703160190E+01    0.236737137343341075E+01
    0.264685560613579722E-48    0.780507715348789020E+03   -0.153392229333408237E+01    0.241920965958502254E+01    0.227280394343341285E+01
    0.275090813662322962E-48    0.780425597914965692E+03   -0.159336441774615345E+01    0.245424525505630120E+01    0.235870329793328004E+01
    0.312155955181609683E-48    0.780167794625720148E+03   -0.141657370648090986E+01    0.230334793794075843E+01    0.214606328012920855E+01
    0.317245804865619809E-48    0.780130446698122114E+03   -0.164469573415175385E+01    0.250131909758141013E+01    0.246612456321674678E+01
    0.414257453694748035E-48    0.779591825165522778E+03   -0.140874892940988139E+01    0.229893095455288465E+01    0.212712622538384899E+01
    0.445252984149063603E-48    0.779442515215598632E+03   -0.156306513113648693E+01    0.246165395393810105E+01    0.234053810105418947E+01
    0.637778433257646754E-48    0.778718818584803103E+03   -0.164004302775448041E+01    0.225475358820858229E+01    0.247321173183703458E+01
    0.759696108422930833E-48    0.778363963472312889E+03   -0.155620312793173365E+01    0.236257214718813824E+01    0.230628552310778545E+01
    0.946394824313657622E-48    0.777919480776599812E+03   -0.164876796902380063E+01    0.234988412732759500E+01    0.250736995551459607E+01
    0.103644994914858295E-47    0.777732687179503728E+03   -0.162792243723151286E+01    0.246456401678979953E+01    0.241196033298286849E+01
    0.111417249163633071E-47    0.777583065967489119E+03   -0.150735452446021401E+01    0.238910187356236170E+01    0.227685028180142091E+01
    0.112742144836809052E-47    0.777554423664075216E+03   -0.160194400137998882E+01    0.242906007206185004E+01    0.237114899322631523E+01
    0.121684259142976218E-47    0.777396770977966298E+03   -0.163087161047121154E+01    0.240497067764886596E+01    0.247331375578968249E+01
    0.123029011634190183E-47    0.777369789889270919E+03   -0.148800813739763438E+01    0.223069193777594110E+01    0.224381418646703779E+01
    0.131445237699827330E-47    0.777232449635212788E+03   -0.168484667734095428E+01    0.231811568377954380E+01    0.253155945957824535E+01
    0.148412794629750888E-47    0.776984635189883761E+03   -0.164421203611551126E+01    0.247561843288150207E+01    0.243858396991940829E+01
    0.169909245896145564E-47    0.776709101384614314E+03   -0.153274197665571288E+01    0.234892034954660467E+01    0.227342266313473651E+01
    0.180742581379055786E-47    0.776580482644979497E+03   -0.158259456194731896E+01    0.224281199986092261E+01    0.238054077244080631E+01
    0.230265531054348894E-47    0.776091164026549905E+03   -0.146030156937577837E+01    0.233843212522308974E+01    0.217501813105536357E+01
    0.332386908293334746E-47    0.775352030924667474E+03   -0.155382776192306871E+01    0.240087099069330012E+01    0.230012544339189340E+01
    0.404513338704094559E-47    0.774954260854805511E+03   -0.156040470119227459E+01    0.237201358161025944E+01    0.237266149664726989E+01
    0.475005192880636648E-47    0.774627978805570137E+03   -0.170336215366371801E+01    0.240767208212068740E+01    0.256545935906153666E+01
    0.569892699345954969E-47    0.774258734085587548E+03   -0.165744310345813339E+01    0.231530055519802413E+01    0.252044086073664175E+01
    0.998427215174680519E-47    0.773132267766215705E+03   -0.169795492280994287E+01    0.238900044127292777E+01    0.256238930787069918E+01
    0.139989044289379864E-46    0.772451331763349685E+03   -0.156981000833834972E+01    0.227262093673219656E+01    0.234821692031154328E+01
    0.157187849860912730E-46    0.772214576920198624E+03   -0.151056354644654678E+01    0.236382514737189853E+01    0.224054824033802014E+01
    0.169290494208871590E-46    0.772061227812395828E+03   -0.158956316102975004E+01    0.233748450404492036E+01    0.236205109240762390E+01
    0.177191931224081369E-46    0.771964993087729681E+03   -0.158499952404505429E+01    0.247606204118460393E+01    0.237232731045071787E+01
    0.179909660278135863E-46    0.771929550417174710E+03   -0.151546364193781047E+01    0.222772525263592103E+01    0.228581671612598214E+01
    0.190390440742084362E-46    0.771811306262471703E+03   -0.157416590833933867E+01    0.233666265707033682E+01    0.233822605696382624E+01
    0.256307147278996029E-46    0.771211707053571558E+03   -0.166695492752709762E+01    0.232628134466416903E+01    0.253130085419039119E+01
    0.266132961417629283E-46    0.771131468014593793E+03   -0.169097071777531793E+01    0.246293575546457166E+01    0.254247628639669543E+01
    0.266724516355291743E-46    0.771122027388682682E+03   -0.162864145036228947E+01    0.224253236547782508E+01    0.246266565027467266E+01
    0.271674690032486399E-46    0.771080249376295342E+03   -0.142151177886197888E+01    0.231324039967147321E+01    0.213441752750623870E+01
    0.426909755984895183E-46    0.770171314799103243E+03   -0.145816639886018407E+01    0.229888133354140489E+01    0.222483275138908354E+01
    0.616818434414909756E-46    0.769430310674320026E+03   -0.143484500205742238E+01    0.223572954127621415E+01    0.217166369350419508E+01
    0.834309313216008023E-46    0.768821251666780540E+03   -0.153664688295055907E+01    0.243158242356815846E+01    0.228055311756509660E+01
    0.879682210551532152E-46    0.768710338656536692E+03   -0.167824232415053576E+01    0.232686813046646401E+01    0.251588404348239791E+01
    0.878793765049741137E-46    0.768707359601012968E+03   -0.155430159526622647E+01    0.230709809010094880E+01    0.231440411772887700E+01
    0.891346534420096381E-46    0.768673993533536759E+03   -0.166056304736208893E+01    0.250797114667384324E+01    0.247339598271197048E+01
    0.114516218660807665E-45    0.768167856984992682E+03   -0.154842748648535333E+01    0.244713853139889537E+01    0.229996471840996186E+01
    0.124651191306715364E-45    0.767993251172028749E+03   -0.151127524757902476E+01    0.241186860560284533E+01    0.226924805481159098E+01
    0.222922309737703305E-45    0.766825643258438618E+03   -0.151108761621065879E+01    0.235571379578107853E+01    0.224238084536071725E+01
    0.227512673400742196E-45    0.766779878018113550E+03   -0.154764344778355722E+01    0.233726800022741799E+01    0.229811750843462015E+01
    0.232186360897421438E-45    0.766734209248424236E+03   -0.165190503863523985E+01    0.243260228401501433E+01    0.249699335158563862E+01
    0.270549946722674530E-45    0.766423376451971421E+03   -0.167313330945709260E+01    0.249766884601202399E+01    0.250702177151233485E+01
    0.310924631722710598E-45    0.766140188824140068E+03   -0.167774783172071174E+01    0.246125296496490265E+01    0.252588500208799971E+01
    0.433042154602076972E-45    0.765472619750298350E+03   -0.168137356702358498E+01    0.232196386645193398E+01    0.252490200900448869E+01
    0.468189963243720959E-45    0.765311541670449060E+03   -0.159415568125027507E+01    0.234853319810128047E+01    0.236779320263389792E+01
    0.562652555736036102E-45    0.764938965291294153E+03   -0.165949039535886422E+01    0.237487229014064916E+01    0.251745781599832519E+01
    0.605410364188071088E-45    0.764787476874280856E+03   -0.170117607316053077E+01    0.244755079045172241E+01    0.255301642624846004E+01
    0.718209244969409374E-45    0.764440767998053389E+03   -0.146967303493846324E+01    0.221424650696577130E+01    0.224839857159959067E+01
    0.788357787266578337E-45    0.764249385843173741E+03   -0.167632164564530051E+01    0.250197447881871327E+01    0.250397869906203674E+01
    0.947662660006146346E-45    0.763876292716199941E+03   -0.165742638106853901E+01    0.250894718956923057E+01    0.247234812927837666E+01
    0.115203001766940971E-44    0.763480728110462223E+03   -0.165066418331418285E+01    0.236772368795298593E+01    0.250647262748344346E+01
    0.126171919804506694E-44    0.763293828880640149E+03   -0.157187600952558681E+01    0.221590575845045157E+01    0.238602554040806503E+01
    0.146391309641908867E-44    0.762991553241524571E+03   -0.164866035772278097E+01    0.247179301249373395E+01    0.248123146229141156E+01
    0.174124007774938195E-44    0.762639584252847271E+03   -0.162644641805290835E+01    0.224068303317495232E+01    0.246577419481818616E+01
    0.208957179809937665E-44    0.762269861020953044E+03   -0.169224605941177364E+01    0.243355002435700962E+01    0.254877726137784322E+01
    0.332519926242691764E-44    0.761335720146616836E+03   -0.167356384166492966E+01    0.231581952660244905E+01    0.251168801157703214E+01
    0.349436690364087488E-44    0.761231474916686238E+03   -0.167361745088233738E+01    0.249652266908045029E+01    0.249505751262300635E+01
    0.492576509591257816E-44    0.760539820124375183E+03   -0.159957688197559067E+01    0.223656611639612635E+01    0.241492217876401227E+01
    0.513057259645716658E-44    0.760453344807945996E+03   -0.168733992291455071E+01    0.232899606986123686E+01    0.253755289477469326E+01
    0.572692131721888530E-44    0.760228423159540625E+03   -0.160936093683963644E+01    0.247726680316726267E+01    0.238797093314980913E+01
    0.726119302523719428E-44    0.759748691060577471E+03   -0.167365868325259415E+01    0.231558679732847050E+01    0.251228190317870315E+01
    0.914247824102939282E-44    0.759282916366223731E+03   -0.167612335110056421E+01    0.232570403843127993E+01    0.251367839564790785E+01
    0.960938268086729629E-44    0.759178299380827525E+03   -0.144841992995028734E+01    0.233521959562687398E+01    0.219066900704289402E+01
    0.146674616470653563E-43    0.758327516254359693E+03   -0.141510808983405978E+01    0.228325459437272604E+01    0.213297176062424043E+01
    0.165283633551864671E-43    0.758083623555628947E+03   -0.143344568650279935E+01    0.226134466150656621E+01    0.215876310560388163E+01
    0.170793391315699171E-43    0.758013040358178387E+03   -0.157230727854723806E+01    0.222138216164443492E+01    0.240001628059530780E+01
    0.243854384930447863E-43    0.757295807006177483E+03   -0.156676098153144761E+01    0.243847374314929777E+01    0.232216175929819713E+01
    0.247505152909708927E-43    0.757261086731069781E+03   -0.160246879644301021E+01    0.245480513228533459E+01    0.237491654945591613E+01
    0.275970609070739491E-43    0.757038360791982768E+03   -0.167736100189950199E+01    0.244554587377633403E+01    0.252780585639647981E+01
    0.290916778295375041E-43    0.756927875052266813E+03   -0.156166339268890875E+01    0.245121054987971565E+01    0.231874272076531796E+01
    0.329914712030043355E-43    0.756671281189001888E+03   -0.155873755028918604E+01    0.230653922904916886E+01    0.232227131815592180E+01
    0.475054383369891723E-43    0.755937090956756037E+03   -0.161435614912007019E+01    0.223766980701820106E+01    0.245534828907690539E+01
    0.540215280688660910E-43    0.755675014078221579E+03   -0.143899026556959009E+01    0.223042493062093872E+01    0.218399881442847743E+01
    0.646833491624555063E-43    0.755309771720612275E+03   -0.157767687857505257E+01    0.247098655554620539E+01    0.234850393635049848E+01
    0.688957905358968203E-43    0.755178589186573618E+03   -0.149954701777351129E+01    0.228060107218375974E+01    0.229586428281510635E+01
    0.121049587053914891E-42    0.754046378804319374E+03   -0.155683463493501550E+01    0.222691253010187706E+01    0.238143284981424586E+01
    0.129318185067722324E-42    0.753909227511679319E+03   -0.156055119149692345E+01    0.222521898908738658E+01    0.238588738452769888E+01
    0.131477984212754020E-42    0.753871100514007821E+03   -0.165067544215041528E+01    0.247798978035025819E+01    0.245275722851772926E+01
    0.135830851112093924E-42    0.753800958608691190E+03   -0.169832388626380015E+01    0.237441365092392687E+01    0.255430810557433574E+01
    0.142578801176252785E-42    0.753698989673187612E+03   -0.163077394594907554E+01    0.226491376716789405E+01    0.248287020047855300E+01
    0.199825705797228766E-42    0.753018888317174969E+03   -0.143499458105693023E+01    0.222984653241986042E+01    0.218662320479577055E+01
    0.216931821516196979E-42    0.752849613113115652E+03   -0.153467219691474765E+01    0.236345449819406284E+01    0.227652539358983041E+01
    0.233794722357188397E-42    0.752694892397418812E+03   -0.151662887272439129E+01    0.241962298127596220E+01    0.226926858118354602E+01
    0.670205522306036421E-42    0.750583610518225214E+03   -0.166848311901792301E+01    0.243949622470781113E+01    0.248257326462494810E+01
    0.692532636331168440E-42    0.750513068617886006E+03   -0.144058714237951646E+01    0.233207315082754185E+01    0.215793433360720499E+01
    0.716998696590039877E-42    0.750438631302876274E+03   -0.169943400304356707E+01    0.239716272467680325E+01    0.255147873672160941E+01
    0.829095774275723542E-42    0.750143107991643092E+03   -0.167031547521679702E+01    0.248278642578955999E+01    0.248833829239702453E+01
    0.841345202657907216E-42    0.750108775263043071E+03   -0.159480431362667918E+01    0.223379299664778674E+01    0.241085676236305702E+01
    0.111893221325756869E-41    0.749533519091315270E+03   -0.163924636862385098E+01    0.245180006924335503E+01    0.243294767094960207E+01
    0.113260736527284507E-41    0.749504224035066954E+03   -0.157766756887268556E+01    0.244484117910790255E+01    0.233913984348613546E+01
    0.114586315253579776E-41    0.749475952394341334E+03   -0.144411770230033754E+01    0.233410618243764745E+01    0.216141844564993946E+01
    0.128203062248345166E-41    0.749246378300964238E+03   -0.143747727866217456E+01    0.226053655115958474E+01    0.219534118828082647E+01
    0.141047350837882589E-41    0.749050417851255929E+03   -0.165481691795028740E+01    0.229066543377109078E+01    0.248727773877971003E+01
    0.163295600191601345E-41    0.748752485049327106E+03   -0.145152332964193409E+01    0.227149056688752715E+01    0.221805314541046172E+01
    0.181284389034167855E-41    0.748538475145671782E+03   -0.149153698357036668E+01    0.237076554107544046E+01    0.221788636304628639E+01
    0.211108275084987816E-41    0.748228866854511807E+03   -0.145118899044827998E+01    0.232215472347375895E+01    0.220122052756644848E+01
    0.269200995196929233E-41    0.747737692573087998E+03   -0.150813510070093404E+01    0.239376062143257284E+01    0.227198124669900459E+01
    0.278360761152281730E-41    0.747665773213572379E+03   -0.143855348616340084E+01    0.228708979313379235E+01    0.219099280381480810E+01
    0.304135353294006395E-41    0.747483663475522917E+03   -0.164242768222503654E+01    0.246183462134571718E+01    0.247297084751334850E+01
    0.375402349190924740E-41    0.747057612398418087E+03   -0.162892856791830032E+01    0.246462168014038374E+01    0.245100170731634925E+01
    0.393353522131639270E-41    0.746959191652496543E+03   -0.156439427129985087E+01    0.244085564831680424E+01    0.235118839454987949E+01
    0.447833940800247748E-41    0.746694764170663802E+03   -0.152654285899826991E+01    0.223362247105638012E+01    0.233873090404259365E+01
    0.558746761381401472E-41    0.746247216462900838E+03   -0.154121135523309816E+01    0.240567584103386745E+01    0.228534746583316561E+01
    0.772093070281946619E-41    0.745595398962115269E+03   -0.161280271120506069E+01    0.247714100206486210E+01    0.239559753430727795E+01
    0.101750002427341667E-40    0.745038401280006610E+03   -0.160056023066722020E+01    0.237910901981344480E+01    0.243101942468430821E+01
    0.119970090001300480E-40    0.744703954052914014E+03   -0.158525814358196104E+01    0.246055275636815152E+01    0.237802481277012490E+01
    0.122716414550208045E-40    0.744653686734994494E+03   -0.167929825856419646E+01    0.245537202448977521E+01    0.250358948486665334E+01
    0.140281752634344988E-40    0.744381133138317864E+03   -0.149520224153196724E+01    0.235914036130207982E+01    0.226507363001913475E+01
    0.147180184975218232E-40    0.744280123807776818E+03   -0.147216838271201889E+01    0.233921474293329235E+01    0.219370170698233480E+01
    0.260070740681370098E-40    0.743136531629259252E+03   -0.152825349633857366E+01    0.221223024947398095E+01    0.232868051534332210E+01
    0.275833471545589780E-40    0.743013844337054707E+03   -0.164744271448845225E+01    0.249672778749718072E+01    0.245650409532910174E+01
    0.287292950971412360E-40    0.742927434115852293E+03   -0.158831389372419363E+01    0.247330282959181780E+01    0.237249509908434675E+01
    0.296578568868315730E-40    0.742858814634191504E+03   -0.166076525361584548E+01    0.244165338923861208E+01    0.250462840046717083E+01
    0.346206781521818317E-40    0.742544366514360945E+03   -0.163836164875485957E+01    0.249559326152990391E+01    0.244807485757380050E+01
    0.367821875058892165E-40    0.742418241404723858E+03   -0.157821485678668383E+01    0.222398921157925500E+01    0.240378358415885529E+01
    0.558149944614541480E-40    0.741579183687903310E+03   -0.143769608573742369E+01    0.226294163942340987E+01    0.219415724939135970E+01
    0.608716128814806852E-40    0.741400734911767586E+03   -0.150767445405162359E+01    0.221275214715788060E+01    0.230012052171393577E+01
    0.758450747354505562E-40    0.740955883251547789E+03   -0.142819534995448505E+01    0.231338010539224070E+01    0.215150761449741523E+01
    0.987754795628426472E-40    0.740422570007597528E+03   -0.148672167595870075E+01    0.227299942774030184E+01    0.227531784546950178E+01
    0.122310494943830872E-39    0.739990143086125158E+03   -0.155798429953730522E+01    0.238793554951181308E+01    0.236118837816592375E+01
    0.144528682506343240E-39    0.739651312824958609E+03   -0.143627570386917336E+01    0.231279378442357730E+01    0.217458755109686308E+01
    0.177378166285946461E-39    0.739236700818130657E+03   -0.149476829042922210E+01    0.227236207046616157E+01    0.228815565699233048E+01
    0.180802105485446839E-39    0.739193462603827015E+03   -0.151275474292535606E+01    0.241053658029328011E+01    0.226639467069350431E+01
    0.184338742732801085E-39    0.739149718674033352E+03   -0.166066268252548044E+01    0.239446366843329006E+01    0.247347708699658497E+01
    0.189882683330513486E-39    0.739085455939774306E+03   -0.143476450449184378E+01    0.225492142268552298E+01    0.218912002567333630E+01
    0.205103238780307407E-39    0.738926241878017890E+03   -0.150542636781339190E+01    0.236319548909232768E+01    0.223688916654462489E+01
    0.211167395731041698E-39    0.738862966463093017E+03   -0.164559088485824478E+01    0.244900213888468610E+01    0.248050473304584074E+01
    0.251314365532401079E-39    0.738509859574799862E+03   -0.162050110441385398E+01    0.247394901679987411E+01    0.240733015173910303E+01
    0.250976252894029317E-39    0.738507552141031738E+03   -0.152197746588815908E+01    0.221771591971725890E+01    0.232597707502737094E+01
    0.283615136213784226E-39    0.738258032460510663E+03   -0.158959374927049080E+01    0.235403624758594665E+01    0.241925255868345168E+01
    0.342324324112595619E-39    0.737876751582748511E+03   -0.160352251755588493E+01    0.237300205829454836E+01    0.238122150466257843E+01
    0.352427582882990239E-39    0.737813578465341607E+03   -0.142336411088982717E+01    0.225386072388131797E+01    0.215796873242188170E+01
    0.376743911551214707E-39    0.737675137436519776E+03   -0.153026486630320124E+01    0.234878393824538545E+01    0.227309956761042997E+01
    0.458040006447172931E-39    0.737279355729134409E+03   -0.143747266935822982E+01    0.226873801365823979E+01    0.216416726547139682E+01
    0.465260116341834475E-39    0.737243075512036739E+03   -0.166496206621287346E+01    0.229494478624783005E+01    0.251805688833545815E+01
    0.679579659168048978E-39    0.736480319872864925E+03   -0.151982979880579916E+01    0.236703903817721040E+01    0.230416709594751623E+01
    0.785185632021815711E-39    0.736186428462895833E+03   -0.168337984949087049E+01    0.234518966637416293E+01    0.252808563097475947E+01
    0.806345587408972551E-39    0.736128243952157504E+03   -0.167099867137040015E+01    0.248437059535191462E+01    0.249829789599571761E+01
    0.867925774955829393E-39    0.735976056393815384E+03   -0.168946053721016209E+01    0.243061084523144011E+01    0.254015384627979124E+01
    0.114195360061723726E-38    0.735422277271459507E+03   -0.148345999325388833E+01    0.232321294654812105E+01    0.225724130884942298E+01
    0.199430739226209686E-38    0.734302164595880981E+03   -0.154666947484923956E+01    0.242823145735242418E+01    0.229758982231377651E+01
    0.249581207953322078E-38    0.733848529914362871E+03   -0.157072738531407685E+01    0.222378424007917541E+01    0.239219568918137071E+01
    0.277974592210506791E-38    0.733628039175212393E+03   -0.168233714071960017E+01    0.245648338793572840E+01    0.252545047574982462E+01
    0.462859049404571778E-38    0.732603253446774715E+03   -0.150469470173615871E+01    0.226405121296848399E+01    0.230410135334276944E+01
    0.596165349598388956E-38    0.732092062482787242E+03   -0.169265232191509707E+01    0.238802666384458195E+01    0.254489615575989880E+01
    0.598748314888500038E-38    0.732078415935710268E+03   -0.165589446663382023E+01    0.237989208390116369E+01    0.246780935111980426E+01
    0.864590341462376495E-38    0.731338587002255963E+03   -0.160294030215147432E+01    0.246211478896759317E+01    0.238053176922494458E+01
    0.102423885543201932E-37    0.730994688533073600E+03   -0.142686664298239041E+01    0.230266689789916645E+01    0.215327361347151225E+01
    0.197018109400164319E-37    0.729681337117595149E+03   -0.164498134097587534E+01    0.232111762244399422E+01    0.246106079306150427E+01
    0.206126793462820561E-37    0.729585945455014667E+03   -0.151602703639810654E+01    0.226752550467928904E+01    0.232099902168565286E+01
    0.222370091350554753E-37    0.729429242274408466E+03   -0.160566658386475014E+01    0.229885263523385630E+01    0.240087869702537482E+01
    0.265462614086996168E-37    0.729069980383329153E+03   -0.165065474708950699E+01    0.248431372859192079E+01    0.246002189248042313E+01
    0.293941140704053808E-37    0.728861169327182097E+03   -0.147349799525929637E+01    0.230398703648309411E+01    0.224547199837637557E+01
    0.333396956395032021E-37    0.728604260735827779E+03   -0.160351907430032981E+01    0.237744138351245482E+01    0.238150418526976537E+01
    0.335108724495365284E-37    0.728589018358595013E+03   -0.151666085589305943E+01    0.221615461927937085E+01    0.230834790452647276E+01
    0.408233376607385459E-37    0.728189250393674911E+03   -0.168025088711430115E+01    0.241565739119671408E+01    0.253248170407329809E+01
    0.409328856264734724E-37    0.728178890653369308E+03   -0.165985601658573190E+01    0.234239500513976884E+01    0.251686156106406145E+01
    0.417407364311810952E-37    0.728134803142832425E+03   -0.154445805100302125E+01    0.233422944898951279E+01    0.229704773820838604E+01
    0.602604021889027391E-37    0.727395407816598322E+03   -0.158060689806776056E+01    0.233746481256950345E+01    0.240809244957996071E+01
    0.617010419083515057E-37    0.727343156597507686E+03   -0.144510660071326003E+01    0.224792832289757216E+01    0.220599425044021302E+01
    0.637260371406716019E-37    0.727273571781640612E+03   -0.162981719922489265E+01    0.225730272781139218E+01    0.247126656403252198E+01
    0.683887428677061608E-37    0.727127341766158452E+03   -0.146400068890582680E+01    0.229668646774230067E+01    0.219095012060120986E+01
    0.707604267784474406E-37    0.727054158431161341E+03   -0.166384056644952461E+01    0.248233817576134186E+01    0.248562264610774619E+01
    0.888324953743017954E-37    0.726594253188494349E+03   -0.152567321906948061E+01    0.241256945214526075E+01    0.229050017184545851E+01
    0.107900352963450315E-36    0.726200341945476112E+03   -0.147343090811991284E+01    0.224220088461679978E+01    0.225447741002153812E+01
    0.127288125209261379E-36    0.725864851793863295E+03   -0.167505326316776859E+01    0.244312278963144980E+01    0.249897254923336121E+01
    0.181714352904455006E-36    0.725147886303207656E+03   -0.168147971652119543E+01    0.235502167483173341E+01    0.253813617274835934E+01
    0.185723836612846390E-36    0.725099236590437044E+03   -0.153729444963635542E+01    0.226207053086432630E+01    0.235299707257983215E+01
    0.199704377146161877E-36    0.724949081914831027E+03   -0.164115746568224496E+01    0.227268521859263428E+01    0.248917819322898737E+01
    0.221339448020636478E-36    0.724738363258359641E+03   -0.143393091766728187E+01    0.224843049873280876E+01    0.217468074165163472E+01
    0.222949783179519050E-36    0.724718865115279868E+03   -0.147109866782149168E+01    0.235764411152787501E+01    0.219722023299995506E+01
    0.233412187665603931E-36    0.724622146359566841E+03   -0.165811832102914991E+01    0.248396175789268359E+01    0.247748224096370429E+01
    0.252239338803132485E-36    0.724462001444545990E+03   -0.165075277231243556E+01    0.229496361159844220E+01    0.250452312423533385E+01
    0.264666000590374919E-36    0.724360820920581887E+03   -0.165129641306812802E+01    0.245045409486026422E+01    0.245646345636103192E+01
    0.411480679946663064E-36    0.723473234095005409E+03   -0.161825146716068113E+01    0.225895865684204411E+01    0.246183193187439819E+01
    0.425582037506200298E-36    0.723400842768353186E+03   -0.161720935595201665E+01    0.247783110262046868E+01    0.240802151766908068E+01
    0.576292688906759790E-36    0.722789526888212777E+03   -0.155671102253911298E+01    0.228457505135880012E+01    0.237987727463127463E+01
    0.720605908354596047E-36    0.722337573437420019E+03   -0.148227469421030356E+01    0.227409187102483434E+01    0.226611930240692061E+01
    0.745092993848261748E-36    0.722265740163317332E+03   -0.145868970404268117E+01    0.234986332674037257E+01    0.218838832273292283E+01
    0.757354508792738350E-36    0.722228095329739858E+03   -0.161667506894331092E+01    0.246751814284437376E+01    0.240341153435245047E+01
    0.127497703436103610E-35    0.721181391342082634E+03   -0.160010074704692484E+01    0.225183805987454777E+01    0.243842062551995298E+01
    0.225028342422723203E-35    0.720040135325234360E+03   -0.147256146598093673E+01    0.228086570000301103E+01    0.224860845131764897E+01
    0.246013148195985779E-35    0.719856818081512984E+03   -0.165608662268231766E+01    0.246910249495235146E+01    0.246765116957041286E+01
    0.265452729780964869E-35    0.719699714481274782E+03   -0.167132135650635272E+01    0.239664825855922903E+01    0.252392103225986730E+01
    0.277924149567331413E-35    0.719602891580065148E+03   -0.156366716263098349E+01    0.241985745286350706E+01    0.232070633034252438E+01
    0.332386698345429414E-35    0.719239989956084969E+03   -0.163969909908147993E+01    0.244118875884329434E+01    0.247154577513758156E+01
    0.340581159492007646E-35    0.719186281144312147E+03   -0.145042731700749572E+01    0.232758879115446016E+01    0.219148347651314701E+01
    0.493385113501724993E-35    0.718440007981657459E+03   -0.143810634568378326E+01    0.230877774103209621E+01    0.216113328279993766E+01
    0.504347180455293387E-35    0.718391058284357882E+03   -0.155550166941101020E+01    0.235196974127376190E+01    0.236568858822962369E+01
    0.514419651939834512E-35    0.718346509294805060E+03   -0.149062151878976912E+01    0.233169475982090502E+01    0.222145571482226956E+01
    0.713260127094376055E-35    0.717687895669397903E+03   -0.151735592824538745E+01    0.229681376920925340E+01    0.226623278751332080E+01
    0.725986761310253921E-35    0.717647524487326109E+03   -0.167772943256293638E+01    0.235466700222125969E+01    0.253335165452058142E+01
    0.739469216542412546E-35    0.717605722738641816E+03   -0.164021424567483698E+01    0.233217565447773723E+01    0.245124139310853906E+01
    0.806244917194047158E-35    0.717427812918754057E+03   -0.161430075205449630E+01    0.246704220662607643E+01    0.242078400043034492E+01
    0.102124109598854229E-34    0.716950040191627522E+03   -0.157400599418631737E+01    0.223755344111421728E+01    0.237874716267603326E+01
    0.110640187989547572E-34    0.716784851087504876E+03   -0.154044649754936880E+01    0.241653636152570339E+01    0.229008719339099009E+01
    0.139223083381557513E-34    0.716320262734349853E+03   -0.167458599564120170E+01    0.246149380158782183E+01    0.250608454044053452E+01
    0.146469010436797277E-34    0.716213790113982782E+03   -0.166652534254564011E+01    0.235048782579208781E+01    0.249497953290492092E+01
    0.159943970745439896E-34    0.716032770718306324E+03   -0.163701395301681751E+01    0.246864392695264501E+01    0.243627781745372118E+01
    0.164585864358367324E-34    0.715970553048817465E+03   -0.160455662783633501E+01    0.244505562071051497E+01    0.241487000247301964E+01
    0.168202900678170160E-34    0.715922075874832558E+03   -0.157285727590210067E+01    0.222936639542185988E+01    0.238702421073196724E+01
    0.198736393730120940E-34    0.715583459276492363E+03   -0.155561411643005298E+01    0.236944762749371529E+01    0.236086273390551682E+01
    0.249148972542537855E-34    0.715126315858699400E+03   -0.166329314492723124E+01    0.234245596308057813E+01    0.251887744944998992E+01
    0.274922068104371343E-34    0.714924442522849290E+03   -0.154680808031856998E+01    0.243141237647725061E+01    0.230419354305701773E+01
    0.319825496222426826E-34    0.714616866814944387E+03   -0.165565271769955213E+01    0.229219737763067277E+01    0.250210878720895202E+01
    0.325447707648439082E-34    0.714577014267721552E+03   -0.145597747744719275E+01    0.223388077270662233E+01    0.221651483108010083E+01
    0.350220717080177614E-34    0.714425290708525040E+03   -0.154641358580691435E+01    0.233111490558755330E+01    0.235606147893467721E+01
    0.389315533667960275E-34    0.714208637549722653E+03   -0.168620410819507871E+01    0.238532175822766934E+01    0.253507581851352981E+01
    0.421813560072678869E-34    0.714043291029160059E+03   -0.151365082854070998E+01    0.228347031910565601E+01    0.231393203987335738E+01
    0.543168630164523451E-34    0.713532578211412215E+03   -0.158490313042895314E+01    0.226961550269126278E+01    0.241965753687163243E+01
    0.567373901475128365E-34    0.713440380811192085E+03   -0.164544609548130860E+01    0.241047559505541509E+01    0.244868453385474538E+01
    0.576535744631826520E-34    0.713403343179200192E+03   -0.160092897360565400E+01    0.246932325361822258E+01    0.239113441290603390E+01
    0.576995661497097430E-34    0.713396748365614030E+03   -0.161400950612277105E+01    0.244243819762864556E+01    0.239718163166079457E+01
    0.663865725952705981E-34    0.713111258042282316E+03   -0.152545743473204043E+01    0.233069663209009148E+01    0.227103920826753836E+01
    0.672924838916872195E-34    0.713079150574936193E+03   -0.167635878624528134E+01    0.243965546848058112E+01    0.250490655881731072E+01
    0.696965248466720484E-34    0.713003946758855818E+03   -0.168188652627205193E+01    0.243226267929871964E+01    0.252549194811485833E+01
    0.918827979063873657E-34    0.712446220016241455E+03   -0.164241818011143570E+01    0.238812619687860606E+01    0.248697381399114725E+01
    0.932712626905003264E-34    0.712411223573126335E+03   -0.162463402616813291E+01    0.233645996230922659E+01    0.242423539676041955E+01
    0.977994469994647935E-34    0.712311409829202034E+03   -0.161061756803317002E+01    0.243189971516353243E+01    0.242909141929518846E+01
    0.983882577375318574E-34    0.712294404744443341E+03   -0.158634860955451051E+01    0.243688172176753692E+01    0.238721777933521118E+01
    0.987898905474184046E-34    0.712281257120199371E+03   -0.163424734118264725E+01    0.247437640725019969E+01    0.244798409081376356E+01
    0.996368541735690632E-34    0.712259183438502532E+03   -0.156044862822757002E+01    0.229425543891364558E+01    0.238343842533549832E+01
    0.110187532295437675E-33    0.712052880167940543E+03   -0.163595590435634364E+01    0.247537024996468924E+01    0.243802025232560560E+01
    0.112716549488047000E-33    0.712002495162913760E+03   -0.166276959643720246E+01    0.237779830364950318E+01    0.248312691210129088E+01
    0.185585101395618364E-33    0.711000220585492912E+03   -0.161406247286927673E+01    0.234368367709112935E+01    0.245437267320136598E+01
    0.265668767719594028E-33    0.710277747077054073E+03   -0.166243931821696300E+01    0.233156442616442927E+01    0.249342783716626926E+01
    0.351398046157987547E-33    0.709713408443302342E+03   -0.159808527805374312E+01    0.224986529791847989E+01    0.241276786658956155E+01
    0.413460391848964278E-33    0.709383124229791292E+03   -0.145972210937779301E+01    0.234378268741420204E+01    0.218865376596824390E+01
    0.514483027199131143E-33    0.708940922542833277E+03   -0.145936443134681015E+01    0.224312862738248953E+01    0.220895628274935518E+01
    0.536139740815503219E-33    0.708853457999310422E+03   -0.159830168466686517E+01    0.224860836963728827E+01    0.243257958794116114E+01
    0.579747712862556250E-33    0.708692061612273278E+03   -0.154165511589973159E+01    0.233086411964459250E+01    0.229520570953931369E+01
    0.688416371022102994E-33    0.708343459983810135E+03   -0.157232898022659695E+01    0.244459588852759735E+01    0.233979065686622967E+01
    0.793847233264550824E-33    0.708053465591836016E+03   -0.155563444305132403E+01    0.242412982808195787E+01    0.231240014139057593E+01
    0.110888306263687877E-32    0.707380030598806343E+03   -0.159550283237788348E+01    0.226337972966167644E+01    0.240037888483339756E+01
    0.114730265792195702E-32    0.707306909771491178E+03   -0.155097239598119696E+01    0.243455057971213407E+01    0.231592864153036082E+01
    0.115095302459209769E-32    0.707295556484052213E+03   -0.149598342529666262E+01    0.238211550244600589E+01    0.223347144608253956E+01
    0.131168607561386587E-32    0.707029110335970813E+03   -0.165653761885960926E+01    0.230720894670793664E+01    0.250798610546126355E+01
    0.149934688115485600E-32    0.706756677915032583E+03   -0.148525047566251556E+01    0.223420436614068896E+01    0.224903718623082050E+01
    0.164902894916751024E-32    0.706561363918456777E+03   -0.164869253660631054E+01    0.231564182623544879E+01    0.247281998645397749E+01
    0.166465428739446327E-32    0.706537502183133597E+03   -0.153678576954303714E+01    0.223146209034265119E+01    0.232575572597495217E+01
    0.186393655645152107E-32    0.706306355757591518E+03   -0.146443020221892528E+01    0.224640980727285555E+01    0.221346368365459689E+01
    0.194741832663901395E-32    0.706213727995798081E+03   -0.157443796144050330E+01    0.229119795969333717E+01    0.235543739841214617E+01
    0.198485603810387169E-32    0.706170644343234130E+03   -0.155717646413103106E+01    0.236191068289285688E+01    0.231400637301810619E+01
    0.256233050547454526E-32    0.705654902720339237E+03   -0.167859355966668922E+01    0.243065509332248730E+01    0.251234480068858446E+01
    0.311000565051315988E-32    0.705262488030333429E+03   -0.155645083315875232E+01    0.236307640870375302E+01    0.231288472187367766E+01
    0.362534801932314549E-32    0.704950836538425051E+03   -0.159941778773994159E+01    0.246249808762005040E+01    0.238283092111157124E+01
    0.368237482173431149E-32    0.704914621364409527E+03   -0.156478026607733200E+01    0.236796529789335652E+01    0.232487194090599658E+01
    0.393038137482048632E-32    0.704779264190259028E+03   -0.161274988268905828E+01    0.246676753198695309E+01    0.241459459396112308E+01
    0.395865594389044273E-32    0.704759927997391060E+03   -0.157529510022046848E+01    0.245023030296845779E+01    0.234874296808755822E+01
    0.406953399914945721E-32    0.704699680123731468E+03   -0.144604125549863882E+01    0.229177146385201880E+01    0.219649019541596502E+01
    0.490734238343648744E-32    0.704320272058149953E+03   -0.144367647873489902E+01    0.226494457542828220E+01    0.219768709060858214E+01
    0.542086988593389946E-32    0.704116224520216406E+03   -0.164243446663198189E+01    0.235810817938966411E+01    0.245115809392958539E+01
    0.556376754449627967E-32    0.704059186127080807E+03   -0.161310628047746540E+01    0.238160375368142496E+01    0.239873986601755718E+01
    0.774556946955929168E-32    0.703392495119391015E+03   -0.152117747079706556E+01    0.222532186584184943E+01    0.230995103983240213E+01
    0.848610909872580029E-32    0.703204875910449346E+03   -0.158657669620515951E+01    0.242576209741316795E+01    0.235613197446991052E+01
    0.894686990503381601E-32    0.703094129636812227E+03   -0.163710533167613015E+01    0.234255025739970479E+01    0.248517597551711233E+01
    0.128976328741719334E-31    0.702357649523675832E+03   -0.147595614246818307E+01    0.229549023529514074E+01    0.224901844428058162E+01
    0.140368265699812371E-31    0.702183368425942149E+03   -0.167010971353275339E+01    0.245202946562743884E+01    0.250302750541107955E+01
    0.156252747808844028E-31    0.701963957553594128E+03   -0.163000604487533662E+01    0.239316397695959227E+01    0.242545148822640222E+01
    0.156062220739865812E-31    0.701961397745218619E+03   -0.149699249837748627E+01    0.234351024838103728E+01    0.226987781183328075E+01
    0.159563398775420876E-31    0.701912024647002568E+03   -0.147688335069675336E+01    0.235136416250634639E+01    0.222833674993973041E+01
    0.159844635894805682E-31    0.701903502666820032E+03   -0.156437231204194083E+01    0.238258212784158552E+01    0.232338915278579705E+01
    0.178181554370866821E-31    0.701681301304764247E+03   -0.148625527647571110E+01    0.232500995561754165E+01    0.225783704534777918E+01
    0.181651166891949981E-31    0.701637730937482274E+03   -0.166227696619836030E+01    0.242100717795241271E+01    0.250531026537660395E+01
    0.186081613883631285E-31    0.701584536578878897E+03   -0.165692231155186454E+01    0.230234162442998347E+01    0.250156114886141800E+01
    0.207592457719843177E-31    0.701360753662866045E+03   -0.167164705787466250E+01    0.239510317823447005E+01    0.252112431988399344E+01
    0.220079021313879219E-31    0.701238933963170552E+03   -0.155770987920219151E+01    0.242151519127817405E+01    0.234239776933954857E+01
    0.245025656511563097E-31    0.701019181451436566E+03   -0.149249402479589799E+01    0.225011603120807280E+01    0.228187988545966114E+01
    0.271931518149584575E-31    0.700805806776296322E+03   -0.150223173277585698E+01    0.237820230828533896E+01    0.226215263049855508E+01
    0.315323592066122950E-31    0.700504708526593618E+03   -0.162786722747333146E+01    0.242888163914025279E+01    0.242044125552452094E+01
    0.323280303271241019E-31    0.700449867784717526E+03   -0.148691140629722018E+01    0.232713729937155911E+01    0.221913162342628745E+01
    0.329586075056256708E-31    0.700406232204203206E+03   -0.160194449627598612E+01    0.232908065760732930E+01    0.238974658444541177E+01
    0.445179496169458595E-31    0.699799952176438751E+03   -0.155984099150823230E+01    0.243634257750012528E+01    0.233461241999775382E+01
    0.612518970712348785E-31    0.699156747473409496E+03   -0.159249091486747507E+01    0.236084701718314127E+01    0.241887949137117531E+01
    0.698302143597488877E-31    0.698889603543302201E+03   -0.156695751829603847E+01    0.244265603481911375E+01    0.234201070784746790E+01
    0.729258062009263791E-31    0.698797851974684818E+03   -0.149685965969635348E+01    0.222977695203034942E+01    0.228360900270162048E+01
    0.931638525862653258E-31    0.698303017519138393E+03   -0.158623232546768511E+01    0.231760621072901918E+01    0.236746310236709689E+01
    0.971860755849471525E-31    0.698213482224672020E+03   -0.144588191281228906E+01    0.229208254537318856E+01    0.219465918471381727E+01
    0.127175051041765288E-30    0.697670608132364237E+03   -0.153192670023987842E+01    0.238330996420583352E+01    0.227758547306977199E+01
    0.133307673407733018E-30    0.697571417535528781E+03   -0.166198899098208241E+01    0.232339902392637443E+01    0.249897727253372537E+01
    0.162545003946233215E-30    0.697169827294906213E+03   -0.156564004835366188E+01    0.241377644907790412E+01    0.235980855497485642E+01
    0.180139826354612160E-30    0.696959270391666450E+03   -0.155579239463541219E+01    0.237211047385532714E+01    0.235860459973406122E+01
    0.208048534408151818E-30    0.696666194334517286E+03   -0.164682921296892637E+01    0.246120702485257148E+01    0.245609861429374909E+01
    0.248252913526483147E-30    0.696307841038250672E+03   -0.164499633352815433E+01    0.237228898375053809E+01    0.245422084457828937E+01
    0.250015001405551801E-30    0.696288695273114627E+03   -0.154619437090153733E+01    0.235538216183732940E+01    0.234796871247402272E+01
    0.272458560760178698E-30    0.696111764052613921E+03   -0.153156454844661072E+01    0.241331048359839873E+01    0.229338444146978837E+01
    0.295221298898375435E-30    0.695946286634756348E+03   -0.153706356709145453E+01    0.240762981514899810E+01    0.228768809979349008E+01
    0.311510513386756724E-30    0.695833870939486474E+03   -0.156712417208479726E+01    0.241509607207916943E+01    0.236160492944708089E+01
    0.326553087277136798E-30    0.695734552055425183E+03   -0.150773765932324855E+01    0.225443026898828336E+01    0.226991905781095404E+01
    0.332819229730625465E-30    0.695691538138642386E+03   -0.158857146955249950E+01    0.226851392786545913E+01    0.238800019969252020E+01
    0.347461888719516385E-30    0.695600427144001401E+03   -0.162967861964304928E+01    0.240772002894589843E+01    0.242457331144072263E+01
    0.359682595983931633E-30    0.695526293187040437E+03   -0.165424020063051169E+01    0.246075891393853485E+01    0.247923027739104462E+01
    0.370400678343346977E-30    0.695462566448181178E+03   -0.154808755571078582E+01    0.228499827858572058E+01    0.231772657474726351E+01
    0.425380768273566242E-30    0.695180767730138086E+03   -0.149073697374609271E+01    0.233855184656193549E+01    0.225991214513899585E+01
    0.426670846291835429E-30    0.695169711388094811E+03   -0.167827313474856732E+01    0.239934389716192120E+01    0.251647959970671309E+01
    0.522149305842497669E-30    0.694760829969476845E+03   -0.151848022523345882E+01    0.239713788357889923E+01    0.228019864687554907E+01
    0.555025514416881347E-30    0.694633708947258810E+03   -0.154200651539518141E+01    0.228577540867183471E+01    0.230833299239025003E+01
    0.553967844739521955E-30    0.694632523830330229E+03   -0.164936398061167533E+01    0.238707713028022495E+01    0.249433184982517808E+01
    0.651944606435711888E-30    0.694301817918757024E+03   -0.150417651170702960E+01    0.238054311292292597E+01    0.226305821731713941E+01
    0.712182523485001341E-30    0.694120068652946202E+03   -0.143989849488959987E+01    0.226500351399852162E+01    0.218403258529527200E+01
    0.732361727669558040E-30    0.694059188005711462E+03   -0.161222962447349794E+01    0.240665551161542535E+01    0.243714299524991063E+01
    0.917220678479598830E-30    0.693604040924575429E+03   -0.152789873611313753E+01    0.241025675761515545E+01    0.228282168259893048E+01
    0.999972228036224055E-30    0.693426282103217432E+03   -0.150333519171430874E+01    0.235542680164898233E+01    0.223977429504038916E+01
    0.105702555106921999E-29    0.693310308798932851E+03   -0.152721883221989518E+01    0.239222873971351202E+01    0.230085574134021087E+01
    0.107865379641421865E-29    0.693264799000866446E+03   -0.163136863797197718E+01    0.246813112562522585E+01    0.243587802706284506E+01
    0.114778550302222050E-29    0.693135557685753611E+03   -0.162944210100685982E+01    0.232608301824588182E+01    0.247535698873804222E+01
    0.118910736158360094E-29    0.693059820739860470E+03   -0.145576027910582084E+01    0.225258677760098580E+01    0.220254414526713127E+01
    0.123078509881255695E-29    0.692985922043558048E+03   -0.158075610950319656E+01    0.241953812261575196E+01    0.238256532310476565E+01
    0.123216884711978920E-29    0.692978674744610203E+03   -0.152047511438920924E+01    0.222905614869332958E+01    0.231747526383476732E+01
    0.137354846976196871E-29    0.692756431528191001E+03   -0.164757417590433830E+01    0.229326376451165093E+01    0.248856246757857491E+01
    0.141604126800257574E-29    0.692690496280685807E+03   -0.160325423920823296E+01    0.246105577103038753E+01    0.239532935426610294E+01
    0.161822300981302338E-29    0.692418569279162512E+03   -0.144074663590181506E+01    0.229327299687980712E+01    0.217242694922865454E+01
    0.185919669357103029E-29    0.692135937540000782E+03   -0.166573673962281288E+01    0.241563921463228892E+01    0.248836630523550717E+01
    0.216551722391540516E-29    0.691825908087672360E+03   -0.151265393505311208E+01    0.229310713709729530E+01    0.226301640184884967E+01
    0.223795539795482729E-29    0.691755101197979229E+03   -0.166215572292195723E+01    0.244936985533612983E+01    0.249308197478090854E+01
    0.274721517732097429E-29    0.691340051086925314E+03   -0.165925658006100085E+01    0.231716314083819652E+01    0.250674945711597097E+01
    0.316056516015494303E-29    0.691054724839003256E+03   -0.143885119283708907E+01    0.227635829773854592E+01    0.217709889191762862E+01
    0.377862048139116594E-29    0.690692508576503883E+03   -0.164074691703098829E+01    0.228528683283638356E+01    0.247939717113482239E+01
    0.422049389191976611E-29    0.690466322244119397E+03   -0.167306826378672158E+01    0.238269041194091713E+01    0.252109101315243400E+01
    0.431095576044540851E-29    0.690418907291127766E+03   -0.146938705036809880E+01    0.228552870004886532E+01    0.223852057748563027E+01
    0.477818875003185392E-29    0.690208103454305501E+03   -0.166193554097952045E+01    0.236529805952451788E+01    0.248743992488061849E+01
    0.650084737873604672E-29    0.689587361489790510E+03   -0.153474423498007906E+01    0.223881189158562455E+01    0.232025099070140328E+01
    0.680765905570083894E-29    0.689490129938384484E+03   -0.156928865868816736E+01    0.230861180316910186E+01    0.239261969258515350E+01
    0.719663979463804873E-29    0.689373998114725168E+03   -0.144173473316698852E+01    0.229812478036531509E+01    0.217607281494465887E+01
    0.922790517958697610E-29    0.688871762428589250E+03   -0.154636137490023673E+01    0.241008246930302095E+01    0.232572718792008537E+01
    0.935155463859487369E-29    0.688840141356545701E+03   -0.148694016462592371E+01    0.228237560697816777E+01    0.226862502510761743E+01
    0.945237706806306400E-29    0.688813694055582005E+03   -0.164842965965578347E+01    0.237813232883684744E+01    0.246044511058930659E+01
    0.145232427612317745E-28    0.687949725928267867E+03   -0.147655807652986404E+01    0.224043409891520184E+01    0.223775925342781079E+01
    0.147172259896571904E-28    0.687918189271014967E+03   -0.146652345067321055E+01    0.228391537684965051E+01    0.220285740160625565E+01
    0.153524970750069253E-28    0.687828670285120438E+03   -0.149604210745730448E+01    0.231069214913523790E+01    0.223564866777381610E+01
    0.161493559732681737E-28    0.687722466216404086E+03   -0.154447199597288676E+01    0.239189689194964439E+01    0.233138861140201925E+01
    0.191042970922882170E-28    0.687381399981713685E+03   -0.144587941178162049E+01    0.230679404264329335E+01    0.218309114241017177E+01
    0.191234559358770974E-28    0.687374395276370024E+03   -0.159547264206040440E+01    0.233378142953111567E+01    0.242704411603076586E+01
    0.204492287031173598E-28    0.687235336227421612E+03   -0.158435731044841388E+01    0.238382273788694077E+01    0.239973871070293043E+01
    0.211932562542328493E-28    0.687158860498803506E+03   -0.160935613360860774E+01    0.230755753702627642E+01    0.240895321193286449E+01
    0.222913621339975266E-28    0.687052828048166475E+03   -0.156037619057670107E+01    0.224216374836517751E+01    0.237852422342826486E+01
    0.286897876882483050E-28    0.686543144098987796E+03   -0.155330553871331567E+01    0.239500689967765945E+01    0.230893650736248901E+01
    0.320866283193823372E-28    0.686314347798338076E+03   -0.160534445433367079E+01    0.240806305645518126E+01    0.242531011826279830E+01
    0.551991441410398180E-28    0.685224331661575661E+03   -0.151136253446740998E+01    0.239195156594919878E+01    0.226046468372933695E+01
    0.551793541186697549E-28    0.685220048831056829E+03   -0.147861414104992228E+01    0.225041247334802907E+01    0.223347426098604807E+01
    0.716354538227804817E-28    0.684693046325447767E+03   -0.158971878842075043E+01    0.239447757554644935E+01    0.240481681038843753E+01
    0.765187285963176513E-28    0.684556155500274826E+03   -0.144349905893979691E+01    0.227872746245916913E+01    0.218046991172243132E+01
    0.827196161864088084E-28    0.684395313016845648E+03   -0.166857325742413742E+01    0.241885216941192782E+01    0.249651456965786522E+01
    0.869312161281064149E-28    0.684290992185052346E+03   -0.159879827185403300E+01    0.236982735443189529E+01    0.242496364121207364E+01
    0.882903594414555286E-28    0.684254964714416815E+03   -0.148437738246115125E+01    0.224822297386427294E+01    0.224262702583690121E+01
    0.972654875207887069E-28    0.684056338109455965E+03   -0.166224361150071598E+01    0.236204567933041698E+01    0.251112738037228667E+01
    0.118233117484175552E-27    0.683660910063539404E+03   -0.159668178223654866E+01    0.225920956560828090E+01    0.242887907519882162E+01
    0.129978915971759545E-27    0.683466482053579625E+03   -0.156456305669411733E+01    0.242574563784541386E+01    0.234909624391020699E+01
    0.138505114795459782E-27    0.683334412048765557E+03   -0.157594366477688830E+01    0.224912123595025593E+01    0.240026480570517009E+01
    0.141432893368671968E-27    0.683287575852961140E+03   -0.157388143921121215E+01    0.230217769516249060E+01    0.235358203548638656E+01
    0.149859128636743898E-27    0.683166835137710791E+03   -0.156945988108952528E+01    0.233532905398029467E+01    0.238789613105037368E+01
    0.196742671253507624E-27    0.682617433283369564E+03   -0.161499296518138502E+01    0.233681998442650540E+01    0.245373683379356322E+01
    0.201399228522351682E-27    0.682565648259112777E+03   -0.157882375786748974E+01    0.243004593872003127E+01    0.237254454776320678E+01
    0.208450232202439762E-27    0.682491825921970531E+03   -0.153223382150213072E+01    0.226563273070359372E+01    0.230253042552897291E+01
    0.225455828250271232E-27    0.682329978046190263E+03   -0.162198119012963193E+01    0.239660288028893298E+01    0.241423886126286114E+01
    0.263793876886071575E-27    0.682010890500886262E+03   -0.150089692663331276E+01    0.227222109472584988E+01    0.225422953553676564E+01
    0.274027425160600847E-27    0.681929770172106259E+03   -0.163824668835577447E+01    0.228713548339142569E+01    0.247533265033442618E+01
    0.275237289152652365E-27    0.681915959368009567E+03   -0.163137844076178329E+01    0.235202706316663468E+01    0.243593805498469607E+01
    0.330599597228327303E-27    0.681544410624356601E+03   -0.157976111892276405E+01    0.243924472118472302E+01    0.236770655293457466E+01
    0.370568330761451081E-27    0.681311150846044256E+03   -0.155077654018420841E+01    0.236397973573933529E+01    0.230684682451123102E+01
    0.429396239678131155E-27    0.681011466302013673E+03   -0.155370862890104844E+01    0.238758631865378845E+01    0.231007243803433227E+01
    0.457992490974555755E-27    0.680877520981063185E+03   -0.145047690706321353E+01    0.226061104752217812E+01    0.220300657032933245E+01
    0.499789741283792412E-27    0.680697851573423577E+03   -0.165723815988728695E+01    0.243371244283796084E+01    0.247512966956020009E+01
    0.500283207866020395E-27    0.680690877850915967E+03   -0.159403537840706555E+01    0.242619216322438858E+01    0.237047166132592935E+01
    0.520905393710539697E-27    0.680605089679925982E+03   -0.158550861271328980E+01    0.240436668063001724E+01    0.239450922906652330E+01
    0.561524274244652272E-27    0.680449916549894624E+03   -0.163546208274120519E+01    0.234780622242144599E+01    0.244404788552744989E+01
    0.571099884761808810E-27    0.680411098310742773E+03   -0.167030897342849904E+01    0.236097391817444580E+01    0.251197046625837039E+01
    0.590188902734501084E-27    0.680340341238956171E+03   -0.157366946175560152E+01    0.242004270592748094E+01    0.234051238071091561E+01
    0.743251143181314319E-27    0.679874158558595582E+03   -0.161600803237695634E+01    0.240286401623106682E+01    0.240444809225456169E+01
    0.110763524949814994E-26    0.679071261326706463E+03   -0.161724491577185381E+01    0.242725265350798569E+01    0.243652434167533372E+01
    0.118049886847103377E-26    0.678938841762501852E+03   -0.154372424797442953E+01    0.241654177435081996E+01    0.230431169525585666E+01
    0.120928663602500197E-26    0.678885654743059490E+03   -0.149874979245743933E+01    0.236869513452082625E+01    0.225679922644716413E+01
    0.128856282635145719E-26    0.678753660982121573E+03   -0.153935371684466071E+01    0.231116012422200345E+01    0.229880901669624116E+01
    0.143213023628389329E-26    0.678537389977497241E+03   -0.155712586587490565E+01    0.227505016622719181E+01    0.237660892762342257E+01
    0.152870143503837327E-26    0.678401878721043317E+03   -0.150254921585593526E+01    0.231979607324216053E+01    0.224401851728820390E+01
    0.153071027680084136E-26    0.678394252278785189E+03   -0.165000016526631543E+01    0.230946834865447581E+01    0.249408064659305317E+01
    0.173469811154596239E-26    0.678139049202253887E+03   -0.154768246223886363E+01    0.241196522395992119E+01    0.230545371595860082E+01
    0.174253592086351419E-26    0.678125033044562542E+03   -0.165685842992322829E+01    0.242204589954053873E+01    0.247440857517394619E+01
    0.189301475144659005E-26    0.677954374670902780E+03   -0.164460276912551140E+01    0.232329630228548556E+01    0.246757645083369681E+01
    0.206273347198874649E-26    0.677777651937833980E+03   -0.165586147253237614E+01    0.242026237737039107E+01    0.249278424415900979E+01
    0.213795950658572558E-26    0.677701012255421460E+03   -0.151086732103611343E+01    0.235886930198573497E+01    0.225177851709362642E+01
    0.235388699897927479E-26    0.677503579992846880E+03   -0.155936402808314467E+01    0.230815810440439195E+01    0.232997132240910609E+01
    0.270740074409393709E-26    0.677218737921341244E+03   -0.151849936615750902E+01    0.239549883947357856E+01    0.227167552013218632E+01
    0.287591363057471106E-26    0.677092975183926001E+03   -0.148184603146278526E+01    0.235283982225343413E+01    0.221810231085471266E+01
    0.306237942402225830E-26    0.676962331593858494E+03   -0.148632470778625292E+01    0.235726170235859289E+01    0.222342614563374674E+01
    0.333343895285195322E-26    0.676787707021195388E+03   -0.154296308508317193E+01    0.234570388339445568E+01    0.229788881332816786E+01
    0.346359181256864733E-26    0.676706103707077318E+03   -0.165583201566537563E+01    0.243950131129001191E+01    0.247468226199341501E+01
    0.379169332749952708E-26    0.676520090585409207E+03   -0.158881633867892247E+01    0.244664339882280757E+01    0.237320381350262188E+01
    0.467621240186887738E-26    0.676095739067720956E+03   -0.152745953313010041E+01    0.234511879280531943E+01    0.227562197477218575E+01
    0.568423857211262916E-26    0.675700321636697595E+03   -0.148129035215412697E+01    0.226434276791957867E+01    0.223141538046056809E+01
    0.583638697428703306E-26    0.675642492127356036E+03   -0.152554844272582013E+01    0.223359514609038223E+01    0.231986943010972624E+01
    0.593228472006327223E-26    0.675604897159679808E+03   -0.149484718911715753E+01    0.236940893978340661E+01    0.223650582738118509E+01
    0.742616286653663035E-26    0.675150697425659018E+03   -0.147845626394062690E+01    0.227333254444332544E+01    0.225392624686139342E+01
    0.763603098185035858E-26    0.675089960074163400E+03   -0.153572414442533267E+01    0.238707702124275478E+01    0.228611355993266940E+01
    0.782257007757720596E-26    0.675036689690586854E+03   -0.165395666321698021E+01    0.232733729893133123E+01    0.250035671861981790E+01
    0.849121225330971230E-26    0.674867652448253807E+03   -0.166909148876527791E+01    0.237265684190187764E+01    0.250660362013100446E+01
    0.146134997700066081E-25    0.673776824513999031E+03   -0.163089660061678332E+01    0.243328627482919169E+01    0.245400761070813367E+01
    0.146861717524265405E-25    0.673761903292679108E+03   -0.158547458368981031E+01    0.225774527385428758E+01    0.239270180535673838E+01
    0.152368868144262441E-25    0.673683277496309529E+03   -0.164787841656310663E+01    0.233811973312160326E+01    0.247001500623778014E+01
    0.180493415335888484E-25    0.673339497592594626E+03   -0.151718361384145961E+01    0.224348022588698903E+01    0.231469506226917332E+01
    0.190516812934049255E-25    0.673226405291454512E+03   -0.160825057706470731E+01    0.244289487828298579E+01    0.241424257213028781E+01
    0.207583158770943441E-25    0.673049822137448473E+03   -0.164833981610708391E+01    0.234290320826783516E+01    0.249483756844370674E+01
    0.210961692489011985E-25    0.673012533056925122E+03   -0.149376563375336735E+01    0.236459938279923909E+01    0.224745526728556477E+01
    0.222065506282719872E-25    0.672904941363157945E+03   -0.154181461952752219E+01    0.240157119995774826E+01    0.229657205748031679E+01
    0.317632911295224436E-25    0.672184093488564031E+03   -0.165297719313197256E+01    0.233353820058310202E+01    0.248206446184082097E+01
    0.402147600311879808E-25    0.671707247814171751E+03   -0.146026413877837613E+01    0.232297054585834806E+01    0.220149262463652917E+01
    0.604279960447186468E-25    0.670887810984100383E+03   -0.147137840397109376E+01    0.229993621980669305E+01    0.220765316245114107E+01
    0.607895464219074179E-25    0.670870880319875255E+03   -0.166722611937363574E+01    0.238326667559726646E+01    0.250097594700177162E+01
    0.618867971920209829E-25    0.670830102271745545E+03   -0.163455829601082026E+01    0.239303918332839860E+01    0.247004986445377739E+01
    0.648411726115351929E-25    0.670731834437759289E+03   -0.147240638778735189E+01    0.230889609982073774E+01    0.220734075779416017E+01
    0.654712433348071074E-25    0.670707493974191266E+03   -0.149267456210120320E+01    0.230474314176939465E+01    0.227122002750905061E+01
    0.669700678103165369E-25    0.670657224459616145E+03   -0.145382072424690567E+01    0.230767671582030109E+01    0.218972031428494240E+01
    0.766567095008695783E-25    0.670382041729064781E+03   -0.155031597777606223E+01    0.223995173065560849E+01    0.235879209525399602E+01
    0.787718820820793729E-25    0.670322603786921263E+03   -0.150836647756464437E+01    0.236987774622138048E+01    0.225075774896552971E+01
    0.100130801839179369E-24    0.669837761301216233E+03   -0.151735521256161121E+01    0.224366009743877637E+01    0.231419258251503379E+01
    0.104906317088817222E-24    0.669739580533169942E+03   -0.157462765439646724E+01    0.239504765675945830E+01    0.234189375263157196E+01
    0.108433517377952456E-24    0.669668441516321536E+03   -0.147431008130208263E+01    0.226179419580096885E+01    0.224653888039087590E+01
    0.114341758298472817E-24    0.669557332313504844E+03   -0.149745907902422526E+01    0.223832715543847094E+01    0.227425570476659189E+01
    0.116407065130476560E-24    0.669516529539649241E+03   -0.162278923449149848E+01    0.233201457774171184E+01    0.242717450200737161E+01
    0.126299678983560378E-24    0.669348401025243675E+03   -0.146297142305606753E+01    0.229081397463340286E+01    0.219997732397987988E+01
    0.148329149410232910E-24    0.669021848426800034E+03   -0.156450155130928925E+01    0.234498196159574057E+01    0.237690898383011451E+01
    0.159091649042479690E-24    0.668876755110089334E+03   -0.149638644444715907E+01    0.227641961621834810E+01    0.228241784017417615E+01
    0.169080507286151670E-24    0.668749966048620308E+03   -0.159472224731499002E+01    0.225764360983488377E+01    0.241193273858985080E+01
    0.185866567746305070E-24    0.668555657923421109E+03   -0.151049987985666467E+01    0.236940430106068423E+01    0.225352060601010606E+01
    0.191864598985346991E-24    0.668487136181295000E+03   -0.160102615523589575E+01    0.233501477625362508E+01    0.239033680664999970E+01
    0.196544818335317637E-24    0.668433935023687013E+03   -0.160257408700966275E+01    0.243896472413142895E+01    0.238763416492071556E+01
    0.213756885871242240E-24    0.668261037356753832E+03   -0.161520035178120813E+01    0.242511752883430143E+01    0.243242110331548922E+01
    0.228035474484657980E-24    0.668126713587161248E+03   -0.166462833604503468E+01    0.236150984622588345E+01    0.250125359044161755E+01
    0.227841122396259260E-24    0.668123418891636220E+03   -0.163926133521631479E+01    0.240519144111459227E+01    0.244482929995481157E+01
    0.260374820064747899E-24    0.667851471583516513E+03   -0.163607043357614845E+01    0.244236360938809227E+01    0.245612942268731160E+01
    0.279713624721352724E-24    0.667703183378690483E+03   -0.148911629435224002E+01    0.226530436895180909E+01    0.227122678999542416E+01
    0.304104247723223322E-24    0.667530974875024981E+03   -0.148716457252330803E+01    0.230968378225591442E+01    0.222645028246181376E+01
    0.328326364485634898E-24    0.667372699745830687E+03   -0.157253123167378206E+01    0.226741083603012683E+01    0.236644863314580078E+01
    0.436051236263109578E-24    0.666800196498935065E+03   -0.157389400487128084E+01    0.243339449102310335E+01    0.235052308015200673E+01
    0.443273281989941619E-24    0.666762343062124614E+03   -0.163766588926394752E+01    0.238330468313220756E+01    0.244403869314028555E+01
    0.498774618593176363E-24    0.666521407345407056E+03   -0.159787016063639653E+01    0.243758599323005276E+01    0.239805866770466736E+01
    0.529310060890949917E-24    0.666397567227351942E+03   -0.161748460389472548E+01    0.239086016815663349E+01    0.244574412653091144E+01
    0.531909435235293913E-24    0.666382769519894396E+03   -0.157080364508519787E+01    0.224667730309234548E+01    0.237966102744381836E+01
    0.534003729388412041E-24    0.666369910354935882E+03   -0.150715460773916665E+01    0.231406042181414939E+01    0.225292874651750807E+01
    0.914783551490146728E-24    0.665288341037467717E+03   -0.159691285164357177E+01    0.230361688120240871E+01    0.242990996480499000E+01
    0.981226567802399434E-24    0.665143109222824592E+03   -0.160326143283483491E+01    0.226465876343760275E+01    0.243235130694876567E+01
    0.101492693201451978E-23    0.665070572199111211E+03   -0.163558755791110855E+01    0.242183678820092751E+01    0.246303482061888523E+01
    0.101497325279239262E-23    0.665065480922154507E+03   -0.162240831349252046E+01    0.238317878565075514E+01    0.245439470248297376E+01
    0.116138537602568909E-23    0.664790978278192142E+03   -0.159061617131051225E+01    0.228261159859694285E+01    0.242155423379556112E+01
    0.137164020250067254E-23    0.664453190938916805E+03   -0.157497915073107508E+01    0.235712347017891677E+01    0.238976228835916160E+01
    0.137966230518127640E-23    0.664436527916923637E+03   -0.166488896062493308E+01    0.239730126733269255E+01    0.249690670312652330E+01
    0.148450142532143945E-23    0.664285047491876298E+03   -0.154646652593505252E+01    0.225932691491703963E+01    0.232979525478631366E+01
    0.164486880602375286E-23    0.664074884186870463E+03   -0.165010904762444865E+01    0.234769954445193374E+01    0.249480629813409571E+01
    0.165955652430330078E-23    0.664052104617305531E+03   -0.147555679675712481E+01    0.230022881642148480E+01    0.224173930930266962E+01
    0.168537781386770493E-23    0.664016225921489536E+03   -0.158605378672424813E+01    0.241107086666657278E+01    0.239069574971309962E+01
    0.193404446248602532E-23    0.663735978669236374E+03   -0.154747983540458889E+01    0.240760725485965388E+01    0.230735159691683833E+01
    0.207329680891232540E-23    0.663591925439294982E+03   -0.145581454821844369E+01    0.228167827810347879E+01    0.220817944125438004E+01
    0.225222148195465258E-23    0.663421371333701245E+03   -0.150312063467146362E+01    0.233934914176500719E+01    0.227734700809932455E+01
    0.227770149558402979E-23    0.663393871805582648E+03   -0.155960932081392789E+01    0.242259090754622264E+01    0.233002471414671675E+01
    0.266121766125140811E-23    0.663077637871714501E+03   -0.147951989407782603E+01    0.226543802581998932E+01    0.223093828832715957E+01
    0.281806311011671566E-23    0.662958105825424241E+03   -0.147124765903175758E+01    0.225370569880638127E+01    0.222907977176452832E+01
    0.339961946562369668E-23    0.662577878435624143E+03   -0.160187279014900152E+01    0.236003975640973396E+01    0.238787655217280914E+01
    0.394675404481620095E-23    0.662274418482037163E+03   -0.165963613265803644E+01    0.235022799709184627E+01    0.249503500468829564E+01
    0.402252211724573736E-23    0.662231387246085546E+03   -0.164347227710623911E+01    0.231676255543802467E+01    0.247186713224113674E+01
    0.429801842033154613E-23    0.662093897274585061E+03   -0.150002677669489781E+01    0.236056467612339826E+01    0.224155518339110138E+01
    0.453098029515957115E-23    0.661983328809027853E+03   -0.155273572081220657E+01    0.240638936279105486E+01    0.231362388337380942E+01
    0.524840407419426288E-23    0.661684357353544783E+03   -0.157028454041161769E+01    0.230807734186347124E+01    0.234862383876430414E+01
    0.550316718700543732E-23    0.661584557885226218E+03   -0.149921374360890769E+01    0.225452179772033823E+01    0.226346829095674984E+01
    0.652967078123978300E-23    0.661237492391253681E+03   -0.159374182324027336E+01    0.229344418407717443E+01    0.242540465438548480E+01
    0.756596177896541893E-23    0.660937886493560200E+03   -0.159146942319183404E+01    0.227874422370135576E+01    0.242184289685090803E+01
    0.784828831685512883E-23    0.660859614524170183E+03   -0.158954548585918332E+01    0.235381539725686295E+01    0.236933739387410824E+01
    0.793791311903070372E-23    0.660831904623877108E+03   -0.146269933812067765E+01    0.231661786371632550E+01    0.220006169879017222E+01
    0.959797864289125930E-23    0.660447100406047753E+03   -0.149498816870510676E+01    0.235504189765831207E+01    0.223552722579569974E+01
    0.115406692573442221E-22    0.660073450934652328E+03   -0.154234744686513725E+01    0.235919018572097539E+01    0.229743583861621303E+01
    0.120058323427724116E-22    0.659989420322032629E+03   -0.159435943406862535E+01    0.236749654276755139E+01    0.241628444387224306E+01
    0.138495455179167434E-22    0.659698700607581941E+03   -0.148760135839037089E+01    0.235453086986850879E+01    0.223013644930865240E+01
    0.143216978900421439E-22    0.659626653998101688E+03   -0.160549644214136267E+01    0.232144114888460651E+01    0.243968934511880065E+01
    0.143074379859973351E-22    0.659623646360747216E+03   -0.164653423932383891E+01    0.243761205857942542E+01    0.246375968456202621E+01
    0.145591027707691743E-22    0.659583772606624052E+03   -0.152344887768171833E+01    0.237216682311311455E+01    0.229892571233375875E+01
    0.205737321647044993E-22    0.658887175193630014E+03   -0.157501081173027213E+01    0.233359041318802118E+01    0.239418049483620266E+01
    0.247304019620275728E-22    0.658514138771738544E+03   -0.157261464851154553E+01    0.235471515492730532E+01    0.238607066168886561E+01
    0.275550463758294073E-22    0.658292834061867097E+03   -0.160798713273037075E+01    0.226945204153762248E+01    0.243472469142988324E+01
    0.292950317223269233E-22    0.658165369570881694E+03   -0.159951103382555559E+01    0.227597778989531285E+01    0.243104291666959327E+01
    0.305741147429673031E-22    0.658074897987528630E+03   -0.159559792339280548E+01    0.243896905019028676E+01    0.238952063569795214E+01
    0.340492182079337114E-22    0.657854591298165133E+03   -0.165064616592040769E+01    0.237463543628764917E+01    0.249174332047084590E+01
    0.355927034115959932E-22    0.657760924129585533E+03   -0.152714774115090757E+01    0.224163048217429006E+01    0.232338465436747477E+01
    0.520571157251776421E-22    0.656995522452321097E+03   -0.149913852210661958E+01    0.236289278683669091E+01    0.224293021117281555E+01
    0.531948812097387257E-22    0.656947281094877440E+03   -0.157759539236755142E+01    0.226035955546641443E+01    0.239996964949097169E+01
    0.536267279037207576E-22    0.656926110245170435E+03   -0.160636942918346604E+01    0.230899387684587376E+01    0.244134139738883249E+01
    0.548889023719300888E-22    0.656874583071601933E+03   -0.149895185192555913E+01    0.231026243260439301E+01    0.224361060181357708E+01
    0.579305426863866082E-22    0.656761715936524865E+03   -0.158623090112601450E+01    0.225625770741330811E+01    0.240482931315165693E+01
    0.593722318303355163E-22    0.656707552163663877E+03   -0.158771474215531461E+01    0.241303923754010885E+01    0.236385927258493389E+01
    0.595608437817255686E-22    0.656696208693320159E+03   -0.152014700276941217E+01    0.238805840192275953E+01    0.227553313100132648E+01
    0.598324794951250935E-22    0.656682108144826202E+03   -0.162819323867110644E+01    0.229047453721533678E+01    0.246269107143900712E+01
    0.669915709692782657E-22    0.656451071832494108E+03   -0.164435070137452821E+01    0.243622276813230476E+01    0.246492915614905606E+01
    0.701049272405932196E-22    0.656355219281971586E+03   -0.154892237555682488E+01    0.236135232497108927E+01    0.230722245772320278E+01
    0.765593703623895077E-22    0.656174072396581778E+03   -0.149804479820742409E+01    0.232956261330966186E+01    0.227098339648894587E+01
    0.809634396744059499E-22    0.656057210061122987E+03   -0.155372278963749455E+01    0.241539000167817308E+01    0.232316780573360582E+01
    0.928665284574762654E-22    0.655777878873745180E+03   -0.158228981056277851E+01    0.235027765956946144E+01    0.240149367832074390E+01
    0.107627253746519214E-21    0.655477857636064414E+03   -0.148208969899521836E+01    0.234507800411001455E+01    0.223041544767335687E+01
    0.107425479203826743E-21    0.655476610661643463E+03   -0.164818340327493607E+01    0.241747102906254607E+01    0.246372884872567965E+01
    0.109227936117251872E-21    0.655438331730904792E+03   -0.155095094662848298E+01    0.235123764313044292E+01    0.231130487268347551E+01
    0.125977392048970972E-21    0.655148000517251035E+03   -0.154468423299448254E+01    0.228223744487227975E+01    0.231815439321448125E+01
    0.130404599055999572E-21    0.655073921607180182E+03   -0.149291154059627806E+01    0.224895245580882452E+01    0.226120976944720731E+01
    0.131315346636473800E-21    0.655055002129177979E+03   -0.156525287194340201E+01    0.229483270863904210E+01    0.238459163260265683E+01
    0.135980814608943367E-21    0.654980177829124159E+03   -0.158641159059468650E+01    0.226123960723752848E+01    0.239689243731594104E+01
    0.161979780796020672E-21    0.654625262407506398E+03   -0.164521799851849604E+01    0.238205960937732097E+01    0.248354382363351789E+01
    0.175520145690637577E-21    0.654459697789434017E+03   -0.165348820361661719E+01    0.242307479912087365E+01    0.247907601234886243E+01
    0.187462699734139680E-21    0.654323045660852017E+03   -0.160788969653890312E+01    0.239676815825023182E+01    0.242842276323543160E+01
    0.195959653271672085E-21    0.654229387867818900E+03   -0.156431256756928572E+01    0.239085444042439921E+01    0.232892770557946172E+01
    0.199469306379555206E-21    0.654188884699071423E+03   -0.151327171513730940E+01    0.231987751545190113E+01    0.226188027317657259E+01
    0.200872927312331486E-21    0.654169860431172879E+03   -0.161638679214765935E+01    0.234828840807241290E+01    0.241475923180827934E+01
    0.211612608318030637E-21    0.654060690874924262E+03   -0.160504756801181481E+01    0.244060671149949293E+01    0.239764821647148629E+01
    0.221682416077085747E-21    0.653962713843718802E+03   -0.148633606997434753E+01    0.234875840802394453E+01    0.223711732879718461E+01
    0.222542626798440396E-21    0.653949968113842942E+03   -0.148827994964148047E+01    0.226587459197288554E+01    0.226733816808462763E+01
    0.241970275756639150E-21    0.653777575660268326E+03   -0.152529850724521276E+01    0.225693965081289383E+01    0.230089651113479476E+01
    0.282729267870784743E-21    0.653461225864334779E+03   -0.154340893572624549E+01    0.227974465561023543E+01    0.235326934786175990E+01
    0.306275232795682576E-21    0.653296237140056064E+03   -0.148351960726140186E+01    0.227532422478055540E+01    0.225865536429520120E+01
    0.343877481228705224E-21    0.653059634573160679E+03   -0.158513065534929720E+01    0.242966133380868898E+01    0.237655543313107565E+01
    0.349481502598988894E-21    0.653022304172693225E+03   -0.155972577514447597E+01    0.227176114111045591E+01    0.234608405314131829E+01
    0.457806824395714771E-21    0.652477310813901568E+03   -0.147950585276080826E+01    0.228493354139822458E+01    0.225024625025376501E+01
    0.460814277296652038E-21    0.652459215257353435E+03   -0.164963446715161344E+01    0.242568488643194291E+01    0.247454772967600611E+01
    0.463471756341566923E-21    0.652442714547525384E+03   -0.152679655173033746E+01    0.231382013491017124E+01    0.228261361149932007E+01
    0.482910426156697494E-21    0.652355543075865512E+03   -0.163091967417416051E+01    0.230417306670216426E+01    0.246951904663750810E+01
    0.560540183099222653E-21    0.652052403579657039E+03   -0.145859413841699825E+01    0.229490365911250782E+01    0.220290823517406587E+01
    0.674899994521769500E-21    0.651676076395325595E+03   -0.154186619732078767E+01    0.235307904611616614E+01    0.229830090342576732E+01
    0.709862734584098266E-21    0.651570062203044699E+03   -0.146954317956616842E+01    0.226580613280385634E+01    0.222233413598089413E+01
    0.791701151676112813E-21    0.651346837468862418E+03   -0.164038089889011363E+01    0.231110312270228890E+01    0.247529126154465828E+01
    0.809915730381827884E-21    0.651296345031212809E+03   -0.146229857759561943E+01    0.230045133660289869E+01    0.220296796632425540E+01
    0.104386488306415683E-20    0.650783834767161238E+03   -0.146027842798414476E+01    0.228356898171347344E+01    0.221200069354019746E+01
    0.109277492531894152E-20    0.650687254356188305E+03   -0.146952420768230185E+01    0.226245138019732117E+01    0.223054988652323516E+01
    0.114500065076365892E-20    0.650588884473908706E+03   -0.152846475616976551E+01    0.225958441336835714E+01    0.233018840424258578E+01
    0.129102439681957662E-20    0.650343822866026130E+03   -0.163828137771122129E+01    0.230966580381868125E+01    0.246960380598924445E+01
    0.129020124264067641E-20    0.650340098468118754E+03   -0.155949782813039173E+01    0.227064489003649994E+01    0.234668239175340254E+01
    0.129542877435943101E-20    0.650327011404142922E+03   -0.165394611637431899E+01    0.234995782520974350E+01    0.248602246744126276E+01
    0.133215795128103424E-20    0.650266094590364446E+03   -0.162512703234353006E+01    0.241231225055645959E+01    0.242372908232058215E+01
    0.143824624502128598E-20    0.650107845912704079E+03   -0.151026539367409107E+01    0.224757954559946338E+01    0.229891033962469571E+01
    0.145644926675302389E-20    0.650077691955607179E+03   -0.159244505736944442E+01    0.237992592516135515E+01    0.240914100277728416E+01
    0.163375064003490176E-20    0.649842938129197023E+03   -0.160824587329261237E+01    0.227420272579179183E+01    0.243526883743550826E+01
    0.186494626401398285E-20    0.649573230404986703E+03   -0.156607611395221591E+01    0.240554758132503910E+01    0.233349380281861229E+01
    0.192235670617712931E-20    0.649507591115683226E+03   -0.156320724291558477E+01    0.237852389924964935E+01    0.232801105249752460E+01
    0.207111765830236736E-20    0.649353518098398467E+03   -0.164184886070150604E+01    0.233780802534578358E+01    0.246361980424426719E+01
    0.213409616111052344E-20    0.649288608458019553E+03   -0.146938783715860133E+01    0.227073514044480529E+01    0.223205436759837106E+01
    0.230900789726930823E-20    0.649126058983468965E+03   -0.146101453090157096E+01    0.228037771949156198E+01    0.220898298493225553E+01
    0.235532092996228252E-20    0.649081340896273559E+03   -0.149265966542592676E+01    0.226879127605263253E+01    0.227371457808058075E+01
    0.246243226733975222E-20    0.648987395708551958E+03   -0.159705428852862852E+01    0.230655646707859008E+01    0.239369742800145602E+01
    0.283361545569747404E-20    0.648701587999685330E+03   -0.157761612504517235E+01    0.242570883985724706E+01    0.236341154070055026E+01
    0.336008451608605928E-20    0.648355762630114214E+03   -0.150255214559836503E+01    0.235814798590823971E+01    0.224720008676264271E+01
    0.365528433172592359E-20    0.648182347119197971E+03   -0.150989960015866775E+01    0.230929677630785291E+01    0.229601498736836973E+01
    0.385467640187489153E-20    0.648071120762531791E+03   -0.157261660962052408E+01    0.232762513452306674E+01    0.234902190769669339E+01
    0.394434155059271130E-20    0.648020130818546477E+03   -0.155299176461821276E+01    0.232535354087029145E+01    0.231941531983446936E+01
    0.405263714222365952E-20    0.647960959253740270E+03   -0.146151323169739333E+01    0.228340068055013434E+01    0.220834398727305192E+01
    0.437694224657559184E-20    0.647801994157884110E+03   -0.153089276363576166E+01    0.239365123441111516E+01    0.229238100463899919E+01
    0.437191406245837476E-20    0.647799293057074237E+03   -0.163956306805830931E+01    0.231428946246859990E+01    0.247652199627985858E+01
    0.463342784605948654E-20    0.647678100985244669E+03   -0.165691610200909101E+01    0.236568438635045286E+01    0.249106222385484344E+01
    0.484472446229030248E-20    0.647583914138231421E+03   -0.146710300668510696E+01    0.230605306200326376E+01    0.220764514690910474E+01
    0.484668286347349063E-20    0.647578105834073313E+03   -0.148493131932520228E+01    0.227242522989169204E+01    0.223785351283190082E+01
    0.489267819264533638E-20    0.647554215202189539E+03   -0.148563828543841425E+01    0.227305228732038511E+01    0.223848847335918677E+01
    0.498952993740075175E-20    0.647510011475816782E+03   -0.155170862130402831E+01    0.234941664385067517E+01    0.235342209178499395E+01
    0.539754104596518474E-20    0.647347807908619416E+03   -0.157255635918860537E+01    0.227298191444866449E+01    0.239391392256486490E+01
    0.556647165739243856E-20    0.647281172087556229E+03   -0.165186108190671410E+01    0.241427866067761165E+01    0.247549111487214546E+01
    0.618667168697318039E-20    0.647064900384302746E+03   -0.165063886528127712E+01    0.239669150211875426E+01    0.247096679546085873E+01
    0.640983216474013549E-20    0.646989028710142065E+03   -0.163745861691278316E+01    0.231667657746406874E+01    0.246387785863603881E+01
    0.667314300591644260E-20    0.646903512956185182E+03   -0.159956036784034605E+01    0.226885992579624229E+01    0.242080993609279815E+01
    0.715448076052618534E-20    0.646759217204189781E+03   -0.164282900763523898E+01    0.240899604370375897E+01    0.247257495151334261E+01
    0.721353651461815675E-20    0.646737776219877105E+03   -0.161182906861020325E+01    0.238516069462769664E+01    0.243630062232326239E+01
    0.753148998403013470E-20    0.646646509094060434E+03   -0.165696894010937523E+01    0.237932390112986614E+01    0.249240301933401120E+01
    0.831142599942738026E-20    0.646444432495509545E+03   -0.163568959431912209E+01    0.242777236873026592E+01    0.245592634002753663E+01
    0.935283809502313929E-20    0.646203335210992918E+03   -0.162121820448875020E+01    0.230993771794221647E+01    0.245841296471994752E+01
    0.972915821594808593E-20    0.646119440128297242E+03   -0.151585259403672490E+01    0.235651844453160741E+01    0.229029582500802320E+01
    0.114616379050434448E-19    0.645786683635175336E+03   -0.152308560354913114E+01    0.224706675858889771E+01    0.230801921077378580E+01
    0.120463694156379888E-19    0.645682168242164494E+03   -0.159667111333044365E+01    0.237503691450590582E+01    0.237981669414197938E+01
    0.145206403032061320E-19    0.645303552671743205E+03   -0.153832293025793554E+01    0.226161892241034845E+01    0.234406174320920613E+01
    0.146085354391629531E-19    0.645286482930602119E+03   -0.149749259106735622E+01    0.227513164883565766E+01    0.228076812168195708E+01
    0.150458128120563175E-19    0.645222495416591983E+03   -0.146282076844259379E+01    0.229434939144942707E+01    0.221238551723229904E+01
    0.151615494017372507E-19    0.645202169728080548E+03   -0.164844263826182691E+01    0.233486182132861941E+01    0.248413219022667597E+01
    0.154716664525546435E-19    0.645156674123936227E+03   -0.160249157088889227E+01    0.230868061148624992E+01    0.243454380893797229E+01
    0.167566774666131989E-19    0.644992101217520712E+03   -0.153681997319702335E+01    0.225134372478988576E+01    0.233915197438418154E+01
    0.176807186308961777E-19    0.644879745478771156E+03   -0.151974962572161498E+01    0.225114953702055143E+01    0.231376802538784432E+01
    0.190450726322760725E-19    0.644726078057341510E+03   -0.163054957835665215E+01    0.230877156735139355E+01    0.245397476397902992E+01
    0.193990294197356819E-19    0.644684248814811440E+03   -0.164868360918991685E+01    0.241758156931594348E+01    0.247332258245616821E+01
    0.197820366283171018E-19    0.644640146314797448E+03   -0.154995432402954836E+01    0.225233389257384697E+01    0.235761692605343498E+01
    0.207228012224911110E-19    0.644542225679847775E+03   -0.163258805351860325E+01    0.242414423456688377E+01    0.243891159234235388E+01
    0.208403722120791182E-19    0.644525910730245641E+03   -0.165435513070181450E+01    0.236947185757249779E+01    0.249139720557362665E+01
    0.207931188520023722E-19    0.644525450669526208E+03   -0.152195478254231542E+01    0.228788461919441666E+01    0.228374769929680355E+01
    0.222405665786948779E-19    0.644385858995188642E+03   -0.150756093927407120E+01    0.233104684974620113E+01    0.225373555217243116E+01
    0.224163114459871975E-19    0.644365117117800651E+03   -0.153838080343779549E+01    0.226182562851393554E+01    0.234399539090113684E+01
    0.227813716420933911E-19    0.644327808547095287E+03   -0.149142921345645108E+01    0.234686555132467767E+01    0.223497607276558341E+01
    0.232930446767030539E-19    0.644278385276068548E+03   -0.157231887825044048E+01    0.225989253636511123E+01    0.237592250697172602E+01
    0.233947382392165391E-19    0.644264672613612788E+03   -0.147268725141803802E+01    0.229011291926257021E+01    0.223499258922860022E+01
    0.241560111930392072E-19    0.644195628365005291E+03   -0.156744644276591205E+01    0.236005544779121124E+01    0.237506907208308604E+01
    0.248662969411843036E-19    0.644132668184397744E+03   -0.151278783986881082E+01    0.232768740679481478E+01    0.226127981219517338E+01
    0.248511245246252897E-19    0.644128888876588348E+03   -0.163349662040259935E+01    0.230664724716921787E+01    0.246815750969459913E+01
    0.249136529656583244E-19    0.644118862954472888E+03   -0.159397178701638409E+01    0.241734029271385031E+01    0.237606122328813996E+01
    0.257777706769163876E-19    0.644045669846894612E+03   -0.148003555166822376E+01    0.226617045933519501E+01    0.225043105743853822E+01
    0.263166235129039398E-19    0.643999293260138074E+03   -0.165490999717681397E+01    0.239634512439953928E+01    0.248345710387661711E+01
    0.302508784560283997E-19    0.643715644436778121E+03   -0.160218474477129957E+01    0.230663291733709119E+01    0.240305512064438531E+01
    0.314205567242309987E-19    0.643634770181714430E+03   -0.165546239589483890E+01    0.237728472689031278E+01    0.249024256863393312E+01
    0.345343322904728789E-19    0.643440786948487471E+03   -0.162564096465973296E+01    0.240324072134924815E+01    0.242584704421562236E+01
    0.389673017934844220E-19    0.643194249126803697E+03   -0.153744401678576548E+01    0.234934627436257948E+01    0.232975938741811461E+01
    0.444298277917892475E-19    0.642926872802634193E+03   -0.160174761844789248E+01    0.239788063627350745E+01    0.241712615263680775E+01
    0.455541603468896489E-19    0.642871890973903078E+03   -0.148205033351886861E+01    0.225987922127796548E+01    0.225213415279986862E+01
    0.469957319593393909E-19    0.642804581308204092E+03   -0.157555341249546954E+01    0.226209235215669224E+01    0.239415432898506708E+01
    0.496781634069430241E-19    0.642688563947660668E+03   -0.149803935387221099E+01    0.235804747414717708E+01    0.225124570159442783E+01
    0.598225214965428721E-19    0.642311930477205806E+03   -0.146558030430965802E+01    0.229734006357149179E+01    0.221699378091720334E+01
    0.597268231713223257E-19    0.642310132446933949E+03   -0.152577854473653285E+01    0.236492827422177188E+01    0.230370480646007181E+01
    0.645696762939100362E-19    0.642149205097890899E+03   -0.161490191725108678E+01    0.232730381312892698E+01    0.241875087957663659E+01
    0.654005448827622760E-19    0.642118633704687568E+03   -0.161520612313895162E+01    0.236006068482660192E+01    0.244575413592884416E+01
    0.796824798495309247E-19    0.641718595413822527E+03   -0.153644563045493698E+01    0.233380968188398041E+01    0.233241752432326521E+01
    0.795081723099016896E-19    0.641717975259169634E+03   -0.158412203356788384E+01    0.226775499429501215E+01    0.239129700598141071E+01
    0.961825992406500039E-19    0.641332197964153011E+03   -0.161786331759251478E+01    0.234329443580306407E+01    0.242009466788007543E+01
    0.100156234770643973E-18    0.641246232255627774E+03   -0.154521082665829423E+01    0.234889604447215072E+01    0.230489116511390435E+01
    0.106241553721624653E-18    0.641123264264105956E+03   -0.148341596303900713E+01    0.231092828345383516E+01    0.224856136506487125E+01
    0.112231464914040868E-18    0.641008568105170184E+03   -0.157744000384204019E+01    0.233279172940443669E+01    0.235631552632941066E+01
    0.116413225127123258E-18    0.640930402591077950E+03   -0.164226656071181742E+01    0.237862615951749490E+01    0.247771436523745692E+01
    0.122266160893871325E-18    0.640827294254488152E+03   -0.148071793976959132E+01    0.231549918507809416E+01    0.224165895064645682E+01
    0.132889576857731756E-18    0.640655657816257758E+03   -0.148253959290188320E+01    0.228555702024013341E+01    0.223111622527206244E+01
    0.145445301394975072E-18    0.640470094723625039E+03   -0.165129336982361896E+01    0.237518717752936226E+01    0.248718776301747369E+01
    0.150460984302615987E-18    0.640397287264493684E+03   -0.146688194711671738E+01    0.228143632327706847E+01    0.222238233185191980E+01
    0.163070911611035852E-18    0.640231324591100702E+03   -0.159199570391909195E+01    0.234914445709820185E+01    0.241434527128914667E+01
    0.163162269558543784E-18    0.640225204435884507E+03   -0.162810373997056201E+01    0.230092452062775088E+01    0.245744546676513842E+01
    0.167692033996708898E-18    0.640165436552244728E+03   -0.162603671643813419E+01    0.242408863643937256E+01    0.242885710550970124E+01
    0.183422658759052961E-18    0.639981108683634943E+03   -0.152033862800595143E+01    0.237512688720534149E+01    0.227289349712670585E+01
    0.185064322096640220E-18    0.639958287981309695E+03   -0.150953753671146607E+01    0.226689034340548368E+01    0.227529434188501689E+01
    0.187862204398441649E-18    0.639923277407106980E+03   -0.150448236852215977E+01    0.236291094461466011E+01    0.225418608963214240E+01
    0.196634143830734413E-18    0.639827005156217297E+03   -0.156084478066033405E+01    0.239774322346948576E+01    0.234974401494138974E+01
    0.260855193574676617E-18    0.639256764005693071E+03   -0.160376354386768250E+01    0.236975287927135403E+01    0.242716105755640221E+01
    0.262307465936434276E-18    0.639240660184992407E+03   -0.162347661369322660E+01    0.238742600882724698E+01    0.242359873989735952E+01
    0.270651495739517982E-18    0.639173030885227377E+03   -0.156261971256103305E+01    0.238859751570152579E+01    0.235699568043609808E+01
    0.274655149073871209E-18    0.639138662269868519E+03   -0.161225585351882561E+01    0.233346889177657735E+01    0.241309453596356249E+01
    0.286154889465871947E-18    0.639051628413062076E+03   -0.163531485818051880E+01    0.231552692178060093E+01    0.246320148837908448E+01
    0.316198179370491316E-18    0.638846956550791447E+03   -0.156156920139096989E+01    0.233074251913423769E+01    0.233242765328206048E+01
    0.323593177958743924E-18    0.638795720678121029E+03   -0.163128017775408818E+01    0.240161324857970682E+01    0.243655056568133688E+01
    0.349841042040693900E-18    0.638634737113183860E+03   -0.164423577344921501E+01    0.234090022114903018E+01    0.248187907613066194E+01
    0.363448663685933000E-18    0.638553418766274149E+03   -0.163523693101187062E+01    0.233346379398528692E+01    0.245462185419741630E+01
    0.412933622281312742E-18    0.638293121166274773E+03   -0.162338501777538302E+01    0.229604285958218357E+01    0.245312399895212074E+01
    0.413639354751099199E-18    0.638284705943852032E+03   -0.147870660502040407E+01    0.228860455674340058E+01    0.224516426995420026E+01
    0.445172383562778376E-18    0.638132771712731369E+03   -0.157194082096134746E+01    0.228792214787237080E+01    0.236087726165989942E+01
    0.449244093158878060E-18    0.638109562129925962E+03   -0.149351998335835034E+01    0.233128412119868234E+01    0.225891377429202400E+01
    0.471207307767250316E-18    0.638009098602503855E+03   -0.148714907437980992E+01    0.230331020610904069E+01    0.223256971470908105E+01
    0.522756220680027138E-18    0.637796464408321981E+03   -0.148986313818132365E+01    0.225897049869421762E+01    0.226439813897000874E+01
    0.605799490662707732E-18    0.637496596768976360E+03   -0.155477685988951331E+01    0.235281911052057602E+01    0.235618410768494613E+01
    0.605942709502133323E-18    0.637491123998976036E+03   -0.147157741835108724E+01    0.228127929581925093E+01    0.223188681323516391E+01
    0.666450382873222928E-18    0.637295763499532995E+03   -0.146846404375968076E+01    0.230007017552785387E+01    0.221400636880217228E+01
    0.732956161388619856E-18    0.637100523098648864E+03   -0.161645135468766110E+01    0.238819502121726712E+01    0.241209431303663457E+01
    0.744898416342405465E-18    0.637063199174266401E+03   -0.151420814396555681E+01    0.227481279890179566E+01    0.227870762522872461E+01
    0.813978642553877306E-18    0.636880826628606883E+03   -0.147494739202212433E+01    0.227092661910094895E+01    0.223075750430985309E+01
    0.865857834531739866E-18    0.636752253421170053E+03   -0.156602799880798127E+01    0.235560489026434094E+01    0.233556954076933287E+01
    0.879876693759787652E-18    0.636715131330772010E+03   -0.148858427403147897E+01    0.231490069204279036E+01    0.223260262292680878E+01
    0.921130579234699049E-18    0.636618491272530378E+03   -0.155791775181560710E+01    0.235760456796908846E+01    0.235972766778317755E+01
    0.985553462529533934E-18    0.636478288136098968E+03   -0.163039559646008181E+01    0.230732361349591475E+01    0.246240110933311840E+01
    0.108858623362801091E-17    0.636274424684668702E+03   -0.152923451127267329E+01    0.237055234185706354E+01    0.230610984375988437E+01
    0.109614860330322940E-17    0.636255578794081089E+03   -0.162176136619234956E+01    0.241671181179769379E+01    0.242150648480314956E+01
    0.111847880111987766E-17    0.636210245229034626E+03   -0.153819826652172198E+01    0.234114487501749657E+01    0.229631722469210331E+01
    0.116998428293556575E-17    0.636115203695999526E+03   -0.154611958257851145E+01    0.237998205617910719E+01    0.233182698968354885E+01
    0.125903293316521453E-17    0.635963496500835049E+03   -0.157967398929422242E+01    0.236280014409365524E+01    0.239233107290990432E+01
    0.131294016183809946E-17    0.635874646285335530E+03   -0.159692012571024899E+01    0.242572199357659191E+01    0.239459882158579873E+01
    0.133314048076295769E-17    0.635839109481536184E+03   -0.159449816836448810E+01    0.228129727691312478E+01    0.242105175720386434E+01
    0.140165192901647050E-17    0.635733881346010321E+03   -0.158709680649981655E+01    0.240184734913902842E+01    0.239149175326670260E+01
    0.161635737836822088E-17    0.635443834155403238E+03   -0.152940124635211472E+01    0.236571361860298124E+01    0.228297733627850263E+01
    0.161307372568308239E-17    0.635442901316102279E+03   -0.150437832357638901E+01    0.225982274490317003E+01    0.227349128076638429E+01
    0.161777358812144596E-17    0.635432082575323875E+03   -0.148109117111811628E+01    0.226370839319052486E+01    0.224382756728588006E+01
    0.171658308891297908E-17    0.635308512849157182E+03   -0.156142878770551929E+01    0.233454676363683244E+01    0.237081456634719245E+01
    0.195382746504193098E-17    0.635044603823899251E+03   -0.147783910342293967E+01    0.231818588256283675E+01    0.223260420734222009E+01
    0.195003825980932111E-17    0.635043486341065204E+03   -0.155150830398932804E+01    0.225298507368083678E+01    0.235301785314785761E+01
    0.200291213213583237E-17    0.634984979951478408E+03   -0.147355104322337382E+01    0.227935048485961067E+01    0.223504625882608288E+01
    0.208086498561593913E-17    0.634903616995187008E+03   -0.158814149125390047E+01    0.241769956201339742E+01    0.238504488555791916E+01
    0.232806495411824363E-17    0.634674109465194647E+03   -0.151457898071313202E+01    0.236928104381921312E+01    0.227696573647668110E+01
    0.232245092822092937E-17    0.634673938201417855E+03   -0.160053612425161162E+01    0.240900931767548299E+01    0.238697910159499749E+01
    0.243132014230034164E-17    0.634577315570117662E+03   -0.152886284692855789E+01    0.236804624243121165E+01    0.230637470761991281E+01
    0.248124537182049837E-17    0.634531663126280932E+03   -0.164313712110790577E+01    0.239128245838186970E+01    0.247435729348390687E+01
    0.256669831710663967E-17    0.634458943583750056E+03   -0.157836426825889853E+01    0.240636445698031576E+01    0.237465428639754350E+01
    0.259692340204864219E-17    0.634430529451736220E+03   -0.153487758171961852E+01    0.225221200012729916E+01    0.232487771717480030E+01
    0.260091090384808522E-17    0.634422460864053733E+03   -0.161018092099199217E+01    0.237766630231406051E+01    0.243396189614002623E+01
    0.272520497716197164E-17    0.634324097034135320E+03   -0.156504554218283953E+01    0.232034056245223708E+01    0.234057182419269338E+01
    0.277289147448886849E-17    0.634284403067923563E+03   -0.159968978264560313E+01    0.240680265443145558E+01    0.240929150144922666E+01
    0.278590849203342048E-17    0.634270036268314925E+03   -0.162270454365819639E+01    0.240598533301915785E+01    0.242277551781295131E+01
    0.298783698566189919E-17    0.634125084907773044E+03   -0.161678974905878370E+01    0.236163704056169887E+01    0.241599437276484608E+01
    0.310163444476111967E-17    0.634045325901072943E+03   -0.151192732892286852E+01    0.235713023322586812E+01    0.226091790696108674E+01
    0.311953494863873489E-17    0.634028816455085348E+03   -0.158794157097384492E+01    0.228317202969902500E+01    0.239019345325128896E+01
    0.315362702337457361E-17    0.634002077873790654E+03   -0.154017918537340326E+01    0.227156001405807295E+01    0.231900914882609221E+01
    0.316026411661874619E-17    0.633992873116032456E+03   -0.161169951798254751E+01    0.242917452699631742E+01    0.241047659107410261E+01
    0.317385444803290770E-17    0.633979290799721298E+03   -0.154592603479758273E+01    0.225515790542592809E+01    0.234988753727226296E+01
    0.333602237186629152E-17    0.633874625945323714E+03   -0.150696510756578395E+01    0.230906926229974241E+01    0.225813009573692547E+01
    0.333911369779214572E-17    0.633867773502997693E+03   -0.160271778369081552E+01    0.241851146209769130E+01    0.240860018528784359E+01
    0.345021278177933926E-17    0.633797312516622696E+03   -0.155274747693907456E+01    0.226386249170073839E+01    0.234295942822183889E+01
    0.368848378887865601E-17    0.633658753374085222E+03   -0.149266688086457844E+01    0.225828550738574041E+01    0.226159157001646172E+01
    0.385450704190842841E-17    0.633565698078966989E+03   -0.158947283206239920E+01    0.241712957003452633E+01    0.238731963639863665E+01
    0.392579702355816176E-17    0.633524045538768064E+03   -0.154705854838610835E+01    0.229261900221661863E+01    0.232097809638071872E+01
    0.416556784494849913E-17    0.633400479119364945E+03   -0.163336668726483114E+01    0.233730753018328041E+01    0.245101863556392452E+01
    0.438484294366209615E-17    0.633292876709745542E+03   -0.158516817240418795E+01    0.239737825757474710E+01    0.238973175516029457E+01
    0.446863280419755840E-17    0.633250019323697188E+03   -0.153154379860907319E+01    0.237016341049784884E+01    0.230994535724448369E+01
    0.544056298683892018E-17    0.632851419235179833E+03   -0.159991401252605026E+01    0.237749500284876802E+01    0.238655708932501653E+01
    0.558260837110227622E-17    0.632794872092279888E+03   -0.149566640373367576E+01    0.234388997087991280E+01    0.225488289234733941E+01
    0.563566877996762577E-17    0.632770952679314632E+03   -0.159774857897453715E+01    0.227701469654247157E+01    0.242171136612922311E+01
    0.594992892140674936E-17    0.632657425779653295E+03   -0.157841516212278954E+01    0.229466489420894826E+01    0.236958736612450593E+01
    0.603154575094476670E-17    0.632625177684003575E+03   -0.161453706758213711E+01    0.241801274904205510E+01    0.241076750860101185E+01
    0.632670722585424529E-17    0.632524624496014326E+03   -0.150725040097071905E+01    0.235766399367352975E+01    0.226985427879305135E+01
    0.646322317214079782E-17    0.632476928053822235E+03   -0.161526232438582174E+01    0.235154809052040115E+01    0.244581224779426520E+01
    0.646523206447488663E-17    0.632471306512481533E+03   -0.161277475772232703E+01    0.241698968378342904E+01    0.242463136913074528E+01
    0.667893709349911902E-17    0.632401266612364907E+03   -0.159824160517296887E+01    0.231619528166467203E+01    0.239511906611807746E+01
    0.679059399906708545E-17    0.632363107488266564E+03   -0.150143240321819915E+01    0.235548594903715180E+01    0.225771800747796014E+01
    0.679295325134874346E-17    0.632357412750062508E+03   -0.157084830425806699E+01    0.234609796001980975E+01    0.234475870972719314E+01
    0.687396816782638738E-17    0.632328701231443574E+03   -0.160082402005823465E+01    0.242231404320101174E+01    0.240263345422939523E+01
    0.736309944308323886E-17    0.632186222398504015E+03   -0.162211868423996908E+01    0.242338146435701107E+01    0.242506396579420880E+01
    0.757752364830449896E-17    0.632123811425054896E+03   -0.149754453064476434E+01    0.226343900731762515E+01    0.227750299814955426E+01
    0.810861285307122049E-17    0.631983330702755211E+03   -0.162624887395569617E+01    0.232224143662539673E+01    0.246161874170601358E+01
    0.833471322785404060E-17    0.631923326106992477E+03   -0.151826406921710433E+01    0.229462536519351934E+01    0.231021350353571364E+01
    0.846245239078593042E-17    0.631887906302024703E+03   -0.162145587088572496E+01    0.236527637094438070E+01    0.245184993044240862E+01
    0.109538774867663631E-16    0.631366797322738762E+03   -0.159415024861776078E+01    0.227417333517279108E+01    0.241568586865557755E+01
    0.118441925507962485E-16    0.631205508991959505E+03   -0.162009392499853622E+01    0.242015282726342607E+01    0.243334674824427921E+01
    0.122721100719133421E-16    0.631129525898783982E+03   -0.163279588964425582E+01    0.241845451354419438E+01    0.244370314530760169E+01
    0.133820054888405669E-16    0.630951362465608554E+03   -0.158874040202500977E+01    0.231286930692277259E+01    0.241355326270973158E+01
    0.138308216278108648E-16    0.630880385220643689E+03   -0.155194900553558268E+01    0.225617973724908127E+01    0.235679142420517529E+01
    0.138199502723261107E-16    0.630876957886475111E+03   -0.152700028490085904E+01    0.230662563410247756E+01    0.228739415225883214E+01
    0.138214418125197169E-16    0.630871742044929761E+03   -0.153074968302179704E+01    0.227847861763578452E+01    0.233101186556558204E+01
    0.145558849645153333E-16    0.630763193573144008E+03   -0.163448982456628977E+01    0.241126912893085077E+01    0.245649833194155853E+01
    0.153228316661897112E-16    0.630655496362981012E+03   -0.155660803501429301E+01    0.229002171361378881E+01    0.236914901581196879E+01
    0.178394614552704935E-16    0.630346358448238902E+03   -0.151093673292221164E+01    0.234927232682576825E+01    0.225983247108485763E+01
    0.185939383631074863E-16    0.630258513060366795E+03   -0.161430795127418669E+01    0.238495815305254277E+01    0.240988974583920168E+01
    0.196579093446780348E-16    0.630142224789643706E+03   -0.160725702496109157E+01    0.231883368660249811E+01    0.240996811641459097E+01
    0.216861731118738904E-16    0.629940834579313673E+03   -0.161630529858987759E+01    0.242448629732453647E+01    0.241690713058708795E+01
    0.223128102327124095E-16    0.629878862399800937E+03   -0.158209118119561110E+01    0.227268369939897230E+01    0.240223271809206729E+01
    0.222724565733275204E-16    0.629877482759017767E+03   -0.158215964963759981E+01    0.241616765009603895E+01    0.237353855720623130E+01
    0.237007197424029642E-16    0.629748173493546119E+03   -0.157124197100327079E+01    0.241284282883261980E+01    0.235470309122566235E+01
    0.247263453275280978E-16    0.629658445751346449E+03   -0.152092933858211876E+01    0.227429574900671749E+01    0.231569347132788295E+01
    0.269587425392756771E-16    0.629480569040185401E+03   -0.155883288021015076E+01    0.238987887820987543E+01    0.232545025025064689E+01
    0.269233061109965527E-16    0.629478199707301883E+03   -0.155631139363070825E+01    0.230222898666119180E+01    0.236759470150931506E+01
    0.276387014472563862E-16    0.629420750292918228E+03   -0.158480203657389307E+01    0.228982338333329016E+01    0.238261256470622307E+01
    0.286480731482514560E-16    0.629344011954584175E+03   -0.160855315382881248E+01    0.242643620143108318E+01    0.240816651296865203E+01
    0.352562644156590801E-16    0.628923897871884719E+03   -0.151036384347590458E+01    0.235657592869756849E+01    0.227606473846780410E+01
    0.363879396525676977E-16    0.628855709543631178E+03   -0.158588814953264268E+01    0.237724039632517137E+01    0.236509747603850329E+01
    0.377461871576655759E-16    0.628777415390365604E+03   -0.156235526927449420E+01    0.226253441147122780E+01    0.237346128779595844E+01
    0.382739868827167860E-16    0.628744643383126913E+03   -0.160337278874861111E+01    0.240757879941290165E+01    0.241356158184438030E+01
    0.474458845470383308E-16    0.628310004748897200E+03   -0.147768147253746562E+01    0.231686330860081435E+01    0.222887976779591490E+01
    0.482531999613079918E-16    0.628271260034606598E+03   -0.159512409762949825E+01    0.231868424745183166E+01    0.238983790943831309E+01
    0.496364931047350945E-16    0.628209731704101046E+03   -0.164027296663226130E+01    0.236481157449885693E+01    0.245926569817861562E+01
    0.509212560366271203E-16    0.628153623446167103E+03   -0.155562848422487932E+01    0.232647493711974862E+01    0.236267492026764003E+01
    0.539261883448765418E-16    0.628033951868609734E+03   -0.161227797038960641E+01    0.239216151307707436E+01    0.240660029295714217E+01
    0.568067603788519873E-16    0.627924873647863365E+03   -0.159910477629335834E+01    0.239504118997525728E+01    0.238539090155718725E+01
    0.652871072232862313E-16    0.627641595171390804E+03   -0.154244438749861823E+01    0.226223330244055632E+01    0.234616966025204476E+01
    0.717906895230210868E-16    0.627446674736132195E+03   -0.163896371813089159E+01    0.240870488649048653E+01    0.246002248521646472E+01
    0.771884157454515091E-16    0.627296685545340324E+03   -0.162242902298942671E+01    0.238040940956483560E+01    0.244930848913104882E+01
    0.781504004998358032E-16    0.627266913963436878E+03   -0.159327417330380272E+01    0.242126636782935734E+01    0.238747911651954681E+01
    0.781294691524419849E-16    0.627262449703518200E+03   -0.161238463147548772E+01    0.231120829374678527E+01    0.244408766495860164E+01
    0.806122396085357219E-16    0.627194883338323734E+03   -0.158318761043277556E+01    0.241264177706669614E+01    0.237728007822104637E+01
    0.867532142249727371E-16    0.627043049387210999E+03   -0.161775889218397273E+01    0.238378444937448108E+01    0.244202970551351939E+01
    0.922622258940654792E-16    0.626914914718348996E+03   -0.155115381567160449E+01    0.228053725548533093E+01    0.236079802323588162E+01
    0.108887028443636744E-15    0.626578562509740095E+03   -0.162749833798913812E+01    0.237541789609523324E+01    0.245696465243001860E+01
    0.120793569812904414E-15    0.626366018218544923E+03   -0.153760527635813427E+01    0.229752355744585834E+01    0.233940579116978498E+01
    0.123114764588672884E-15    0.626322950395076646E+03   -0.148843897085095800E+01    0.230652672907358802E+01    0.223601460165859933E+01
    0.127766427499719763E-15    0.626243776703036474E+03   -0.163986633181627806E+01    0.240582147781622746E+01    0.245881748669952671E+01
    0.131332934683190054E-15    0.626183713156225508E+03   -0.155278062890471613E+01    0.225928220849557437E+01    0.235818476063748150E+01
    0.152469451661517466E-15    0.625880255808646211E+03   -0.154572226842780425E+01    0.239109234426989037E+01    0.232173070708925877E+01
    0.157390798972052496E-15    0.625811720570792659E+03   -0.156338453493112639E+01    0.238564281190710670E+01    0.233208530446818152E+01
    0.161320411181239409E-15    0.625757399288948363E+03   -0.152354243648326326E+01    0.225472436065336757E+01    0.231165983781168549E+01
    0.162692788547308085E-15    0.625735456947412786E+03   -0.163224174065586514E+01    0.240257833055910064E+01    0.245554182078357108E+01
    0.171825994265792517E-15    0.625621219719674741E+03   -0.156559928122480407E+01    0.240745385410576240E+01    0.234171087204049755E+01
    0.198409383778130845E-15    0.625328519344659412E+03   -0.158213456162873567E+01    0.230900697686981493E+01    0.237186013145318952E+01
    0.210351016621860127E-15    0.625206629040608846E+03   -0.149929991879347324E+01    0.231737733102667054E+01    0.224791457287531848E+01
    0.228813693147159093E-15    0.625033368115889516E+03   -0.154195601572230512E+01    0.237410469862930285E+01    0.230205625412418868E+01
    0.261777676074651811E-15    0.624759193168810043E+03   -0.160281588009801967E+01    0.241907675275675160E+01    0.240517869721502819E+01
    0.276474347033556841E-15    0.624644948248256014E+03   -0.156570436900663479E+01    0.237608183814205098E+01    0.236468308010022810E+01
    0.322977643623118335E-15    0.624329018114585324E+03   -0.161374455270135875E+01    0.234147228079195502E+01    0.244381811841818397E+01
    0.338437241569150972E-15    0.624230506979471443E+03   -0.163330979345830585E+01    0.232378099979097286E+01    0.246203330853575153E+01
    0.353409142665537495E-15    0.624138931466385202E+03   -0.160953542108370207E+01    0.238978264747175784E+01    0.242814174917218750E+01
    0.388520072747475958E-15    0.623944494655108201E+03   -0.153226426338408706E+01    0.230044009313472575E+01    0.233039408760435940E+01
    0.392561999446855711E-15    0.623918795356417149E+03   -0.154919111104185614E+01    0.233558026170316735E+01    0.231483080756644632E+01
    0.399093886130886621E-15    0.623880790941068540E+03   -0.159489655489262261E+01    0.238422995564197571E+01    0.240795139661411461E+01
    0.443947562630011861E-15    0.623662771420115632E+03   -0.150758403692288745E+01    0.229754042049129392E+01    0.226354760158181634E+01
    0.527301717656401728E-15    0.623313638518687867E+03   -0.155186126830708160E+01    0.228214424655428338E+01    0.233395305358722815E+01
    0.606515970388191528E-15    0.623028722206487146E+03   -0.148482131233712922E+01    0.232008933525793726E+01    0.224238930899208988E+01
    0.648102171651839359E-15    0.622891087614210505E+03   -0.148692164361579948E+01    0.226949900038601893E+01    0.225455433538905226E+01
    0.789411462574977359E-15    0.622491608959181121E+03   -0.151143025273670073E+01    0.235187649779912578E+01    0.227933530005430107E+01
    0.958331329679886054E-15    0.622098797179076882E+03   -0.158318643311525520E+01    0.239980140437906053E+01    0.236260374841181608E+01
    0.109589750579399479E-14    0.621825526433614186E+03   -0.158081440338392865E+01    0.241299033849803957E+01    0.236420999968626688E+01
    0.111959033597110913E-14    0.621777748074813417E+03   -0.154569910262276045E+01    0.233654960303189352E+01    0.234403503740488262E+01
    0.121248013907116096E-14    0.621613337841601606E+03   -0.163846130827408398E+01    0.239960562402466993E+01    0.245678125182671003E+01
    0.161083137782308265E-14    0.621040172909782882E+03   -0.163823737643723444E+01    0.238267052217136088E+01    0.246661450392434034E+01
    0.169105587913689808E-14    0.620937967539906822E+03   -0.150833327644357618E+01    0.226006227528555925E+01    0.228930875818323010E+01
    0.170155413484458104E-14    0.620920589707885256E+03   -0.147834487589043273E+01    0.230735001541975837E+01    0.223107274767813735E+01
    0.170276046816403786E-14    0.620914172290859369E+03   -0.148745684613365370E+01    0.232857454321775892E+01    0.223779225113842983E+01
    0.171142679994113980E-14    0.620899018951620064E+03   -0.155261314774538284E+01    0.233143287822923684E+01    0.235604564686306084E+01
    0.178189462305809208E-14    0.620813319382269697E+03   -0.155148542561783986E+01    0.226718826627833714E+01    0.235841387713557005E+01
    0.189476680392407498E-14    0.620685482224003636E+03   -0.159160756602978326E+01    0.228226933937181098E+01    0.240094165420752859E+01
    0.233277284054751258E-14    0.620264558528021325E+03   -0.154776869126730166E+01    0.239182469520857577E+01    0.231581274050618191E+01
    0.238793223984291701E-14    0.620212818128992012E+03   -0.161607335910320149E+01    0.235504799819044308E+01    0.241818343543208591E+01
    0.249489887862601392E-14    0.620120177371150703E+03   -0.154613532327518310E+01    0.226064426430310883E+01    0.234759905865990248E+01
    0.259720327883005763E-14    0.620034803360498472E+03   -0.154674873295850768E+01    0.231027593122441877E+01    0.235083567575854424E+01
    0.266014769820047778E-14    0.619981910474914457E+03   -0.160842360734753909E+01    0.229182812294209048E+01    0.243149592245675628E+01
    0.265756429086230992E-14    0.619978853722346230E+03   -0.154182962766787246E+01    0.226245064876543855E+01    0.233078472976580997E+01
    0.269109908816244876E-14    0.619948774382444299E+03   -0.161052395683410809E+01    0.239670977140375907E+01    0.240534685013032146E+01
    0.277416543039517110E-14    0.619882973856373724E+03   -0.159149375728413522E+01    0.227801620545827666E+01    0.240964906573408300E+01
    0.284292008032785182E-14    0.619829010326219532E+03   -0.152799976089834488E+01    0.237245512267236869E+01    0.228650566946629219E+01
    0.303545158241637933E-14    0.619692953358670138E+03   -0.163429181664264744E+01    0.233177383448186548E+01    0.246364727055108190E+01
    0.318994756315208834E-14    0.619588664811140688E+03   -0.159289523473026895E+01    0.241385339666115861E+01    0.238106041010132685E+01
    0.318616282599695095E-14    0.619586039134901512E+03   -0.158407356927060494E+01    0.239760171104030828E+01    0.238519790477303140E+01
    0.321574468272097967E-14    0.619562555851769275E+03   -0.156192461225015955E+01    0.234733827723405630E+01    0.236664068926591753E+01
    0.322137521831165974E-14    0.619554057059071170E+03   -0.152434256583517813E+01    0.227350387524854325E+01    0.231900032401163969E+01
    0.391688807287656786E-14    0.619158078809558447E+03   -0.155208904214565591E+01    0.235384498744514703E+01    0.231747279157059793E+01
    0.442898398023731432E-14    0.618907333352859723E+03   -0.149581597550630407E+01    0.233447243484313471E+01    0.224512308189197540E+01
    0.455633670123041002E-14    0.618845635877356472E+03   -0.151984131464756089E+01    0.226303953853910267E+01    0.230980058833507229E+01
    0.485096316453747632E-14    0.618715319216978969E+03   -0.161978218541649888E+01    0.236338449078971902E+01    0.244761828371723311E+01
    0.497060104442262537E-14    0.618661592234121258E+03   -0.154217731388055745E+01    0.225947933011384272E+01    0.233984666967310417E+01
    0.528773141628280713E-14    0.618532895148522243E+03   -0.151588304977523736E+01    0.231829865407942615E+01    0.227094714755458504E+01
    0.531663311019482341E-14    0.618516993310735756E+03   -0.162428530480642230E+01    0.241284540912782441E+01    0.243259793650515199E+01
    0.534557251493928704E-14    0.618501136466729349E+03   -0.163855827709112978E+01    0.236416991478967908E+01    0.246904622553201847E+01
    0.628337663523303954E-14    0.618172858735194950E+03   -0.158187784021049871E+01    0.227630119158411182E+01    0.239934362391114675E+01
    0.642266735715481969E-14    0.618124006753481581E+03   -0.153999314352738192E+01    0.226909864997096200E+01    0.232346436901405085E+01
    0.666659329744933060E-14    0.618044455809811893E+03   -0.160569378967869869E+01    0.229097083841119664E+01    0.242879446121083475E+01
    0.673414064396060800E-14    0.618019293356357707E+03   -0.151714988377934845E+01    0.236386214408342710E+01    0.227415207212153803E+01
    0.684728698867637249E-14    0.617980968741148558E+03   -0.156647899569907212E+01    0.227513429917027965E+01    0.237995350570042774E+01
    0.726115651267556107E-14    0.617858595537864176E+03   -0.157303566224341251E+01    0.239916857580318021E+01    0.234923744496293807E+01
    0.728266249715634600E-14    0.617847680722741416E+03   -0.155866165333166284E+01    0.239925597553906211E+01    0.233603604730052261E+01
    0.753892561619887493E-14    0.617773514407403809E+03   -0.163733034436205083E+01    0.234449303021097144E+01    0.246400586351960627E+01
    0.757304311457833010E-14    0.617759483802072964E+03   -0.159001825488549109E+01    0.229352679040294793E+01    0.241320895399754498E+01
    0.859908353245810660E-14    0.617500362505521935E+03   -0.149118805583215108E+01    0.231081927446991831E+01    0.224078820680182389E+01
    0.898681786791271817E-14    0.617407156124099401E+03   -0.158790049425941016E+01    0.240779963000096409E+01    0.238547102501750530E+01
    0.996125668059752928E-14    0.617196267295920961E+03   -0.160992098419225926E+01    0.231278775932559810E+01    0.241936660636291201E+01
    0.100898697024706343E-13    0.617165609927195305E+03   -0.156715059743818053E+01    0.238900076160007035E+01    0.236037589410076798E+01
    0.116476290051153438E-13    0.616873468487847845E+03   -0.150297242231915806E+01    0.231683690847648283E+01    0.225435506177177203E+01
    0.119343477175348499E-13    0.616819832557920108E+03   -0.152887019348300868E+01    0.228609269382061475E+01    0.229878734730457523E+01
    0.121442323669810444E-13    0.616779965059149959E+03   -0.152314692017204045E+01    0.228333253811693870E+01    0.231663679212973861E+01
    0.126313215125999412E-13    0.616696314641266554E+03   -0.163865540134784005E+01    0.236548514934669241E+01    0.246037252091946002E+01
    0.127860921663081324E-13    0.616666957707306210E+03   -0.162421068157412751E+01    0.234598430082279918E+01    0.243529868272751315E+01
    0.130589239847794634E-13    0.616619730308068029E+03   -0.157068827815816103E+01    0.232138773065041271E+01    0.235147832484751795E+01
    0.130869484171120162E-13    0.616610442909639119E+03   -0.148967059931290025E+01    0.227854124378676426E+01    0.225986575645240251E+01
    0.135065859616994793E-13    0.616542318937698269E+03   -0.151163560761834437E+01    0.229409994176716037E+01    0.229705699236211558E+01
    0.140414075996340190E-13    0.616459652468784270E+03   -0.158751743080867058E+01    0.234682210190893414E+01    0.237290820566995109E+01
    0.142483294983269209E-13    0.616425394425386685E+03   -0.152031725160800413E+01    0.226195618567778567E+01    0.230072399657596094E+01
    0.159279319529132346E-13    0.616197525179527133E+03   -0.154141594085999989E+01    0.228635367172879844E+01    0.234453459346174142E+01
    0.171711064112736938E-13    0.616042217545771109E+03   -0.163320993782152080E+01    0.234541900000362036E+01    0.245361356065928504E+01
    0.174200597062827961E-13    0.616008428970948444E+03   -0.160852526826545894E+01    0.231676558653411524E+01    0.241559071090020794E+01
    0.184062132622243140E-13    0.615893297198878145E+03   -0.158889759960235888E+01    0.239101005767896790E+01    0.239492393229971690E+01
    0.217672920833793381E-13    0.615552856808746469E+03   -0.162578550708573433E+01    0.240908948588180705E+01    0.243626124435629166E+01
    0.225090398827634549E-13    0.615480839766519921E+03   -0.158308882437736864E+01    0.237336852839415702E+01    0.239178268987683751E+01
    0.237339179131381708E-13    0.615369863447461171E+03   -0.160777572571119887E+01    0.235653488827477853E+01    0.240465004871398769E+01
    0.255255245764967640E-13    0.615219315938060504E+03   -0.149473517066266859E+01    0.229035023337852239E+01    0.226836692091116987E+01
    0.273348064511436838E-13    0.615077352065301397E+03   -0.157142937258424853E+01    0.240356920236383376E+01    0.235764100514239949E+01
    0.307800744899299365E-13    0.614834938671730356E+03   -0.150549715874033518E+01    0.234330496254855092E+01    0.227010102649940748E+01
    0.318082685719364136E-13    0.614764221220751779E+03   -0.157223270107151958E+01    0.229497897095099868E+01    0.236243562918136796E+01
    0.324818696067696653E-13    0.614717309617853971E+03   -0.149880071539052073E+01    0.229999696671416398E+01    0.227383675535902441E+01
    0.326596770952697576E-13    0.614701391367423184E+03   -0.154385211603205930E+01    0.235042764044975705E+01    0.230658464271206753E+01
    0.344044547809163029E-13    0.614592301657816733E+03   -0.163206759283992398E+01    0.238386279430715042E+01    0.245747214078729570E+01
    0.348148111112522871E-13    0.614563587962935685E+03   -0.163832283731235395E+01    0.238360558579405390E+01    0.246152603188216013E+01
    0.356358645644745389E-13    0.614511968644045851E+03   -0.149722885312916953E+01    0.232695441824384908E+01    0.224728080658600682E+01
    0.372049589176757306E-13    0.614420789655430326E+03   -0.153237040759918175E+01    0.227453962430967715E+01    0.230969091364707069E+01
    0.371156974658734596E-13    0.614420593783868640E+03   -0.153733433228471927E+01    0.237196009162160726E+01    0.231537834346892346E+01
    0.384667953405548897E-13    0.614344082947746642E+03   -0.158390191591154350E+01    0.232199855937263200E+01    0.240346310032574273E+01
    0.416478616661262066E-13    0.614180173715205910E+03   -0.150800658387482067E+01    0.233141516703337182E+01    0.225976888345635629E+01
    0.422836064868871894E-13    0.614144874853832221E+03   -0.161143272037931617E+01    0.231038638969388455E+01    0.243966445872016635E+01
    0.423103877267956119E-13    0.614138608511413963E+03   -0.153499914535195225E+01    0.237631923580972382E+01    0.229740001211780687E+01
    0.433426133053619328E-13    0.614085401184576085E+03   -0.156100916751716334E+01    0.237781142060845152E+01    0.235438542695160358E+01
    0.445358269483731612E-13    0.614026085838264294E+03   -0.162600300621893368E+01    0.235230348367375797E+01    0.245597251019785645E+01
    0.450740141194835049E-13    0.613997061975002111E+03   -0.158744263887455128E+01    0.237793418628054809E+01    0.236987925093413665E+01
    0.455336577572144632E-13    0.613971770201860068E+03   -0.155385525279535464E+01    0.233705972361476544E+01    0.235575619005428116E+01
    0.459121453054874100E-13    0.613950214397356262E+03   -0.162322707268392552E+01    0.240339426930601263E+01    0.242962227796057917E+01
    0.460284695208266489E-13    0.613940153553348296E+03   -0.153998107932263872E+01    0.238272873683013842E+01    0.230628962559831230E+01
    0.459966007082159448E-13    0.613936538776475231E+03   -0.157821876691070351E+01    0.236663441017214815E+01    0.238598830895582026E+01
    0.483278370091924121E-13    0.613832658308227337E+03   -0.149966706915284687E+01    0.232646383738269158E+01    0.225014528700482508E+01
    0.500048210742848965E-13    0.613759434924166044E+03   -0.155233987920400929E+01    0.237466471232985699E+01    0.231837455879530552E+01
    0.507149668316826115E-13    0.613726231627069637E+03   -0.150758345236892888E+01    0.234620735705233852E+01    0.226042345711375781E+01
    0.515288387018698401E-13    0.613689390517225434E+03   -0.156535042258945523E+01    0.237276091416209400E+01    0.233677367860423324E+01
    0.519291865201473851E-13    0.613668911783091630E+03   -0.160110923609886924E+01    0.229954571078418946E+01    0.241011848840431320E+01
    0.598122171277907946E-13    0.613381253888925130E+03   -0.159257950854077701E+01    0.239680228448374866E+01    0.239781280194143420E+01
    0.610423712491384993E-13    0.613335537301328031E+03   -0.155964115405508186E+01    0.226719837979163108E+01    0.236606075002070426E+01
    0.661652385134153742E-13    0.613169363314605107E+03   -0.157213215629357195E+01    0.236692945333253624E+01    0.237625837584939248E+01
    0.671798004703810548E-13    0.613133928540487204E+03   -0.161468823390050664E+01    0.230512731765896461E+01    0.243522108394228098E+01
    0.689216694188247397E-13    0.613077732500844832E+03   -0.149577839950000424E+01    0.227090546037972718E+01    0.226457614401589424E+01
    0.705304839047825622E-13    0.613026583744348045E+03   -0.149125600066377118E+01    0.227572020096715866E+01    0.226019140988606537E+01
    0.757682662429695106E-13    0.612878314661014656E+03   -0.163645642701822935E+01    0.235175015439091828E+01    0.246319959170332048E+01
    0.766901651951579666E-13    0.612849126817020647E+03   -0.155415450622803775E+01    0.230536810666650460E+01    0.236169776709061807E+01
    0.802791589987688024E-13    0.612752653672650581E+03   -0.156989947993348133E+01    0.228838524482510586E+01    0.236182986924664817E+01
    0.899370921647451934E-13    0.612520452868726352E+03   -0.160497632868740769E+01    0.229914535136581932E+01    0.243008898006017304E+01
    0.962426731926630385E-13    0.612379928073503606E+03   -0.160655542069244639E+01    0.240473310990591438E+01    0.241534221035997376E+01
    0.989838941017194400E-13    0.612318759466580104E+03   -0.153591789735286222E+01    0.228245910839167854E+01    0.233557262429797063E+01
    0.127055577700518201E-12    0.611814424547857016E+03   -0.154474051003698376E+01    0.231021765725244332E+01    0.231529819118657798E+01
    0.130718601772118112E-12    0.611752579899303782E+03   -0.153018862662718935E+01    0.231081914687778500E+01    0.229379177694821124E+01
    0.142682615170868528E-12    0.611572428390203982E+03   -0.161989486986937870E+01    0.237178476051031950E+01    0.242421719614270437E+01
    0.151729114773747563E-12    0.611444480186097735E+03   -0.162802994121970146E+01    0.234582195999427645E+01    0.244421286763459733E+01
    0.153049840152588840E-12    0.611422146526741585E+03   -0.149840936198853614E+01    0.229714391021769559E+01    0.227292048556895487E+01
    0.169691661697996200E-12    0.611210707697721546E+03   -0.148532869027902814E+01    0.229416143647187676E+01    0.224092992530861679E+01
    0.172121014308691783E-12    0.611177278166726978E+03   -0.161700052438009356E+01    0.231164327603604836E+01    0.244381673905662211E+01
    0.177692203520092346E-12    0.611108568049090195E+03   -0.149266760267507070E+01    0.232820724910861543E+01    0.224736654615304943E+01
    0.189215377810695534E-12    0.610977901905929116E+03   -0.150832869076920240E+01    0.227148219516692418E+01    0.229050123280011775E+01
    0.192408344407834404E-12    0.610939433953908861E+03   -0.160911056718370249E+01    0.231582032390642611E+01    0.243661554708488559E+01
    0.200384068230825220E-12    0.610853202036288849E+03   -0.162169143550334582E+01    0.237286876617574949E+01    0.242748426407858098E+01
    0.203222204078085414E-12    0.610820073805152560E+03   -0.163290729879349739E+01    0.237210717532889426E+01    0.244915207525465561E+01
    0.220315194270101136E-12    0.610653555324211425E+03   -0.155307679865768655E+01    0.238881226478109898E+01    0.232357811538287251E+01
    0.224732334136710265E-12    0.610608853632740079E+03   -0.151436604732273494E+01    0.234821611383945772E+01    0.228386323729216123E+01
    0.238778593144355172E-12    0.610482600300594981E+03   -0.163110624008075789E+01    0.236705483644144588E+01    0.245861478543633183E+01
    0.252179874281248327E-12    0.610368388529263029E+03   -0.158405971804200041E+01    0.229823421289834506E+01    0.238148742590517060E+01
    0.252188111489732501E-12    0.610363323202289735E+03   -0.153472562274247770E+01    0.229279017401540930E+01    0.233297561422542543E+01
    0.252994082014810264E-12    0.610351941574281000E+03   -0.157524422373909356E+01    0.227493367214293851E+01    0.238085987107844588E+01
    0.258077736071461913E-12    0.610307152084413929E+03   -0.155416625549697240E+01    0.231787343968161208E+01    0.232777550901747787E+01
    0.281898821639466800E-12    0.610125577332606099E+03   -0.148455792248321838E+01    0.230250373671515973E+01    0.223988753917032568E+01
    0.318285966566974282E-12    0.609877773279463895E+03   -0.160411877920185519E+01    0.240176218651093132E+01    0.239802280072912666E+01
    0.330299715399238362E-12    0.609798672827191126E+03   -0.156495425263028398E+01    0.229848322662023730E+01    0.235033858044326749E+01
    0.335382598963627831E-12    0.609763129835499171E+03   -0.152150269659750581E+01    0.226702169024749889E+01    0.230042336261007208E+01
    0.334650875643859984E-12    0.609762498116418783E+03   -0.161647448969940166E+01    0.231388273315089599E+01    0.244355107109377201E+01
    0.334254051450414837E-12    0.609759871094843220E+03   -0.154535104325976302E+01    0.227222083772074734E+01    0.233204375625085270E+01
    0.341831200799303712E-12    0.609710039668087234E+03   -0.150499524181136257E+01    0.228926299191341887E+01    0.228509091729842417E+01
    0.342170999484870766E-12    0.609703052547499738E+03   -0.149454509367245003E+01    0.227485062843067620E+01    0.226356821572601241E+01
    0.357068405106893041E-12    0.609612819019960625E+03   -0.152716289282247408E+01    0.227345659288183333E+01    0.232097773185648570E+01
    0.359266306808809962E-12    0.609595545938326836E+03   -0.158731279574722839E+01    0.239231335523491850E+01    0.237083951056281350E+01
    0.382150013291601445E-12    0.609467047295757311E+03   -0.158395491619260342E+01    0.237389844168250175E+01    0.239195132188908133E+01
    0.441531563201682441E-12    0.609173174752058799E+03   -0.158965457310898439E+01    0.237670968310756692E+01    0.237424770594230061E+01
    0.456670851380955210E-12    0.609100747981257200E+03   -0.152050945212713362E+01    0.229719736146280473E+01    0.230979217722185659E+01
    0.476558680479201447E-12    0.609010492039754126E+03   -0.156460721947714276E+01    0.227134094681220589E+01    0.236538950967869432E+01
    0.499550734749892902E-12    0.608911255440694276E+03   -0.160663211810802542E+01    0.240400694951926130E+01    0.241458011408951023E+01
    0.558104241212829803E-12    0.608684582254410429E+03   -0.158199437005054744E+01    0.227913745771170229E+01    0.239617432204945757E+01
    0.556834667100671258E-12    0.608684137031901400E+03   -0.148772268434164734E+01    0.231052494067496239E+01    0.224149459428694975E+01
    0.560613832814944800E-12    0.608665609141809227E+03   -0.149914447468530487E+01    0.229787564970797709E+01    0.227340440723348358E+01
    0.579534472123209631E-12    0.608594223474723663E+03   -0.153453791754358893E+01    0.227978692832170182E+01    0.231154420361608004E+01
    0.592302893265443883E-12    0.608545637472560657E+03   -0.158528351133751877E+01    0.234328571963207022E+01    0.237116115847598685E+01
    0.699599997175851774E-12    0.608207656290481964E+03   -0.157591583720380113E+01    0.238155673634698006E+01    0.237633553427470012E+01
    0.779234329758307678E-12    0.607987050150585560E+03   -0.150321205842485828E+01    0.232782918177018505E+01    0.225580632478507681E+01
    0.811805172011033336E-12    0.607900153017846378E+03   -0.158755205388142273E+01    0.235814102525815494E+01    0.240143495741508417E+01
    0.899255173702558918E-12    0.607690540096873178E+03   -0.161212333115602835E+01    0.232254183376104173E+01    0.242209629472879584E+01
    0.910524667884867338E-12    0.607660631785736655E+03   -0.163011693147620917E+01    0.235847187098680289E+01    0.245768357887691202E+01
    0.920016415670469491E-12    0.607634890742689436E+03   -0.152150651042755047E+01    0.227787938759365005E+01    0.229377719591476037E+01
    0.973732664281114188E-12    0.607516400180742153E+03   -0.162867900885951045E+01    0.234763477400761778E+01    0.245695720563898057E+01
    0.981602863136245491E-12    0.607495300148301453E+03   -0.160600206820381519E+01    0.234318341295974664E+01    0.240552113144887514E+01
    0.109998408961092742E-11    0.607262571779313703E+03   -0.162444964386280200E+01    0.233629286703262906E+01    0.245288460392029783E+01
    0.111264846215804829E-11    0.607234676860161926E+03   -0.159804513543860693E+01    0.232077273071470014E+01    0.242183660225616215E+01
    0.115837686300479481E-11    0.607149123672302949E+03   -0.162136840678938521E+01    0.236582800996819786E+01    0.244665603240077623E+01
    0.122977921672923027E-11    0.607024493901376218E+03   -0.150764313031913133E+01    0.227164813892291395E+01    0.227953525672986324E+01
    0.128665661079882729E-11    0.606929069052059504E+03   -0.151090251154574085E+01    0.231904765183142025E+01    0.226632597940086811E+01
    0.135068913540212303E-11    0.606826933344987424E+03   -0.153425110929823938E+01    0.237380658329102889E+01    0.229965011092507154E+01
    0.134824725563344799E-11    0.606825552371272124E+03   -0.158606005081686474E+01    0.238180295573917711E+01    0.239208524303125003E+01
    0.135471922468615732E-11    0.606810974773520797E+03   -0.150800462352040632E+01    0.227892002916149883E+01    0.227499917457064171E+01
    0.136893195803872175E-11    0.606785101524478705E+03   -0.156396251066991421E+01    0.228754827620761514E+01    0.235384914320134797E+01
    0.141767893199256531E-11    0.606710121252061185E+03   -0.158929680339238422E+01    0.237074954835280938E+01    0.240056084221339461E+01
    0.142489457422771382E-11    0.606694967554761661E+03   -0.160296927435988135E+01    0.237281789518072062E+01    0.242012513607561708E+01
    0.149176199292171356E-11    0.606598247276960706E+03   -0.150132641224800301E+01    0.229486023101147119E+01    0.225968945761393769E+01
    0.161734854149438322E-11    0.606431586999529372E+03   -0.150655376713556421E+01    0.233836397108411509E+01    0.227233237679602595E+01
    0.161613345897445776E-11    0.606428090125357130E+03   -0.149479390375966581E+01    0.231655027816267589E+01    0.224777226260373553E+01
    0.169773957662055501E-11    0.606324567799798160E+03   -0.148813796567193313E+01    0.229486329829373981E+01    0.225094463167160797E+01
    0.182425066105718012E-11    0.606175824598661848E+03   -0.160249558160166661E+01    0.240845618994334520E+01    0.240182645447035092E+01
    0.197659878265853407E-11    0.606010408048566433E+03   -0.149927984312033935E+01    0.232788033118968807E+01    0.225254482090549324E+01
    0.204273447243469591E-11    0.605939584534834921E+03   -0.160303146999838586E+01    0.240649440480880372E+01    0.240584642378308544E+01
    0.215009839840251086E-11    0.605832135995150679E+03   -0.156871916238564024E+01    0.236506584956029364E+01    0.234337002257069571E+01
    0.214721682303082991E-11    0.605829818205465813E+03   -0.156285119503591474E+01    0.232519887472112519E+01    0.234002508169237800E+01
    0.228562673484586939E-11    0.605699882672841113E+03   -0.154324674983784194E+01    0.232571413894926238E+01    0.234041272551932522E+01
    0.228253241554167816E-11    0.605697592140419260E+03   -0.157691756392519755E+01    0.237069596818909956E+01    0.238134545388048124E+01
    0.242823119898717260E-11    0.605568837029428892E+03   -0.161282321617446889E+01    0.230995030090536968E+01    0.243111242942366701E+01
    0.247367005798643642E-11    0.605526757408157550E+03   -0.150591693839285989E+01    0.227171362984300096E+01    0.227883497190093998E+01
    0.252870627907568802E-11    0.605477747571112332E+03   -0.158223512855655479E+01    0.229070267930227089E+01    0.238315567968987807E+01
    0.257390570075236704E-11    0.605437314264316001E+03   -0.153632151403857975E+01    0.230295496338374939E+01    0.233354661458541557E+01
    0.260601478870499461E-11    0.605407518903624691E+03   -0.152089463534150426E+01    0.234098219920070827E+01    0.229831816656940191E+01
    0.267455754566941673E-11    0.605350595284374549E+03   -0.156445525887937475E+01    0.231481363668980356E+01    0.237476605935814611E+01
    0.281797646224414921E-11    0.605241125089141406E+03   -0.150774015179410759E+01    0.227946899097900646E+01    0.228872835110322015E+01
    0.281796194485323109E-11    0.605236135392583265E+03   -0.163114862605700917E+01    0.235077285239141442E+01    0.245679863647336738E+01
    0.287620285471419059E-11    0.605190221268734149E+03   -0.155107188664287765E+01    0.238573302676013421E+01    0.232821031369817355E+01
    0.294189352017798507E-11    0.605140056353695400E+03   -0.158904676185090921E+01    0.239100550403615131E+01    0.239275659575224253E+01
    0.309682012654710906E-11    0.605032411571925877E+03   -0.153247773715126034E+01    0.236667026097362987E+01    0.229458371654732929E+01
    0.311474954711626782E-11    0.605015865717138695E+03   -0.158568483381631431E+01    0.230624886064983547E+01    0.238214884697668161E+01
    0.313876155945325181E-11    0.604995506582125927E+03   -0.155139512267923863E+01    0.237856529556921803E+01    0.231987528489606731E+01
    0.322457039659828243E-11    0.604936563748698404E+03   -0.162414430577987190E+01    0.233828032943794639E+01    0.244105477611534027E+01
    0.330667631499725190E-11    0.604881276109800410E+03   -0.160749630259800136E+01    0.240129968644803826E+01    0.240534994486033327E+01
    0.331069456729587052E-11    0.604873847197856890E+03   -0.157543172180012037E+01    0.232083591505368636E+01    0.236091145015487669E+01
    0.338928565006802824E-11    0.604821924857746126E+03   -0.150282063440961222E+01    0.232629315091838285E+01    0.225638573563726474E+01
    0.339327947415686259E-11    0.604814569510188221E+03   -0.158280533577117155E+01    0.235032864743378100E+01    0.236668825921455905E+01
    0.345139309398147190E-11    0.604775607320939343E+03   -0.157972661429948813E+01    0.237485781159461595E+01    0.235980940973497155E+01
    0.346960427334889794E-11    0.604760082120347306E+03   -0.158545404313358484E+01    0.230608623449209071E+01    0.240504781010149493E+01
    0.379053974929818287E-11    0.604578146364698455E+03   -0.156609964017257752E+01    0.228049290258217585E+01    0.236183171206862319E+01
    0.396826440585826759E-11    0.604481505567245904E+03   -0.157911371906829001E+01    0.237307282754684090E+01    0.238378696357987430E+01
    0.434366187009824761E-11    0.604295727728279189E+03   -0.163028353247642066E+01    0.234763589102108972E+01    0.245462315305623235E+01
    0.439753296744023628E-11    0.604266075821810773E+03   -0.160252349667402272E+01    0.229725150788342747E+01    0.242038151201963636E+01
    0.448292557460621602E-11    0.604222611484049821E+03   -0.160084007181259702E+01    0.240482531711865066E+01    0.239632856755353529E+01
    0.447994608017578851E-11    0.604218941189374164E+03   -0.153068402131879067E+01    0.236740743134312037E+01    0.230135683874041419E+01
    0.453858479067650499E-11    0.604187932724046732E+03   -0.152712004024060621E+01    0.233271104967533027E+01    0.228671871279725636E+01
    0.455488162348897953E-11    0.604175764126498734E+03   -0.156380749284995080E+01    0.233833770702996357E+01    0.236949911192168727E+01
    0.470135972792940310E-11    0.604107459669352011E+03   -0.160033042209958776E+01    0.230367238903692062E+01    0.242331751771664017E+01
    0.474811976387169369E-11    0.604082665809739751E+03   -0.153614234790976067E+01    0.235930394575211588E+01    0.231733706941149720E+01
    0.501198055706365970E-11    0.603969500895234432E+03   -0.154593489499302095E+01    0.238055666897575291E+01    0.231519163985566045E+01
    0.534997906716530759E-11    0.603833977914291268E+03   -0.153965955270245214E+01    0.232987301062822327E+01    0.230483087140756382E+01
    0.539333586539874677E-11    0.603812835025847562E+03   -0.150188467715787555E+01    0.231474604522826732E+01    0.225648048159028747E+01
    0.549470689153589452E-11    0.603770592719746787E+03   -0.162246872891928073E+01    0.234753376157499183E+01    0.243517610736342860E+01
    0.587436481502571479E-11    0.603631967335545255E+03   -0.151602469078639412E+01    0.231490454033343607E+01    0.229794893835196135E+01
    0.589235460174676055E-11    0.603620851849962492E+03   -0.154740336504341847E+01    0.234506971553996468E+01    0.234172645389036482E+01
    0.600773853591417841E-11    0.603577066422347116E+03   -0.155344442861519738E+01    0.232790762394896600E+01    0.232551696902663529E+01
    0.607335832895104084E-11    0.603550339773154406E+03   -0.160859599021602562E+01    0.230559188130810044E+01    0.243079646049559628E+01
    0.620275844120105973E-11    0.603503175004774675E+03   -0.158956797112151760E+01    0.239988626391520476E+01    0.238829578424167188E+01
    0.624973842606735328E-11    0.603483083988646513E+03   -0.160757658437134587E+01    0.232232558270010347E+01    0.241487568868071811E+01
    0.633701482727523846E-11    0.603450347590467572E+03   -0.156960999590713657E+01    0.231835040414146309E+01    0.238160575978578848E+01
    0.728683727037341942E-11    0.603166023996851663E+03   -0.158177354158296124E+01    0.239471320158955692E+01    0.236488062276446342E+01
    0.739422288390067060E-11    0.603131765202838778E+03   -0.154029896848066228E+01    0.227018563851081367E+01    0.232829259454268467E+01
    0.758744005618454697E-11    0.603075174698700494E+03   -0.150278171582485509E+01    0.228281819072743186E+01    0.226764954422128362E+01
    0.765033263457061346E-11    0.603053664953660245E+03   -0.154127039970880242E+01    0.237275779258348285E+01    0.230691048355064332E+01
    0.767122291554606410E-11    0.603043211122591401E+03   -0.162207734727909880E+01    0.238350295194240491E+01    0.244190824271807827E+01
    0.773384316547082594E-11    0.603021951381931785E+03   -0.157316265480704165E+01    0.237769343036354952E+01    0.237233105383033660E+01
    0.856200428591963723E-11    0.602813494594138547E+03   -0.151589213458008532E+01    0.234789324316840675E+01    0.227311003587590932E+01
    0.875944723575960898E-11    0.602762897606699653E+03   -0.151050186801774711E+01    0.231270728786729673E+01    0.228878885251206299E+01
    0.888987010965175545E-11    0.602728338333570491E+03   -0.157043227066279090E+01    0.229112167346176188E+01    0.236362433496940127E+01
    0.898749714439844012E-11    0.602701494400099477E+03   -0.153534754197114065E+01    0.230971305172386110E+01    0.233054573949094745E+01
    0.901207005047355203E-11    0.602691033619609584E+03   -0.162902109560430342E+01    0.236268295821355201E+01    0.244598142403713226E+01
    0.990334531127529723E-11    0.602497417990149870E+03   -0.151616527996054695E+01    0.233531373754129445E+01    0.227249986134934012E+01
    0.990491287609464035E-11    0.602492101442413514E+03   -0.160692712004599603E+01    0.237945250718616608E+01    0.242300815429472571E+01
    0.990849377172964459E-11    0.602486378518640208E+03   -0.162792357426854895E+01    0.238305607265707575E+01    0.244264918064093806E+01
    0.102506946478966773E-10    0.602413472263103813E+03   -0.160797969280059982E+01    0.230887577519752929E+01    0.243149623618952759E+01
    0.105521943211799258E-10    0.602350495549085963E+03   -0.151415015630503835E+01    0.227033192370153225E+01    0.229270977267484355E+01
    0.108120392580725093E-10    0.602296842691973211E+03   -0.155479491763360000E+01    0.238024653697133814E+01    0.232542075329226350E+01
    0.111532238086713600E-10    0.602229706036856214E+03   -0.153384759373618906E+01    0.227458530336909526E+01    0.231522139387367254E+01
    0.112016908792370584E-10    0.602216033734200096E+03   -0.153965233593273787E+01    0.234724344822318676E+01    0.232793563106194767E+01
    0.114220003418710140E-10    0.602172080510385854E+03   -0.154866150932083846E+01    0.228371467796126648E+01    0.233253719165794493E+01
    0.117464863022781772E-10    0.602111054895202187E+03   -0.151028926268812036E+01    0.227183636631764863E+01    0.228806567469052169E+01
    0.119641437278761539E-10    0.602069334902615765E+03   -0.154081106143326707E+01    0.231073411098460690E+01    0.231089909539082861E+01
    0.119750990984806033E-10    0.602062504373313118E+03   -0.153100875123053304E+01    0.233111958900105254E+01    0.229268446554699423E+01
    0.124743993669529647E-10    0.601975806223651375E+03   -0.159454150731586308E+01    0.233458449278055902E+01    0.241483946247536885E+01
    0.129393948059668098E-10    0.601897610173265321E+03   -0.153763116558821600E+01    0.237151301463623332E+01    0.230323264076826639E+01
    0.129110800945222795E-10    0.601896991481210762E+03   -0.150310167308264364E+01    0.227987308985938864E+01    0.227902628697654563E+01
    0.134293508116345982E-10    0.601813277869343551E+03   -0.161843751771930866E+01    0.236480631610763936E+01    0.242488747089873513E+01
    0.139904674980335801E-10    0.601726410801323482E+03   -0.160048658224446627E+01    0.240238047385062670E+01    0.239600363317222609E+01
    0.141018287374460842E-10    0.601705554237402339E+03   -0.152568698304480410E+01    0.231937245166244255E+01    0.228725869958258343E+01
    0.155796376291550699E-10    0.601501233647827121E+03   -0.160411033880996290E+01    0.230335945299950051E+01    0.241863513263128382E+01
    0.165171237391243977E-10    0.601379367920466734E+03   -0.160649369311436074E+01    0.231103366869818894E+01    0.243025425634973047E+01
    0.167667168229876324E-10    0.601344371651005417E+03   -0.150179607546782257E+01    0.228073829805010897E+01    0.226870354178608302E+01
    0.181943065942927756E-10    0.601175945769425880E+03   -0.160710655012751458E+01    0.239658522154322640E+01    0.240515972558303304E+01
    0.191119205569699672E-10    0.601072538704122053E+03   -0.159528357310474611E+01    0.237863083708173750E+01    0.240604649066525056E+01
    0.194000667468671410E-10    0.601037610197485947E+03   -0.159508224851769320E+01    0.237263652998943719E+01    0.240758212622588985E+01
    0.206143351632789796E-10    0.600911189779743609E+03   -0.150202929675853381E+01    0.228026688975849945E+01    0.226959441003230999E+01
    0.211145849421100612E-10    0.600858235148379322E+03   -0.156924805583372917E+01    0.227811581177842903E+01    0.237103363733187145E+01
    0.212029708326624488E-10    0.600844880599780367E+03   -0.154299431072226256E+01    0.237697771580794681E+01    0.231713903182128433E+01
    0.259761111618153117E-10    0.600433808582340930E+03   -0.153463126404916084E+01    0.235366041934543313E+01    0.229655876782296531E+01
    0.270137278080146198E-10    0.600350472862477432E+03   -0.154595595573239475E+01    0.234736285613247553E+01    0.231230269598140126E+01
    0.288978033943081382E-10    0.600210632040508244E+03   -0.153267848175986998E+01    0.233629686329725539E+01    0.229472385388783628E+01
    0.314122157369005473E-10    0.600038769503800495E+03   -0.161498167099635670E+01    0.234674001871794236E+01    0.243982589861023769E+01
    0.362729219278744272E-10    0.599746020189713590E+03   -0.151291608206295392E+01    0.229692625298730047E+01    0.229534183491995059E+01
    0.364008864090359978E-10    0.599733976958247467E+03   -0.157153611889413769E+01    0.233129425755859865E+01    0.238189412966716851E+01
    0.393214420451808168E-10    0.599574623272324743E+03   -0.158478827443219439E+01    0.228818176497514614E+01    0.239989160690721803E+01
    0.397343226768852575E-10    0.599548732480254671E+03   -0.155806756588315398E+01    0.227704501069312260E+01    0.235264721005743915E+01
    0.399489462320034894E-10    0.599532958621347007E+03   -0.151292096021285816E+01    0.229074782533958077E+01    0.227812564637355308E+01
    0.398932191713906284E-10    0.599530750482984445E+03   -0.152920796275261228E+01    0.235934673528428140E+01    0.229101527777333658E+01
    0.423885816941699281E-10    0.599404405158124064E+03   -0.161241097671773503E+01    0.231393561600783482E+01    0.243171082185898513E+01
    0.452196253444187848E-10    0.599270100847450522E+03   -0.154816629662715277E+01    0.228464263660515376E+01    0.233200968761593330E+01
    0.458365774394322122E-10    0.599237998397872275E+03   -0.150729485810562025E+01    0.227666799350278382E+01    0.228404104552303977E+01
    0.546352064027704187E-10    0.598881806249004285E+03   -0.155609288443135174E+01    0.234591506715004039E+01    0.235469317317859961E+01
    0.553437247826028257E-10    0.598851036652067592E+03   -0.160691327113543747E+01    0.231490718001705176E+01    0.243039614644702695E+01
    0.606653186867484611E-10    0.598662418853307713E+03   -0.157655393673676891E+01    0.232782340721229364E+01    0.236202058907028700E+01
    0.658375565727984956E-10    0.598493782322556171E+03   -0.159243337352221959E+01    0.239809070977481298E+01    0.239191899705667055E+01
    0.676441885916289512E-10    0.598434640316961236E+03   -0.160522612793475639E+01    0.231653538936237746E+01    0.242863666151235513E+01
    0.700505332533754226E-10    0.598359729440289129E+03   -0.160739270325700190E+01    0.235445774024738519E+01    0.240768113700292474E+01
    0.711334883028526534E-10    0.598324046753182529E+03   -0.150758035401954693E+01    0.232049202161603185E+01    0.228006088167285270E+01
    0.716797153023768311E-10    0.598303747616987494E+03   -0.155542223849355921E+01    0.230302066284332296E+01    0.236141958892441650E+01
    0.729723222520438364E-10    0.598263002766689738E+03   -0.151984339673527824E+01    0.229554010574243073E+01    0.230671514703431768E+01
    0.774406972007338075E-10    0.598139138318660116E+03   -0.153998250759312283E+01    0.227547944456149276E+01    0.233716630485751686E+01
    0.805732693417882692E-10    0.598054829313488199E+03   -0.162625010411329685E+01    0.234871616192125021E+01    0.244692147092582069E+01
    0.877297765048863245E-10    0.597879640473525910E+03   -0.149352026719513820E+01    0.230379710931850656E+01    0.225523774660667975E+01
    0.887363381053160164E-10    0.597851824251403968E+03   -0.150106905274857105E+01    0.228237873457733409E+01    0.226974205668097184E+01
    0.889811436491529852E-10    0.597841314254384883E+03   -0.155202314859194734E+01    0.238211619700747468E+01    0.232944444790847527E+01
    0.899623684340727738E-10    0.597814380301973301E+03   -0.159526885381459183E+01    0.238973648843901421E+01    0.238602767016866046E+01
    0.923201647836087593E-10    0.597757638035381092E+03   -0.161306392975013213E+01    0.236567624194792270E+01    0.243371922518556438E+01
    0.926158160544535073E-10    0.597746243357149751E+03   -0.151944741094701929E+01    0.234302113010901092E+01    0.227795077991730999E+01
    0.979496228333478482E-10    0.597629256623174570E+03   -0.160607978874317237E+01    0.236452841229264710E+01    0.240422148609961539E+01
    0.993030139227036461E-10    0.597596811366174279E+03   -0.157684128519398992E+01    0.234663849365691091E+01    0.235907602259527671E+01
    0.110675450271121031E-09    0.597374959116696004E+03   -0.159228111376871651E+01    0.233234366610131216E+01    0.241114741720221915E+01
    0.110753067292275479E-09    0.597368557002366970E+03   -0.156302402147538100E+01    0.228673979332145905E+01    0.235506266455407776E+01
    0.113048264627479340E-09    0.597322533514494125E+03   -0.156981341680344344E+01    0.237319444726573314E+01    0.236743689204782548E+01
    0.114543094653060142E-09    0.597291260961333478E+03   -0.153707939236166902E+01    0.231271255076853910E+01    0.230576702201777017E+01
    0.117197718657653572E-09    0.597240438387582799E+03   -0.161241245618429407E+01    0.231615157195604171E+01    0.243307358669498264E+01
    0.117982510142815192E-09    0.597222090422030192E+03   -0.159280890268104458E+01    0.232779087613034630E+01    0.241233948179152158E+01
    0.120971451331819587E-09    0.597167054054028540E+03   -0.160463229518936434E+01    0.239996598795069138E+01    0.240596628368400012E+01
    0.130547829686729155E-09    0.597009683869486139E+03   -0.156821750049874220E+01    0.239018017944290984E+01    0.234814050443335098E+01
    0.153890693440881842E-09    0.596675678075638757E+03   -0.161471417263430195E+01    0.232247586527997285E+01    0.243207753181285113E+01
    0.163574167093665918E-09    0.596548630193032523E+03   -0.152862043445707063E+01    0.230618618377916107E+01    0.231924524040938884E+01
    0.165047786345699577E-09    0.596525693118359300E+03   -0.160108055316226672E+01    0.231271892260620771E+01    0.240876141743695271E+01
    0.166131982252478625E-09    0.596507598118207170E+03   -0.161554199755594419E+01    0.232587768242101234E+01    0.243188344896596220E+01
    0.170123903737904548E-09    0.596455109176556107E+03   -0.152857081583006282E+01    0.230235773563575297E+01    0.229653968059393421E+01
    0.176643306139461364E-09    0.596374898251261584E+03   -0.151334264102374316E+01    0.233016672763280175E+01    0.227090362387160738E+01
    0.180723019776672204E-09    0.596324232047296164E+03   -0.157180013784845918E+01    0.228202246093031125E+01    0.237437473817158207E+01
    0.191905367512658246E-09    0.596199158464762036E+03   -0.151015993594333864E+01    0.229167479215774295E+01    0.227509588374151583E+01
    0.191851707623907128E-09    0.596194717775769732E+03   -0.158334549018808257E+01    0.239290645337694885E+01    0.237957199975624967E+01
    0.201891565579988936E-09    0.596087701712311286E+03   -0.153637197962672323E+01    0.233271622606420559E+01    0.230110136651466846E+01
    0.213002147814924426E-09    0.595975558712139559E+03   -0.161427242419249506E+01    0.238946211622919247E+01    0.241896818192151741E+01
    0.225116352579613476E-09    0.595859928428495664E+03   -0.150386511208238671E+01    0.232995911348308571E+01    0.226284720285520180E+01
    0.227433616290015032E-09    0.595834446412167608E+03   -0.149850957899944026E+01    0.231907864335626268E+01    0.225920098882554932E+01
    0.235318228029982925E-09    0.595761285690885757E+03   -0.158530499097316158E+01    0.238101818886822780E+01    0.238872192404233985E+01
    0.235862323983976501E-09    0.595751666687036732E+03   -0.161335883929862778E+01    0.232817533109761454E+01    0.243721821850241582E+01
    0.242950916842972121E-09    0.595687444341457649E+03   -0.159891007560018084E+01    0.230805029632729397E+01    0.240728753281940655E+01
    0.262863037054298642E-09    0.595524896960988031E+03   -0.154905143152204361E+01    0.236795999132639379E+01    0.231777473619906083E+01
    0.272573195131379738E-09    0.595447348842689166E+03   -0.159200417925267379E+01    0.231309691340199786E+01    0.239252227477348356E+01
    0.275423910331882606E-09    0.595421540404926873E+03   -0.156202264354091636E+01    0.227707474183190239E+01    0.236323412131500632E+01
    0.292869786199457297E-09    0.595293707021665682E+03   -0.149815070009519147E+01    0.229209344063739628E+01    0.226232437603203884E+01
    0.314794478244170552E-09    0.595144323258995087E+03   -0.159302027757907672E+01    0.231943557341765372E+01    0.241276842044289630E+01
    0.329509301027432784E-09    0.595047954048243014E+03   -0.153689088099257987E+01    0.230799890889586035E+01    0.230716613450682395E+01
    0.337742732039339794E-09    0.594993594295032381E+03   -0.155703201316553352E+01    0.235714783439237729E+01    0.232861351289716190E+01
    0.347904295054252721E-09    0.594929308355254534E+03   -0.152175929883459049E+01    0.233806671112892328E+01    0.228136921613253918E+01
    0.354240194903707542E-09    0.594888212811287872E+03   -0.158078072893909316E+01    0.231499159201185023E+01    0.237304331773958310E+01
    0.386529147252418520E-09    0.594708748653702969E+03   -0.157797062577610392E+01    0.230432379959747724E+01    0.237222076949701766E+01
    0.393412400150250306E-09    0.594668446358890037E+03   -0.160602650495190513E+01    0.234491791451011755E+01    0.240794947527668413E+01
    0.402313036363871943E-09    0.594618702244704991E+03   -0.161765171880958536E+01    0.235428472613958029E+01    0.244040507786002436E+01
    0.407248835800798768E-09    0.594589314433145546E+03   -0.160983560966758432E+01    0.237137187903049318E+01    0.242724898455482929E+01
    0.428464012296779119E-09    0.594482749712321379E+03   -0.151272204423315171E+01    0.228431397970683392E+01    0.229389974660794493E+01
    0.447737963112297151E-09    0.594389746895683288E+03   -0.156864505533873810E+01    0.229015954170013902E+01    0.236335086323040855E+01
    0.454374473160659407E-09    0.594355319833121484E+03   -0.152441208939873141E+01    0.231485209777993362E+01    0.231024377326382258E+01
    0.461351587981355272E-09    0.594319842378632188E+03   -0.151861617598670495E+01    0.228773143206638485E+01    0.228858651871492214E+01
    0.463527831886576778E-09    0.594305430349886251E+03   -0.156551725726832625E+01    0.235308508329550525E+01    0.234152589393424826E+01
    0.488604186697278125E-09    0.594195057755634366E+03   -0.155633823263669746E+01    0.227990228493725233E+01    0.234966192169333787E+01
    0.502601233919124564E-09    0.594133569050376309E+03   -0.152366232008464353E+01    0.232409592681362298E+01    0.228521676310393396E+01
    0.519908452366496771E-09    0.594060857724863126E+03   -0.156380198520993430E+01    0.229309796039409797E+01    0.237278690208805365E+01
    0.524666999044120614E-09    0.594037635663110564E+03   -0.151720309177340651E+01    0.227728886935522779E+01    0.229946742030242568E+01
    0.530807095108597373E-09    0.594009365872353555E+03   -0.157225864340856170E+01    0.237714071498422053E+01    0.236898427371844633E+01
    0.539343240917801743E-09    0.593972458853054377E+03   -0.161615252202484272E+01    0.234024819328288647E+01    0.242820482264160376E+01
    0.572622350381275832E-09    0.593847710360630003E+03   -0.157482929691383999E+01    0.233760976325977854E+01    0.235809016358627765E+01
    0.597528342178193564E-09    0.593757559776155858E+03   -0.160668073440982839E+01    0.231899769643447362E+01    0.241769714322491680E+01
    0.606449603619648255E-09    0.593722919948438971E+03   -0.161733561752210031E+01    0.237057507581447036E+01    0.243655350160894457E+01
    0.644766763608650674E-09    0.593595385921548996E+03   -0.151333362821068529E+01    0.233489655235253490E+01    0.228338653017764948E+01
    0.694054810821113780E-09    0.593443061339699739E+03   -0.155768336849396394E+01    0.238302294381701296E+01    0.233522269938929838E+01
    0.708952796274436093E-09    0.593395585317885889E+03   -0.162322569302191533E+01    0.236124425343050603E+01    0.244394358911047149E+01
    0.716215442636293566E-09    0.593370201172259385E+03   -0.156880153169425407E+01    0.228352577600467876E+01    0.236877235650809581E+01
    0.752415141746359358E-09    0.593266586767091326E+03   -0.152427802373050936E+01    0.234030624372271889E+01    0.228495128436214046E+01
    0.761149759581141555E-09    0.593238502947447955E+03   -0.158216717816445462E+01    0.234905689569169640E+01    0.239303161600510528E+01
    0.778430265771568237E-09    0.593188604386442648E+03   -0.151805709973232594E+01    0.234109519625798512E+01    0.227784676081316206E+01
    0.784232580637168236E-09    0.593168751940069342E+03   -0.161956509576109831E+01    0.238329904187154051E+01    0.243269176295880563E+01
    0.803790831590364276E-09    0.593114485059496928E+03   -0.159746340879483939E+01    0.236219236287958223E+01    0.239103654715464842E+01
    0.859102238790610981E-09    0.592976387339507596E+03   -0.160657082677744500E+01    0.237826979053587895E+01    0.242031526219015625E+01
    0.865703283564535551E-09    0.592956078768386078E+03   -0.153758070817647896E+01    0.227384203191602818E+01    0.232754232109821757E+01
    0.876958018309535349E-09    0.592925244967597109E+03   -0.153163479692840321E+01    0.232252077732404549E+01    0.229668445965287304E+01
    0.881202006699243895E-09    0.592910589426412344E+03   -0.161099522266001571E+01    0.238725647550901776E+01    0.241405665381321732E+01
    0.885194769899383065E-09    0.592896547811180085E+03   -0.154077222758479948E+01    0.227514673381313948E+01    0.232975729112201435E+01
    0.978336433965139663E-09    0.592691455984954928E+03   -0.156856898281335044E+01    0.238875429961384000E+01    0.235143674113315448E+01
    0.978674278008396755E-09    0.592685765454147827E+03   -0.156500261774465099E+01    0.233530086907348933E+01    0.237011574048456630E+01
    0.101193336334697140E-08    0.592613927208364203E+03   -0.152733191862136741E+01    0.228627691985557702E+01    0.231772764148250054E+01
    0.105461932588252273E-08    0.592526292906235994E+03   -0.152693154229388073E+01    0.227485032615475591E+01    0.231285032727721784E+01
    0.116460318870269236E-08    0.592322891815886578E+03   -0.156541657235410581E+01    0.237630618666795179E+01    0.234182958905527272E+01
    0.123302774117919404E-08    0.592203707207052844E+03   -0.162197654723357321E+01    0.237454837497422933E+01    0.243703838464481670E+01
    0.124003084719914139E-08    0.592187380140606592E+03   -0.160688442103272400E+01    0.234957029704658016E+01    0.242727799686550938E+01
    0.128288062269778969E-08    0.592114436581043833E+03   -0.152962533462683847E+01    0.228923417495974446E+01    0.230393018396286209E+01
    0.134462595297881190E-08    0.592015420907765019E+03   -0.152247565146618946E+01    0.235213634788285120E+01    0.228838304232821699E+01
    0.134716163784349712E-08    0.592006652875512714E+03   -0.157325336969518270E+01    0.234912670210650276E+01    0.235416932314863558E+01
    0.139999425519222754E-08    0.591924716386411433E+03   -0.153638474313627715E+01    0.235341030321668265E+01    0.231745617774736701E+01
    0.140957883523416913E-08    0.591906070730057991E+03   -0.156726416827614545E+01    0.232027264996223526E+01    0.235041156144691143E+01
    0.141400013593852487E-08    0.591894807325544889E+03   -0.155068071553304754E+01    0.232210699698096912E+01    0.235055103878197791E+01
    0.141650168482939191E-08    0.591886272193330683E+03   -0.155408466635599396E+01    0.230640184277697058E+01    0.233398260507759758E+01
    0.144871535576274637E-08    0.591836298248381354E+03   -0.157988733940974369E+01    0.239192606699146726E+01    0.236687371337192687E+01
    0.145094671720947240E-08    0.591828220149167009E+03   -0.155316333898081171E+01    0.232529434642306798E+01    0.235378569368761781E+01
    0.147903528095313391E-08    0.591784872576680755E+03   -0.161771942837538019E+01    0.236140395176658924E+01    0.243824941963683628E+01
    0.155038643898074176E-08    0.591685644222111478E+03   -0.158175485749267475E+01    0.237028122776611649E+01    0.238622241742573848E+01
    0.163611995113897406E-08    0.591572997542248913E+03   -0.156799875466212324E+01    0.236747915347197768E+01    0.234512003338066144E+01
    0.184127899971274806E-08    0.591331731775399930E+03   -0.160892049108574287E+01    0.232859871490336623E+01    0.241889105590204068E+01
    0.190924045797322004E-08    0.591254241658797014E+03   -0.159181470953498727E+01    0.236095362679595056E+01    0.238232329719555480E+01
    0.190621884971531928E-08    0.591252409412554471E+03   -0.158198146052691824E+01    0.239174713609536749E+01    0.237527748745660361E+01
    0.192695049025570237E-08    0.591225775259872421E+03   -0.158931746750826353E+01    0.238585983119572287E+01    0.237841673660413910E+01
    0.193520560427141326E-08    0.591212225500219802E+03   -0.150086777992603104E+01    0.229904547098344159E+01    0.226957806592185207E+01
    0.198554266902554965E-08    0.591155868129417058E+03   -0.156239097259170912E+01    0.231412010376149180E+01    0.234462022622473398E+01
    0.198854887701483721E-08    0.591147842322358656E+03   -0.158455019252400620E+01    0.229332309194861272E+01    0.239759661543613234E+01
    0.214756987138791425E-08    0.590988978831769373E+03   -0.160538194138522528E+01    0.232686413311110973E+01    0.241282724657996894E+01
    0.214907264884759174E-08    0.590982579806820013E+03   -0.159217896445868279E+01    0.238905575609495990E+01    0.239406429202140458E+01
    0.224360276251139011E-08    0.590891486752895844E+03   -0.156476299596430923E+01    0.231396950574739835E+01    0.234842459403375337E+01
    0.225427045056547065E-08    0.590876999862046887E+03   -0.158613671286930780E+01    0.236134323188176909E+01    0.237325969878786580E+01
    0.229885719460644160E-08    0.590832828397682533E+03   -0.150733714697627619E+01    0.232205642183515071E+01    0.226654143848542233E+01
    0.242947572831764861E-08    0.590717301683945379E+03   -0.152892440863567280E+01    0.227590775890216834E+01    0.231372026785536278E+01
    0.244111183338759344E-08    0.590702745442887817E+03   -0.157464459984629190E+01    0.228874624454482634E+01    0.238484292194199199E+01
    0.250005030083445025E-08    0.590650030948757717E+03   -0.151638034312628034E+01    0.228165103464430086E+01    0.229784400196725258E+01
    0.257932280705477881E-08    0.590582598879579905E+03   -0.160398957337775894E+01    0.232113785796896055E+01    0.242494040715196491E+01
    0.259630986046598217E-08    0.590564470347862425E+03   -0.150431780535433202E+01    0.230653501798672300E+01    0.226537059479168867E+01
    0.267736536299823260E-08    0.590497986177806752E+03   -0.159279810018794521E+01    0.232990286452168061E+01    0.238968994941071600E+01
    0.298383892866797937E-08    0.590276231247656369E+03   -0.160441827783056201E+01    0.233734097636920035E+01    0.242511935508033183E+01
    0.316619050489627018E-08    0.590152594389254091E+03   -0.161604566741610922E+01    0.238289936467207530E+01    0.242596658652272623E+01
    0.336357782983672295E-08    0.590026642177260669E+03   -0.155718466174824588E+01    0.237800768852525879E+01    0.233274916031642476E+01
    0.335888690011484867E-08    0.590024433374044406E+03   -0.153692530300249253E+01    0.228673425836823130E+01    0.233201413231211774E+01
    0.348113371583396852E-08    0.589947936610481634E+03   -0.150247560555949167E+01    0.229816214119424522E+01    0.226658970220617917E+01
    0.351448713799179077E-08    0.589923865436910205E+03   -0.160216295653824736E+01    0.239270935653825223E+01    0.240458317973388347E+01
    0.351516372653407721E-08    0.589918480445645400E+03   -0.150591396347778761E+01    0.229117250273760842E+01    0.227314069558693710E+01
    0.352847051327179288E-08    0.589905923663384669E+03   -0.160489201788013558E+01    0.239023037853792220E+01    0.241092577458919166E+01
    0.360148474254918399E-08    0.589859960274923310E+03   -0.156402984083294871E+01    0.228226465466496631E+01    0.236368231261554129E+01
    0.362952334049312546E-08    0.589839449995777159E+03   -0.155890685259882744E+01    0.237786515278421717E+01    0.233469951402723375E+01
    0.368548563604543134E-08    0.589803848044336632E+03   -0.159701027275862750E+01    0.238458167185912773E+01    0.239092596059438556E+01
    0.388943906831405201E-08    0.589691122755056881E+03   -0.152545515847666668E+01    0.227790008828844837E+01    0.231094143595898061E+01
    0.391569315904588828E-08    0.589672667920988943E+03   -0.154069246525585823E+01    0.231813356358466383E+01    0.231117220943231416E+01
    0.400341617566850776E-08    0.589623356571670683E+03   -0.160256788812942297E+01    0.233451019800861825E+01    0.242285461947813019E+01
    0.410407710691574904E-08    0.589568690860915012E+03   -0.160842891425942902E+01    0.235706833124025517E+01    0.241135772713864149E+01
    0.419245257314264072E-08    0.589521080848085035E+03   -0.152195461069526727E+01    0.234034106958152366E+01    0.228339576344373185E+01
    0.426849081366282410E-08    0.589480132002082996E+03   -0.160154182954750990E+01    0.235433910399174140E+01    0.241871388196479842E+01
    0.428463036676723105E-08    0.589467584080373513E+03   -0.158986005368824124E+01    0.233531333086794746E+01    0.238365370940247523E+01
    0.433698482361739815E-08    0.589438293921636955E+03   -0.150070258340240148E+01    0.230451170954796236E+01    0.226437015949929155E+01
    0.457885508550421660E-08    0.589324754681679451E+03   -0.154699040695051360E+01    0.228144256512939902E+01    0.234568330443908479E+01
    0.485067302311462573E-08    0.589204417726819543E+03   -0.158385710516512201E+01    0.237115108744424408E+01    0.236959784776000149E+01
    0.486112959637159832E-08    0.589195110976483988E+03   -0.158135563014354608E+01    0.229352593299962626E+01    0.239352899105591277E+01
    0.493671320951604065E-08    0.589159253117652156E+03   -0.159107933395072232E+01    0.233329091682362399E+01    0.238623077648888859E+01
    0.513198782989003691E-08    0.589076666502100693E+03   -0.156969933861274691E+01    0.237773561924444410E+01    0.234904588794662139E+01
    0.539729359889956564E-08    0.588970857367676899E+03   -0.152562698166208133E+01    0.233830952494773747E+01    0.228786362056318993E+01
    0.540250676892359656E-08    0.588963926528123807E+03   -0.160397403615743084E+01    0.233636291729768075E+01    0.242428269576264910E+01
    0.548937549708920450E-08    0.588927023660280611E+03   -0.154680665772875781E+01    0.237173978268327579E+01    0.232352395996175431E+01
    0.550425308159920644E-08    0.588916610490830408E+03   -0.160880184197177956E+01    0.236553595803906003E+01    0.241122761811168651E+01
    0.570057963836267562E-08    0.588841516931546380E+03   -0.157855269435289891E+01    0.235289298711228323E+01    0.236257250673445540E+01
    0.581577578926636153E-08    0.588796504275145139E+03   -0.156818229199932069E+01    0.238543180875635974E+01    0.235106083589308845E+01
    0.582752789237337344E-08    0.588787466896263936E+03   -0.150851197486447464E+01    0.232660041150688235E+01    0.226918680011149299E+01
    0.614971213305791553E-08    0.588674842106588585E+03   -0.156822577577146349E+01    0.236683336071184636E+01    0.234614013949801681E+01
    0.621633934154183077E-08    0.588648290246367878E+03   -0.161772555926508677E+01    0.237513259390264908E+01    0.243207683458146917E+01
    0.626422543682287944E-08    0.588627942758135532E+03   -0.161116749261286762E+01    0.232618153434848152E+01    0.242679481444810996E+01
    0.635256967366817099E-08    0.588594933844638263E+03   -0.150684594246795012E+01    0.231775043233782041E+01    0.227593784641022800E+01
    0.683605845540232029E-08    0.588443230020110946E+03   -0.150916942356202410E+01    0.228958152204147192E+01    0.228493215026913710E+01
    0.681917889260854946E-08    0.588443174517511011E+03   -0.161014944353629708E+01    0.237686558580823570E+01    0.241351027974952181E+01
    0.683547396490964867E-08    0.588433401029614515E+03   -0.157003264183112301E+01    0.236354461576126029E+01    0.236942352430640213E+01
    0.723530129223782484E-08    0.588314708646917097E+03   -0.154572470532331230E+01    0.234298538631228981E+01    0.233675879209700277E+01
    0.754584606828334507E-08    0.588225658208329264E+03   -0.152586915368441955E+01    0.235259255940408707E+01    0.229310826505810184E+01
    0.865069631403764540E-08    0.587947373019895508E+03   -0.158171392299326952E+01    0.231791644305423583E+01    0.237515255873731235E+01
    0.868078109287053839E-08    0.587935429628205725E+03   -0.160118004475154030E+01    0.233434838562387448E+01    0.242066147691263822E+01
    0.919197499081402777E-08    0.587815991013194548E+03   -0.157470693132217754E+01    0.236930506302553390E+01    0.237461241730781225E+01
    0.939913369157940055E-08    0.587766417603651462E+03   -0.152919627059309393E+01    0.230781332382679283E+01    0.229772851233281017E+01
    0.939130520264164516E-08    0.587763084087214679E+03   -0.153151545318201388E+01    0.231378742419853989E+01    0.229944490630076714E+01
    0.975084599042452875E-08    0.587682944553780089E+03   -0.159194848438559888E+01    0.230078904083791214E+01    0.240397834474215522E+01
    0.984431407760536494E-08    0.587658864577756731E+03   -0.161929766070020875E+01    0.236592435830959369E+01    0.243486761501661420E+01
    0.992570452248569804E-08    0.587637397035394088E+03   -0.160220724666219438E+01    0.233653721342108511E+01    0.240500638253717369E+01
    0.101695216285467267E-07    0.587583862309875713E+03   -0.151288198442071398E+01    0.228524273451043447E+01    0.229021064011374342E+01
    0.101608828906044738E-07    0.587580561978655965E+03   -0.150751890176170167E+01    0.230659512306245729E+01    0.228029054348455595E+01
    0.107623823943828317E-07    0.587460538768082870E+03   -0.152456538604989733E+01    0.235018410210679152E+01    0.229285851447037103E+01
    0.107542949143153659E-07    0.587457042249374467E+03   -0.151077978795329360E+01    0.229230116950844165E+01    0.228783370958190702E+01
    0.114906320766397283E-07    0.587319588450029983E+03   -0.152913126224746043E+01    0.233049967296480709E+01    0.231248975419378411E+01
    0.115766347690609133E-07    0.587299675007272413E+03   -0.160567455860006758E+01    0.233477869918184844E+01    0.242591978396760943E+01
    0.119104756891917883E-07    0.587237816006992716E+03   -0.154722495533612148E+01    0.235810311790431992E+01    0.233328646280158658E+01
    0.120077928373059639E-07    0.587216540968516938E+03   -0.161852190612387004E+01    0.236833019280073742E+01    0.243265518495792676E+01
    0.120231088036134073E-07    0.587208991589619586E+03   -0.157525488936423930E+01    0.229904490567745823E+01    0.238692716876825983E+01
    0.125201276695182190E-07    0.587122977527037051E+03   -0.151669779140867900E+01    0.231760330378225321E+01    0.229445468730202862E+01
    0.125880288362641018E-07    0.587107160112821475E+03   -0.159012917325934655E+01    0.230514678653075311E+01    0.239552375298095654E+01
    0.126479742352675818E-07    0.587092658527078129E+03   -0.158346691822586116E+01    0.237944118411658412E+01    0.238402771656574330E+01
    0.127669747715805306E-07    0.587068929171225818E+03   -0.160920045133553513E+01    0.234759923441920426E+01    0.242892740939634422E+01
    0.128592810310861139E-07    0.587049521033036626E+03   -0.160545349685404437E+01    0.233307533990440596E+01    0.241216252897194572E+01
    0.130075707971447233E-07    0.587021589538845433E+03   -0.160090335045731291E+01    0.231789530209761852E+01    0.240954099603891336E+01
    0.130469250829594725E-07    0.587010547692413297E+03   -0.159910019515585411E+01    0.230912466639045721E+01    0.241448652675406272E+01
    0.130519649417419495E-07    0.587004775267403602E+03   -0.155692267986729438E+01    0.233461034397600598E+01    0.233240719595051260E+01
    0.133669024752460298E-07    0.586952089278711810E+03   -0.160549560187563412E+01    0.231992948282357725E+01    0.242420982832249621E+01
    0.136186869520133920E-07    0.586909766872366163E+03   -0.155207864352334712E+01    0.231734685181446443E+01    0.235259535089129557E+01
    0.148559556943920727E-07    0.586730850969352105E+03   -0.150662405888433781E+01    0.232008377284826706E+01    0.227283634877009888E+01
    0.160317831469699816E-07    0.586573506255670509E+03   -0.158589600878539327E+01    0.238297410835968648E+01    0.238587041685164891E+01
    0.164437831828551915E-07    0.586517757685236802E+03   -0.151834367571802131E+01    0.233989370758525705E+01    0.228723669934538343E+01
    0.167331674075117881E-07    0.586477867008579324E+03   -0.160787331051832583E+01    0.238571015159494459E+01    0.241326280712510943E+01
    0.175020481730995031E-07    0.586383016827680990E+03   -0.151298054091845735E+01    0.228637487692322550E+01    0.228978003390501428E+01
    0.175232825132101404E-07    0.586375591800730945E+03   -0.154891104813510649E+01    0.236854960087364752E+01    0.232993545735403096E+01
    0.176275612759950779E-07    0.586358725335240365E+03   -0.155433818308745630E+01    0.236315902166631497E+01    0.234308481928000845E+01
    0.188688300291965843E-07    0.586217629941116911E+03   -0.153830159646514320E+01    0.229445344962233788E+01    0.231585928047114464E+01
    0.190253578054510887E-07    0.586196107231387600E+03   -0.158332965364209843E+01    0.233770558322684829E+01    0.239558922509482031E+01
    0.193946174603967212E-07    0.586152661498613156E+03   -0.161528478620361549E+01    0.234956538093079637E+01    0.243464937151826710E+01
    0.198170192601922234E-07    0.586104570398594433E+03   -0.154156552971125804E+01    0.230865710357496789E+01    0.233736881088469772E+01
    0.199994197798487792E-07    0.586081246128517478E+03   -0.152390833953381999E+01    0.228514571032236091E+01    0.230954776616021995E+01
    0.210009983062647831E-07    0.585978512702794546E+03   -0.154788592285086368E+01    0.228852374953530591E+01    0.234738579482070620E+01
    0.228910228604914406E-07    0.585801163015015504E+03   -0.160875160187273547E+01    0.232794849133980275E+01    0.242793564014051100E+01
    0.233092976158062562E-07    0.585759948012205427E+03   -0.157282229796055262E+01    0.238353027941308637E+01    0.236290277350766686E+01
    0.234177584979984669E-07    0.585745663363353060E+03   -0.158974361066901193E+01    0.237164313182515407E+01    0.237977541134656434E+01
    0.236974785880112420E-07    0.585716915345188909E+03   -0.152064615454384566E+01    0.230336559506739924E+01    0.228783938187397951E+01
    0.238387805308831856E-07    0.585700025275447160E+03   -0.150721961990280429E+01    0.229448031020736254E+01    0.227923735134314853E+01
    0.243305784440099187E-07    0.585654184789886131E+03   -0.158070958379394311E+01    0.237255505881516848E+01    0.238224635874896506E+01
    0.242710897376404930E-07    0.585654080814101235E+03   -0.160187553834254892E+01    0.232107983321627520E+01    0.242066829465123945E+01
    0.257311718084427768E-07    0.585532246317261865E+03   -0.156591403975489785E+01    0.238188884643051946E+01    0.234969135605321178E+01
    0.259542840053423525E-07    0.585509979286973476E+03   -0.156671580640566011E+01    0.229275745082195215E+01    0.237417042616914920E+01
    0.266427950211003913E-07    0.585452615136012469E+03   -0.151619693242063303E+01    0.231786217540403028E+01    0.229293923657381704E+01
    0.272949807852961212E-07    0.585399246990230267E+03   -0.155589943364886496E+01    0.228209656897676449E+01    0.235457115195140432E+01
    0.288867159860058722E-07    0.585280888982805891E+03   -0.157392461122077876E+01    0.230660701274525293E+01    0.238505691545854326E+01
    0.316343533970062025E-07    0.585094165326951611E+03   -0.154285593405850285E+01    0.228155233544431013E+01    0.233745819301848279E+01
    0.327259818473783401E-07    0.585021314024125672E+03   -0.156353574192057976E+01    0.229015871293612427E+01    0.235801302185719486E+01
    0.334350052198874961E-07    0.584973445829515867E+03   -0.151249866194789706E+01    0.231756269310661844E+01    0.227475245401607751E+01
    0.336973262268385387E-07    0.584952815665247044E+03   -0.153023241024060042E+01    0.230118288960665618E+01    0.230194756049440841E+01
    0.345711065410297018E-07    0.584896616128510459E+03   -0.155019933947236410E+01    0.237117698268665622E+01    0.232869044762961508E+01
    0.366082621266061504E-07    0.584777104740577215E+03   -0.157875097130802078E+01    0.229518241251566524E+01    0.238906896285613257E+01
    0.387739647639647657E-07    0.584657154632443849E+03   -0.160702579299157255E+01    0.236651830792132190E+01    0.240945822847702651E+01
    0.391325678284651261E-07    0.584633742538605929E+03   -0.157655111899085432E+01    0.233572626793076132E+01    0.238580064490612287E+01
    0.396328534562969773E-07    0.584603335838688281E+03   -0.156850947887867931E+01    0.229688907965921851E+01    0.237693061980664666E+01
    0.405031066204587703E-07    0.584554895297071312E+03   -0.159294992678953995E+01    0.234915660721175223E+01    0.238722524826686566E+01
    0.404534707967891193E-07    0.584552347763886132E+03   -0.161551724057102986E+01    0.235814899669097677E+01    0.243267156371593352E+01
    0.408404378445475780E-07    0.584528307224344189E+03   -0.161548074749367254E+01    0.236391865684510760E+01    0.242671710321801903E+01
    0.417738086732836454E-07    0.584478113540009417E+03   -0.154177029257680465E+01    0.232006951760298818E+01    0.231337743821447894E+01
    0.418809993828270549E-07    0.584467988155314970E+03   -0.158659329162879414E+01    0.234034602496624045E+01    0.239941778255164273E+01
    0.426234407515364462E-07    0.584427843944117740E+03   -0.153584626230402477E+01    0.230149354165285258E+01    0.232874202464844160E+01
    0.425484382705220663E-07    0.584426366350868079E+03   -0.156857054295728515E+01    0.229051782596384124E+01    0.237532104026273316E+01
    0.430204065972373206E-07    0.584399303502471412E+03   -0.154624792811433531E+01    0.229712182992217251E+01    0.232710180086979967E+01
    0.431951544405055062E-07    0.584386196006308751E+03   -0.160162407889073588E+01    0.232603474694678880E+01    0.240837365620170374E+01
    0.439878918488698291E-07    0.584344823831178928E+03   -0.156355808800317897E+01    0.231894545244049777E+01    0.236918964663301423E+01
    0.444355791041588373E-07    0.584319571693331682E+03   -0.157953683537876688E+01    0.229857650910797018E+01    0.239106418290993616E+01
    0.443632708283325624E-07    0.584317828865777642E+03   -0.154043950199109902E+01    0.230562978381873895E+01    0.233556229785708958E+01
    0.442942094240706614E-07    0.584315944741303724E+03   -0.154194062458880765E+01    0.236450198816534352E+01    0.231456950521672056E+01
    0.448894165098635345E-07    0.584284248543791819E+03   -0.156281630179057363E+01    0.233279041466604564E+01    0.236574675713177207E+01
    0.447805841434196208E-07    0.584284103341119362E+03   -0.153028074104429490E+01    0.234173382384569528E+01    0.230945905894059322E+01
    0.451799007419706725E-07    0.584261348024586255E+03   -0.158587018325944662E+01    0.230550478394150771E+01    0.240004234327787280E+01
    0.461639987897495070E-07    0.584213252158084970E+03   -0.157678096640892562E+01    0.238432811081800988E+01    0.236819718301562432E+01
    0.467435854451465468E-07    0.584183298579586562E+03   -0.155932339996649283E+01    0.228395585222069908E+01    0.235866967416545137E+01
    0.471492584220319264E-07    0.584161016090974613E+03   -0.159781968427541488E+01    0.231966088792144864E+01    0.241555468426777864E+01
    0.471199170194509844E-07    0.584157261096179695E+03   -0.153086348122404514E+01    0.228819748845583382E+01    0.232069074146516385E+01
    0.497709582025581646E-07    0.584042789362172016E+03   -0.160644442222230355E+01    0.237162468969306239E+01    0.240852479878682679E+01
    0.509518416747522667E-07    0.583990890841322653E+03   -0.153208150209961325E+01    0.233767227959032375E+01    0.231429576954628402E+01
    0.512687569053487262E-07    0.583973489573852476E+03   -0.151760427054026925E+01    0.230075058960188850E+01    0.228529376262576456E+01
    0.517527538773983217E-07    0.583949697361265066E+03   -0.161346155333507335E+01    0.236364959920333639E+01    0.242250375671540574E+01
    0.533899153824055241E-07    0.583882408897538880E+03   -0.156358768612797339E+01    0.232240196777067576E+01    0.236866381679170779E+01
    0.571358808113717263E-07    0.583741788043171482E+03   -0.159481799033261695E+01    0.238020874753383804E+01    0.238921258227673583E+01
    0.583634104753680153E-07    0.583694274331719953E+03   -0.152379817826010466E+01    0.230556463880765694E+01    0.229198434442376531E+01
    0.603822024811028515E-07    0.583621263851547042E+03   -0.152471526603983687E+01    0.228279728513921798E+01    0.230631183998417022E+01
    0.604904433533879292E-07    0.583612681869851485E+03   -0.153860142796984922E+01    0.235981951965700398E+01    0.231407080917378494E+01
    0.617030724956973026E-07    0.583567985198751558E+03   -0.160825633756819042E+01    0.237079988133356245E+01    0.241210921095284903E+01
    0.617734206443586705E-07    0.583560706282190722E+03   -0.154415094012551490E+01    0.236570067920142746E+01    0.231777126339553163E+01
    0.622786279286910608E-07    0.583539416020700401E+03   -0.154300233365788153E+01    0.228125269630023642E+01    0.233554293059786922E+01
    0.623467202795609337E-07    0.583532230514826210E+03   -0.158284503547721345E+01    0.235199490544295520E+01    0.239138862326394985E+01
    0.626722886962211591E-07    0.583516813886017871E+03   -0.151690153681667428E+01    0.230539107467851556E+01    0.229643288131273771E+01
    0.625400677580778724E-07    0.583516037781838804E+03   -0.159187876398703243E+01    0.231418472152233790E+01    0.240799854454995454E+01
    0.663239544995061658E-07    0.583393550379558178E+03   -0.154131176628450284E+01    0.235049220127645553E+01    0.230970853706548240E+01
    0.663818050801059961E-07    0.583386806654660404E+03   -0.151152532617371005E+01    0.231265620405330274E+01    0.228475254998418364E+01
    0.675343301189985673E-07    0.583347380526881238E+03   -0.159051633569025785E+01    0.233973428829638364E+01    0.238517792455540700E+01
    0.692214854011646843E-07    0.583293030058549334E+03   -0.150702585063197869E+01    0.230255064354720007E+01    0.227406121923045212E+01
    0.719096686712795268E-07    0.583211831193655485E+03   -0.159903971460834993E+01    0.235840060458180423E+01    0.239660257093856366E+01
    0.752150405501573109E-07    0.583116950216222790E+03   -0.160394941631682908E+01    0.232536559180130808E+01    0.242197856243714682E+01
    0.801952017066832927E-07    0.582983725284790921E+03   -0.153481720972209734E+01    0.234250302394704457E+01    0.230125632383192524E+01
    0.809567770463507149E-07    0.582959821861695332E+03   -0.157024763701706505E+01    0.229340677640129442E+01    0.237774378632694727E+01
    0.840044551234370378E-07    0.582880912983527310E+03   -0.158631299983580121E+01    0.233728387859602327E+01    0.239916648777567687E+01
    0.843176240417133686E-07    0.582868470839723386E+03   -0.153126767040971834E+01    0.232216322177595691E+01    0.229849962457451973E+01
    0.857404902227150211E-07    0.582830002295362192E+03   -0.152989952145077002E+01    0.230818933212805177E+01    0.231796795739520611E+01
    0.899674811688876349E-07    0.582728756083383360E+03   -0.157406690952532702E+01    0.237384717424548608E+01    0.237013466135651285E+01
    0.928770705404502133E-07    0.582660099059508525E+03   -0.154275960018906266E+01    0.231013957789493185E+01    0.233828877155936077E+01
    0.983396418323141224E-07    0.582540798213087101E+03   -0.158804257803206950E+01    0.233033064799726253E+01    0.238342584662993140E+01
    0.981977950707405400E-07    0.582538685129461555E+03   -0.157830937395652882E+01    0.235562566432637199E+01    0.238344185160875632E+01
    0.102087078681804385E-06    0.582456000329477320E+03   -0.160891156022699477E+01    0.237421203808713033E+01    0.242002458265935161E+01
    0.104051590056512429E-06    0.582412878984006966E+03   -0.161023898197122373E+01    0.237589810070520624E+01    0.241898151037850795E+01
    0.103885932397447128E-06    0.582411065666086415E+03   -0.161028501191098616E+01    0.237560282010755452E+01    0.241842331298188640E+01
    0.105108482851266569E-06    0.582382666679135127E+03   -0.158371947595036966E+01    0.236785612574556925E+01    0.238774383069632989E+01
    0.109369207658141015E-06    0.582298193883326121E+03   -0.152679904125295951E+01    0.228676542659037718E+01    0.231282362868009272E+01
    0.109357886216222010E-06    0.582293400925658716E+03   -0.157349932136759274E+01    0.237744750974467856E+01    0.235694676375296552E+01
    0.111967470426442586E-06    0.582241235879793862E+03   -0.155775902240190600E+01    0.234397395449801094E+01    0.235472291011619994E+01
    0.115341037015834820E-06    0.582176866094580873E+03   -0.152162055168969168E+01    0.233571853554868669E+01    0.229485483656755029E+01
    0.118853819837086271E-06    0.582111863986221465E+03   -0.158194156317001156E+01    0.238277129581710145E+01    0.237726173329721391E+01
    0.125373288402962193E-06    0.582000061464032569E+03   -0.150859920543316095E+01    0.231476301133049400E+01    0.227405575078330635E+01
    0.137667205870169772E-06    0.581807974210733278E+03   -0.161221899634828603E+01    0.234253363103489720E+01    0.242636154284965855E+01
    0.140158177175266479E-06    0.581767109409188606E+03   -0.154363530217466494E+01    0.229247490990865055E+01    0.234013257781358242E+01
    0.142772748393450632E-06    0.581725144264543133E+03   -0.156402206186569215E+01    0.229781403066778012E+01    0.235552886979162679E+01
    0.142892079416053533E-06    0.581718473340888067E+03   -0.154304499563896735E+01    0.231199666120223934E+01    0.231786257487918412E+01
    0.148027117651511968E-06    0.581642861684058516E+03   -0.154534125849544335E+01    0.233941286413852634E+01    0.231603629397734423E+01
    0.149702774335359456E-06    0.581615349004992368E+03   -0.154871806366739695E+01    0.228694973056820405E+01    0.233746161805091290E+01
    0.151255264950132386E-06    0.581589714840983106E+03   -0.160169413296609586E+01    0.235213587707532046E+01    0.241715071061954490E+01
    0.151221093045625821E-06    0.581585166736197380E+03   -0.158477544983410312E+01    0.232040357418880161E+01    0.239850519681435337E+01
    0.153029088743252474E-06    0.581556396601115921E+03   -0.151686275004899018E+01    0.233314927104550618E+01    0.228483711438867942E+01
    0.155451132136636403E-06    0.581519989813885672E+03   -0.159371263793884532E+01    0.238489339034553804E+01    0.239138533352047133E+01
    0.160087574268804411E-06    0.581456210643411850E+03   -0.159110203993687493E+01    0.233504339397648719E+01    0.240571988040528950E+01
    0.162440149053412735E-06    0.581422033411952157E+03   -0.155945225959636402E+01    0.228915903071870730E+01    0.235353665064467066E+01
    0.163972330934675195E-06    0.581398257253213728E+03   -0.158031398859106398E+01    0.238072108244453906E+01    0.236809973649692296E+01
    0.163722657009822819E-06    0.581396304891808768E+03   -0.157771887515486142E+01    0.229536361349455476E+01    0.238512527501137939E+01
    0.165381924317459432E-06    0.581371137668850793E+03   -0.160960029196083809E+01    0.235617011485001049E+01    0.242575261631840178E+01
    0.166922731037522232E-06    0.581347590618877916E+03   -0.154201426836531819E+01    0.235322792870412556E+01    0.231149822561914320E+01
    0.166850082381963361E-06    0.581343461254876843E+03   -0.160308183204909627E+01    0.237791128126656126E+01    0.240445226320007599E+01
    0.167486684806801570E-06    0.581330844943939496E+03   -0.155538794059760965E+01    0.228735155189581141E+01    0.235556909583928586E+01
    0.176208942566327593E-06    0.581224311723614619E+03   -0.158700883889581323E+01    0.230325182635815384E+01    0.239433241116045181E+01
    0.181298557769827345E-06    0.581162362327185406E+03   -0.152195544687125861E+01    0.229599146834780310E+01    0.229387598320295893E+01
    0.183229916075345718E-06    0.581136169180242746E+03   -0.161279124447916455E+01    0.234664499732796061E+01    0.242784525512316485E+01
    0.183847010105684779E-06    0.581124444762905114E+03   -0.158872136780092221E+01    0.236643244217752935E+01    0.237953068224200592E+01
    0.189741459840107714E-06    0.581056327837103481E+03   -0.152675413010911476E+01    0.228496509420877825E+01    0.230819726490911137E+01
    0.190185046852511596E-06    0.581046657594768021E+03   -0.151558750535141207E+01    0.229567946155452507E+01    0.228635727175599257E+01
    0.190932048996996525E-06    0.581033817452101061E+03   -0.160791709122344151E+01    0.233616848460208715E+01    0.241888475808158354E+01
    0.199366516407785013E-06    0.580942362809366614E+03   -0.157559285300215102E+01    0.230748040040516766E+01    0.237055359491689366E+01
    0.205350179181999359E-06    0.580878219226826786E+03   -0.156581890718899963E+01    0.230324001485452756E+01    0.237260588442624432E+01
    0.211979826124302377E-06    0.580809670432062717E+03   -0.160935082025707787E+01    0.234512034563219851E+01    0.242657467827019246E+01
    0.227551757461862678E-06    0.580662897217083810E+03   -0.159298514820764825E+01    0.236767132903147060E+01    0.238659791667215693E+01
    0.228088904431538796E-06    0.580653181683432535E+03   -0.151725783838698325E+01    0.233301232261253677E+01    0.228413857108808216E+01
    0.230200505038770990E-06    0.580629751272371891E+03   -0.161046281815012460E+01    0.236535197629724658E+01    0.242376566262002946E+01
    0.232807466746480314E-06    0.580602229074776346E+03   -0.151989814312030114E+01    0.231678306436234482E+01    0.228520959413036806E+01
    0.232855542494725009E-06    0.580596816108768962E+03   -0.158645369756256605E+01    0.238317553284768158E+01    0.237902613386622264E+01
    0.232383287950433071E-06    0.580595876429409373E+03   -0.158143424681539280E+01    0.231922007419266230E+01    0.239380512539120360E+01
    0.240139720804737067E-06    0.580525210804835638E+03   -0.152382943515262959E+01    0.230413791786691702E+01    0.229345272859356619E+01
    0.241860322295649359E-06    0.580505931894914056E+03   -0.155803223251323475E+01    0.234516124055343766E+01    0.233402057031572241E+01
    0.242656736625527210E-06    0.580494356976384552E+03   -0.159561419203128696E+01    0.232931117021270895E+01    0.241179712492122000E+01
    0.244771337777760125E-06    0.580472003733684460E+03   -0.156873183384169224E+01    0.231756217428827815E+01    0.237608082145912647E+01
    0.247797565112830443E-06    0.580442428366510399E+03   -0.157990446872710066E+01    0.230566555222576630E+01    0.239138870812036686E+01
    0.260981156386792364E-06    0.580333756238839555E+03   -0.155250107506075707E+01    0.228596170081469774E+01    0.234565732008416461E+01
    0.260476941891915352E-06    0.580332623967837776E+03   -0.159150561892379194E+01    0.238231632582663666E+01    0.238652863284572625E+01
    0.261891673620373024E-06    0.580316790735170798E+03   -0.153491783339211318E+01    0.235425916088009979E+01    0.230538897056785252E+01
    0.264679218224909622E-06    0.580290615461812422E+03   -0.156627073404075823E+01    0.233361142761481055E+01    0.234816820094011547E+01
    0.265860225261313418E-06    0.580276711249304526E+03   -0.152762985848892496E+01    0.231647519180560568E+01    0.231193865191479020E+01
    0.272597396615502867E-06    0.580221660714734867E+03   -0.156334793321450194E+01    0.236643616931493872E+01    0.234158105733752464E+01
    0.277785576546502105E-06    0.580178953635381959E+03   -0.151500533719918118E+01    0.231004099787116202E+01    0.228095365648363213E+01
    0.279957387737671542E-06    0.580158377842895675E+03   -0.158066706515092825E+01    0.234836330572132512E+01    0.238828014711793557E+01
    0.282053157110809729E-06    0.580138461545634527E+03   -0.158971992620914504E+01    0.233087586339251240E+01    0.240397306220190288E+01
    0.285139693598847763E-06    0.580111694226446048E+03   -0.155192107885457586E+01    0.230547154266707066E+01    0.235218896635101515E+01
    0.286553595258508790E-06    0.580096801477519307E+03   -0.160382200544320996E+01    0.233656553792869381E+01    0.241064160086788171E+01
    0.293651534867083479E-06    0.580042865035141403E+03   -0.155265797597974942E+01    0.231121495005571020E+01    0.233285135605078153E+01
    0.297505805291767591E-06    0.580011785176006583E+03   -0.155572514453282640E+01    0.236462699875692284E+01    0.233115507820848222E+01
    0.316767673908920747E-06    0.579881315422158764E+03   -0.160391065009830736E+01    0.236750408932496192E+01    0.241549065394967677E+01
    0.322048982769161518E-06    0.579843245344015941E+03   -0.155716061445307430E+01    0.231758441522321856E+01    0.233792608108194422E+01
    0.325279654973189744E-06    0.579818282074423905E+03   -0.152307434249901674E+01    0.233756911112376597E+01    0.229542037611786753E+01
    0.324816372859958181E-06    0.579816132620631379E+03   -0.158499119126262644E+01    0.231153905589214403E+01    0.239811274899098414E+01
    0.334685720477666734E-06    0.579751268765446525E+03   -0.158749951515838905E+01    0.232108762736163543E+01    0.238605440136587532E+01
    0.342506201753451633E-06    0.579700073123073366E+03   -0.154545564723741125E+01    0.235899937051542308E+01    0.232685599088999773E+01
    0.345634967426528388E-06    0.579676886231353024E+03   -0.160906867829505607E+01    0.236236123640575713E+01    0.241609148311682276E+01
    0.377041261327807271E-06    0.579497943396864684E+03   -0.154892538441283500E+01    0.230087934559052654E+01    0.233096524741019984E+01
    0.390016960470283364E-06    0.579425272199641768E+03   -0.160944319449464412E+01    0.236020432748864639E+01    0.241720474711579136E+01
    0.403779536715429112E-06    0.579350914597143401E+03   -0.156906416324820475E+01    0.235046929056546050E+01    0.237000181771198903E+01
    0.403876330201071979E-06    0.579345435217298245E+03   -0.156332895699858976E+01    0.236457108740637212E+01    0.235562622321108428E+01
    0.410946930802026902E-06    0.579305724484722532E+03   -0.153206030163310514E+01    0.235067632829017148E+01    0.230372541506131512E+01
    0.416592029679841562E-06    0.579273437859139904E+03   -0.160972439277935409E+01    0.236839003943623272E+01    0.241965224952832259E+01
    0.417281203171681096E-06    0.579265131967445086E+03   -0.158460931277273920E+01    0.238141297690207443E+01    0.238059855499582085E+01
    0.423171324159083199E-06    0.579232098415369023E+03   -0.153595895013357442E+01    0.228523028119992100E+01    0.232462035139553080E+01
    0.422962225718955843E-06    0.579228086904452880E+03   -0.151841925928979848E+01    0.230428068717185841E+01    0.229765607488481116E+01
    0.423688687847082981E-06    0.579219654735209247E+03   -0.158753449630132093E+01    0.234631988877949293E+01    0.239840734071524686E+01
    0.424246341573049412E-06    0.579212024091176318E+03   -0.153806351420227339E+01    0.234654593394013622E+01    0.231980177199785942E+01
    0.427171233640623782E-06    0.579193282755978316E+03   -0.156826059230835524E+01    0.229216302468980748E+01    0.237205699076029397E+01
    0.433380844490828724E-06    0.579159418872960600E+03   -0.152042177127641009E+01    0.229477452896849821E+01    0.230145353387171347E+01
    0.454921094950424698E-06    0.579057404680326727E+03   -0.159132315825709014E+01    0.233050948046506168E+01    0.238993864333449579E+01
    0.454847649081132225E-06    0.579052727601376432E+03   -0.153743587828988404E+01    0.233910670344078175E+01    0.230592414892631936E+01
    0.469674575844441895E-06    0.578983572526628905E+03   -0.154259431221529475E+01    0.235028923477090279E+01    0.231279627092819062E+01
    0.482923826357842192E-06    0.578922934789146439E+03   -0.157609577743704810E+01    0.230827224337402193E+01    0.238621173309162593E+01
    0.484940330190287731E-06    0.578909600947102376E+03   -0.158297126205715855E+01    0.238182079241373446E+01    0.237631207083828144E+01
    0.492130019989604226E-06    0.578875166753066424E+03   -0.151422397673347575E+01    0.230410203506201494E+01    0.228941440537704111E+01
    0.502141148884185087E-06    0.578829890146276625E+03   -0.157635252705072437E+01    0.231092560057837071E+01    0.237104296850100305E+01
    0.507215959473669365E-06    0.578804778915834277E+03   -0.155384853755335461E+01    0.234914023921868775E+01    0.234592913981500217E+01
    0.534932032435019498E-06    0.578693373259472878E+03   -0.160711164128549466E+01    0.236617314906547271E+01    0.241889075420199973E+01
    0.534058849522354432E-06    0.578691640576796544E+03   -0.158928265277029546E+01    0.232553708063470665E+01    0.240337516802690843E+01
    0.540064051092781406E-06    0.578664277161450514E+03   -0.153809795188282061E+01    0.231550788790974416E+01    0.232909669951345144E+01
    0.538863533107368838E-06    0.578663727945723508E+03   -0.158167592746671026E+01    0.234607543389905526E+01    0.238992047562584276E+01
    0.540711570765880951E-06    0.578651880661242672E+03   -0.157826706884974155E+01    0.237665422208504085E+01    0.236528822537488992E+01
    0.542791386979402072E-06    0.578639202532620743E+03   -0.157986558033971081E+01    0.230601327366205489E+01    0.237951511801444404E+01
    0.552435632931715463E-06    0.578598978802520719E+03   -0.154387618743896837E+01    0.230475350177029537E+01    0.232215186447442079E+01
    0.561245004588172064E-06    0.578562337575757056E+03   -0.157714075719582381E+01    0.229866500076054070E+01    0.237976992332864334E+01
    0.566985418744329539E-06    0.578536985478975112E+03   -0.159729601951390299E+01    0.237432927631506807E+01    0.239506357434372141E+01
    0.565570777306375219E-06    0.578536981759702144E+03   -0.153690278938480884E+01    0.232645103845779122E+01    0.230665073609529614E+01
    0.593487054998708341E-06    0.578435621847727248E+03   -0.159746877058508163E+01    0.237359626240130694E+01    0.240404970101463888E+01
    0.621012952952415110E-06    0.578339948772903881E+03   -0.154691036320137920E+01    0.228937032919589800E+01    0.234298476090046037E+01
    0.656081664196463717E-06    0.578225082114167890E+03   -0.154440555377131261E+01    0.228570721300665980E+01    0.233530062954947049E+01
    0.676451520202212712E-06    0.578158931088027316E+03   -0.158118779372678375E+01    0.233828230372661983E+01    0.237135251743868736E+01
    0.682989072536735264E-06    0.578134694932311277E+03   -0.155571351725760221E+01    0.228902954428408911E+01    0.234943274901228705E+01
    0.688261142935639592E-06    0.578114315984496784E+03   -0.151910092309230849E+01    0.229729134895174170E+01    0.229127884335794363E+01
    0.686871236962015545E-06    0.578113358959463426E+03   -0.159159457735100007E+01    0.231228394297999396E+01    0.239876010246901039E+01
    0.723235294091697072E-06    0.578005183431652313E+03   -0.157413668647447702E+01    0.236028136851337234E+01    0.235776723944933941E+01
    0.730220492311902752E-06    0.577980959587170446E+03   -0.156219523374403924E+01    0.235942142238270147E+01    0.235558259511104495E+01
    0.733441779582240154E-06    0.577967156210781809E+03   -0.159573600105024682E+01    0.237995216886788841E+01    0.239544623289402914E+01
    0.737112438495076163E-06    0.577952171766845822E+03   -0.152111125613269937E+01    0.230505076500722472E+01    0.229059844030332194E+01
    0.763995847339702439E-06    0.577875527945303702E+03   -0.153406460698051106E+01    0.233421579714843652E+01    0.231727663661406957E+01
    0.780625628565161021E-06    0.577827461280594548E+03   -0.158077654292744452E+01    0.238010615616069066E+01    0.237172733119870216E+01
    0.782644955316840350E-06    0.577817294349429517E+03   -0.154405472563915414E+01    0.230209448268754890E+01    0.233977250001102810E+01
    0.805286145744968626E-06    0.577755257303148369E+03   -0.158954608285521193E+01    0.238079120893700136E+01    0.238551807702481256E+01
    0.807173422544018683E-06    0.577745575566755178E+03   -0.154699474225006006E+01    0.235341345906267296E+01    0.233211114107066031E+01
    0.807154372764068560E-06    0.577740622768519188E+03   -0.157871311255212143E+01    0.230058386468546683E+01    0.238705633276652840E+01
    0.819671009969219291E-06    0.577704846547971670E+03   -0.158296874121028663E+01    0.232642295197986382E+01    0.239462136680968207E+01
    0.839094399935815712E-06    0.577653006222848489E+03   -0.159430607779096367E+01    0.236666204062712993E+01    0.240214395629496380E+01
    0.837154063453707186E-06    0.577652636413160053E+03   -0.152122095371205557E+01    0.233464572639701284E+01    0.228885145168717230E+01
    0.835406110803337600E-06    0.577651816719049521E+03   -0.160765154610340089E+01    0.234022043630485399E+01    0.241949248981049969E+01
    0.842212281006939991E-06    0.577630588457415115E+03   -0.159082887549393193E+01    0.233464113579930688E+01    0.238839772842204745E+01
    0.853183929130862546E-06    0.577599702351914857E+03   -0.158559379751006269E+01    0.236217822212352990E+01    0.237569370586529871E+01
    0.859570574209208434E-06    0.577579786788319097E+03   -0.157716047936115134E+01    0.237074709740344591E+01    0.237478707633369268E+01
    0.860642452221852338E-06    0.577572294357126225E+03   -0.158657131976611510E+01    0.232508705745528976E+01    0.239952237975668581E+01
    0.874746993876268679E-06    0.577534783263388590E+03   -0.156006434041996522E+01    0.235502792698266861E+01    0.235368136904511616E+01
    0.873907125361265185E-06    0.577531704440527847E+03   -0.152816742985097509E+01    0.234124882243222388E+01    0.230259127947226361E+01
    0.872828981668388852E-06    0.577529173374044376E+03   -0.157488157922425609E+01    0.233874882748838475E+01    0.236130840501077088E+01
    0.876440705303037731E-06    0.577515914547417879E+03   -0.160867923254468170E+01    0.234669137060911304E+01    0.242336520382099962E+01
    0.875030386879717399E-06    0.577514135425534391E+03   -0.157339579430150245E+01    0.237553358336323983E+01    0.236553019771881168E+01
    0.905093312183228378E-06    0.577441576561229567E+03   -0.159074440047483145E+01    0.234908367326571899E+01    0.240185772122387320E+01
    0.931466842461411346E-06    0.577379131465661771E+03   -0.158761423764544674E+01    0.232203895844058383E+01    0.240092925489720876E+01
    0.946007256652819712E-06    0.577343152172963073E+03   -0.155865447096323617E+01    0.233121075674114309E+01    0.233765336858101591E+01
    0.949308587070044838E-06    0.577331184819702344E+03   -0.160676831890951033E+01    0.234454566884281679E+01    0.242207880930349262E+01
    0.957859169337035236E-06    0.577308251128174334E+03   -0.151668853786204738E+01    0.230971970220576894E+01    0.228437007394433245E+01
    0.972116621130994092E-06    0.577273701097067146E+03   -0.154751454654668108E+01    0.230057820943986435E+01    0.232960638191330105E+01
    0.976486514086293690E-06    0.577259730773244996E+03   -0.156592690690457426E+01    0.231261097188144849E+01    0.237163500499198499E+01
    0.985035912404499663E-06    0.577237296453165982E+03   -0.155166304746244199E+01    0.232861038316697400E+01    0.234782675366775173E+01
    0.992829337633258197E-06    0.577216535085068926E+03   -0.158187787975629934E+01    0.231969627249814936E+01    0.237762311508537039E+01
    0.102553741679957132E-05    0.577146708526282168E+03   -0.153970657636548580E+01    0.229000809716344511E+01    0.232367762580180681E+01
    0.102727423464498872E-05    0.577138324254259715E+03   -0.160198439076138310E+01    0.237288386728119072E+01    0.240907430592262628E+01
    0.104443799125557585E-05    0.577100184228133230E+03   -0.157913003095159565E+01    0.231721572911468643E+01    0.237386727583050394E+01
    0.106354672787682506E-05    0.577058923509768647E+03   -0.155301254878650985E+01    0.235811576220764962E+01    0.232774834874632930E+01
    0.107143259594507383E-05    0.577039148839413770E+03   -0.159807207943795659E+01    0.237694442632199676E+01    0.240151299074149804E+01
    0.108474588343388719E-05    0.577009450593315250E+03   -0.157479558861666091E+01    0.233014837723821922E+01    0.236305496251578440E+01
    0.111374708213785052E-05    0.576951681934913040E+03   -0.153754353691312162E+01    0.230218598683075637E+01    0.232931947216138369E+01
    0.112604247277213386E-05    0.576924723596699550E+03   -0.159021384736179372E+01    0.237635880811908518E+01    0.239153824016052852E+01
    0.113065409705907236E-05    0.576911549470380578E+03   -0.159422328300009686E+01    0.237885264780020611E+01    0.239455753071247202E+01
    0.117154187544637884E-05    0.576835500647845265E+03   -0.158559878125158704E+01    0.237978375356358907E+01    0.237974037439846953E+01
    0.118909190497551391E-05    0.576800762273308465E+03   -0.160621942039954324E+01    0.235263500451214469E+01    0.241307743377254624E+01
    0.118849268817474764E-05    0.576796770383497574E+03   -0.156574986129278093E+01    0.229357848510356055E+01    0.236857233921159427E+01
    0.120494172866255940E-05    0.576764279679170500E+03   -0.151975935309410715E+01    0.230241354157353584E+01    0.229909881268079630E+01
    0.120820481963077161E-05    0.576753870819175063E+03   -0.160879958725901706E+01    0.235838063540432463E+01    0.241867006560625697E+01
    0.121435267600306503E-05    0.576738719779075950E+03   -0.159958042641322318E+01    0.236596223487599033E+01    0.240907656883448773E+01
    0.121167234299939408E-05    0.576738139080729070E+03   -0.152421939886277125E+01    0.232814320768825800E+01    0.230114106098509730E+01
    0.122249100972827283E-05    0.576715360918135730E+03   -0.160405159878336590E+01    0.237184422867897426E+01    0.240959404804189425E+01
    0.122777344816713014E-05    0.576701737446321204E+03   -0.156881739337552850E+01    0.233043203311989577E+01    0.235358632372461507E+01
    0.123589266454665448E-05    0.576683555066238569E+03   -0.159014058762688015E+01    0.234585770991041009E+01    0.238514322053807959E+01
    0.132006174435703540E-05    0.576546785071739691E+03   -0.154388759923731822E+01    0.232941354261637290E+01    0.231649682341224583E+01
    0.131872327120381582E-05    0.576543813995293704E+03   -0.158014515481393536E+01    0.232658867776028266E+01    0.239040856944793845E+01
    0.133110182282493247E-05    0.576520128019839717E+03   -0.158668304638377755E+01    0.232231537378648767E+01    0.238522759353806357E+01
    0.136202754596325277E-05    0.576469193230473479E+03   -0.156545434141880513E+01    0.236863233877296420E+01    0.235593687285970788E+01
    0.137064512820645736E-05    0.576451579043796073E+03   -0.153696733696267529E+01    0.232358629506412262E+01    0.230778462498095749E+01
    0.138505021437908230E-05    0.576425669305101451E+03   -0.153090781786186536E+01    0.230736922280882339E+01    0.231792066271804487E+01
    0.138993637187337454E-05    0.576413626153876066E+03   -0.157824314184165537E+01    0.230258281614541715E+01    0.238669956791979843E+01
    0.144305113320277320E-05    0.576333622665786720E+03   -0.159463228179194871E+01    0.237650737425972070E+01    0.239706215000865086E+01
    0.149681385441726545E-05    0.576255464590885822E+03   -0.159616509506385218E+01    0.236625962225180064E+01    0.239361969787148610E+01
    0.149619751894379234E-05    0.576251288290371463E+03   -0.159504492427209277E+01    0.235542782141585683E+01    0.239227508129793698E+01
    0.150994116004021644E-05    0.576228000728390725E+03   -0.160787613061614088E+01    0.235707209410817953E+01    0.242019829980339551E+01
    0.153120776800986419E-05    0.576195028465093742E+03   -0.155868255417190626E+01    0.236003859409367855E+01    0.234880481289841825E+01
    0.153000373951500183E-05    0.576191601735746872E+03   -0.153199834474232466E+01    0.233123994363040987E+01    0.230019978428321714E+01
    0.153440080367261375E-05    0.576180862196970793E+03   -0.155925807778004755E+01    0.229794794703673855E+01    0.236148147134585606E+01
    0.153134739043314281E-05    0.576179846104396574E+03   -0.157524399541524396E+01    0.229832903827547597E+01    0.238010897466276461E+01
    0.153761280390514244E-05    0.576166679922002800E+03   -0.156989496868767175E+01    0.232296039822929723E+01    0.237616436891771698E+01
    0.161172236799705529E-05    0.576067535292880848E+03   -0.156237493417976014E+01    0.237156213616260425E+01    0.234522352994219041E+01
    0.161884363041074422E-05    0.576053717922857686E+03   -0.152297237425134124E+01    0.231950002627290663E+01    0.230151070935103874E+01
    0.161984481116775568E-05    0.576047481396644116E+03   -0.156786506608547072E+01    0.230558693932576997E+01    0.236001804844235252E+01
    0.163856138692109007E-05    0.576019504787261667E+03   -0.159012355890739654E+01    0.234168332352045727E+01    0.240197410497615493E+01
    0.164806275693786849E-05    0.576002941071947589E+03   -0.155260238462038225E+01    0.236496865740676299E+01    0.233361010451811168E+01
    0.178653617332576421E-05    0.575836584801945151E+03   -0.152854727455961426E+01    0.228992858548026668E+01    0.231124740740678014E+01
    0.179504697360801126E-05    0.575822079713326843E+03   -0.155841755580097097E+01    0.235350230232938751E+01    0.233535164322188749E+01
    0.179530997502881740E-05    0.575816786704664992E+03   -0.155349384423515224E+01    0.232659871085927561E+01    0.235079070200955087E+01
    0.181904980676379238E-05    0.575785513533685275E+03   -0.154897828922311365E+01    0.233807093686659506E+01    0.232279702167571500E+01
    0.182093799469067869E-05    0.575778438594757745E+03   -0.159154307748281942E+01    0.234721290815231809E+01    0.238756240479890636E+01
    0.181649033845968477E-05    0.575778329587008557E+03   -0.160755050533139210E+01    0.235981477787079497E+01    0.241835114726944234E+01
    0.187892127697924019E-05    0.575705746448162017E+03   -0.156037738518947622E+01    0.232880508103641048E+01    0.234112259796183153E+01
    0.189065468753348296E-05    0.575688295765582779E+03   -0.152905351781258081E+01    0.231029284072824348E+01    0.231415484148294759E+01
    0.188705074764023225E-05    0.575687111776172628E+03   -0.156541025106233134E+01    0.236705284423342466E+01    0.234632989578876128E+01
    0.192841744072833587E-05    0.575638742719498396E+03   -0.159965314874812781E+01    0.235206168982726549E+01    0.241244516391563124E+01
    0.192664561406944017E-05    0.575635581160798552E+03   -0.154741514104917810E+01    0.229148394926728916E+01    0.234293333404352921E+01
    0.192941311052006597E-05    0.575627710357085903E+03   -0.154076598182607660E+01    0.235115250042305535E+01    0.231215903048924254E+01
    0.192935842770967107E-05    0.575622767041250654E+03   -0.151593074056448929E+01    0.231265881013825769E+01    0.228907261790274141E+01
    0.197413739206257497E-05    0.575571879015941477E+03   -0.155344761903300288E+01    0.235215277674422651E+01    0.234318392613505821E+01
    0.197583419383903277E-05    0.575565160723195277E+03   -0.160278402383512009E+01    0.236919635183047195E+01    0.241051450453793237E+01
    0.199035292382079911E-05    0.575545518151473061E+03   -0.154917251590287641E+01    0.230292339811494662E+01    0.233168536497521117E+01
    0.199438239507965847E-05    0.575536473242780403E+03   -0.160438760779736711E+01    0.236720854076376108E+01    0.241292089460732839E+01
    0.199414618775618997E-05    0.575531710129460635E+03   -0.158913016442504107E+01    0.231781022197579212E+01    0.239188815448027903E+01
    0.202485474837747139E-05    0.575496146157225326E+03   -0.160496246879466709E+01    0.234658708602905453E+01    0.241255781325812002E+01
    0.203221061930128865E-05    0.575483893743652857E+03   -0.158195161362044878E+01    0.233761854819533710E+01    0.237341667959282177E+01
    0.206506809983478394E-05    0.575446815686809487E+03   -0.157914306726152631E+01    0.232262967968192946E+01    0.238907320109517585E+01
    0.207555647254082392E-05    0.575431683500270992E+03   -0.158884122090646773E+01    0.234858043605529998E+01    0.239874147456209208E+01
    0.207054811051818781E-05    0.575431515374970104E+03   -0.156450541513698860E+01    0.235460606876673806E+01    0.234424728956926742E+01
    0.213663689573866282E-05    0.575363675997172891E+03   -0.154009067498166585E+01    0.230289705363034747E+01    0.231823553893686984E+01
    0.218806568947889402E-05    0.575311106281358775E+03   -0.155355831794457755E+01    0.233960121497340889E+01    0.232933668071728306E+01
    0.227437882932229556E-05    0.575228728148676396E+03   -0.159253748804091333E+01    0.231493529514432739E+01    0.240201004589097700E+01
    0.228086088737894109E-05    0.575218036187036660E+03   -0.153424313209020169E+01    0.234701501787361311E+01    0.230986545853832936E+01
    0.236670010625858846E-05    0.575139148845435670E+03   -0.154590264781224684E+01    0.235931666041148524E+01    0.232173745253030184E+01
    0.248388787727976738E-05    0.575037492044641681E+03   -0.158047638548263314E+01    0.235169280210910570E+01    0.238587633210204864E+01
    0.250850749246655789E-05    0.575012766191266223E+03   -0.158705121460460363E+01    0.237535458589461301E+01    0.238040993354830199E+01
    0.254066512440366561E-05    0.574982290281299356E+03   -0.157948724900872217E+01    0.230664502234335211E+01    0.238861728906704585E+01
    0.260912344835775333E-05    0.574924113452033566E+03   -0.158040769355037680E+01    0.236401771313745401E+01    0.238180781548598297E+01
    0.263004474007844404E-05    0.574903140379841147E+03   -0.159334151934829515E+01    0.236290485597807232E+01    0.240101438080966290E+01
    0.265383472571104051E-05    0.574880130774179065E+03   -0.152305149201212164E+01    0.233075615512231282E+01    0.229632965929773292E+01
    0.267142064467199812E-05    0.574861921279672970E+03   -0.151906174802078020E+01    0.231854127077406291E+01    0.228675710449309300E+01
    0.267583318117365218E-05    0.574853620491906440E+03   -0.152542838547166282E+01    0.233721329556351831E+01    0.229611123166809605E+01
    0.269148776023348383E-05    0.574836953871913806E+03   -0.158860419402169084E+01    0.237475748488640770E+01    0.238281783757788013E+01
    0.276325290633026358E-05    0.574779324944828204E+03   -0.152426118665943111E+01    0.229508217256013181E+01    0.230546935447460299E+01
    0.277273286555017018E-05    0.574767475239011219E+03   -0.158289082784395330E+01    0.233630121154837189E+01    0.239250750245895993E+01
    0.277081836191936301E-05    0.574763856666640095E+03   -0.159304369670211265E+01    0.236033731480425768E+01    0.240136226443859080E+01
    0.279830441905204043E-05    0.574739114756547337E+03   -0.156048636308438482E+01    0.229949609599592764E+01    0.235138349835537674E+01
    0.283243918202164277E-05    0.574709865610393308E+03   -0.151670779026282920E+01    0.230965525900822044E+01    0.228636622138020940E+01
    0.287561399879295773E-05    0.574674609662314083E+03   -0.159195842542249344E+01    0.233085920390524493E+01    0.240517489922666883E+01
    0.286966102077690823E-05    0.574673754271667804E+03   -0.159483114174461882E+01    0.231966251282349134E+01    0.240699258522326254E+01
    0.301158949329821531E-05    0.574572206074317137E+03   -0.154050834234391854E+01    0.235353683726891205E+01    0.231735263344360476E+01
    0.307228884815756887E-05    0.574527296420887978E+03   -0.153187729206870937E+01    0.230694734877532293E+01    0.230543757506944402E+01
    0.308569353835650856E-05    0.574513589210941518E+03   -0.153305537131040914E+01    0.232407088163016073E+01    0.230296035162564472E+01
    0.311234941655327678E-05    0.574491386334011167E+03   -0.153148359373456522E+01    0.232795176663344261E+01    0.230041652602760394E+01
    0.313036293702230475E-05    0.574474844190504200E+03   -0.159614117345879114E+01    0.235515745283036226E+01    0.240681842241057886E+01
    0.318269988235392534E-05    0.574436682382430490E+03   -0.157576267019101035E+01    0.237287130832333615E+01    0.236297782128585965E+01
    0.317784778447337918E-05    0.574434733754152489E+03   -0.156971341437841505E+01    0.234339253994581265E+01    0.237170946339033684E+01
    0.327118499469014985E-05    0.574371837488881624E+03   -0.158241894145573792E+01    0.236097447648788572E+01    0.237170299163918408E+01
    0.331164544142946324E-05    0.574342251738636492E+03   -0.159977624109873195E+01    0.232855662169071609E+01    0.241286552457672165E+01
    0.336013022330109043E-05    0.574308182634486570E+03   -0.152010516707395849E+01    0.229811071389703869E+01    0.229602436294880086E+01
    0.339362299009482255E-05    0.574283345936104411E+03   -0.154169843247415495E+01    0.231263423666096468E+01    0.231763383582857330E+01
    0.355897514874828436E-05    0.574183196847097179E+03   -0.152119372175023826E+01    0.231892639153285041E+01    0.229736085249578004E+01
    0.356261009669999288E-05    0.574176155195896285E+03   -0.159622616092716507E+01    0.235714706903935145E+01    0.239494974275160999E+01
    0.358711828578011107E-05    0.574157443746307536E+03   -0.158210662359461463E+01    0.237289330291378553E+01    0.237977656856494946E+01
    0.357907182306321590E-05    0.574156935095811946E+03   -0.154359623886057440E+01    0.235371534272394456E+01    0.231684790737004320E+01
    0.390480305442381859E-05    0.573977727399177752E+03   -0.155084866879175598E+01    0.236204908187766360E+01    0.232896892264912481E+01
    0.397073758944203328E-05    0.573939238358337320E+03   -0.153547991899019820E+01    0.234033265087246267E+01    0.230527741669321884E+01
    0.399415475185181073E-05    0.573922478134154176E+03   -0.151668565586415705E+01    0.231477501767795468E+01    0.228740096194991871E+01
    0.407136053980250675E-05    0.573879187637689483E+03   -0.152792268173400547E+01    0.233823050450468228E+01    0.230134078124540764E+01
    0.432457928621553060E-05    0.573753512373226613E+03   -0.160218056740574100E+01    0.236543060917363723E+01    0.241012588016665141E+01
    0.438580145906308098E-05    0.573720397330805099E+03   -0.158848620279706143E+01    0.231828650105620637E+01    0.239131894040230719E+01
    0.441360409993871762E-05    0.573702758870987054E+03   -0.159983242661815872E+01    0.235271916915468182E+01    0.240219520382450114E+01
    0.446680872473178738E-05    0.573673793651149481E+03   -0.156765100585715422E+01    0.229773910666795533E+01    0.236575308265754281E+01
    0.446916473948369691E-05    0.573667739030825942E+03   -0.156875658882106039E+01    0.232368679663210287E+01    0.235586559309878041E+01
    0.446459466699944924E-05    0.573664785234523606E+03   -0.155096370099080860E+01    0.230772390121418169E+01    0.233313670168852560E+01
    0.470392320332485616E-05    0.573555348325525870E+03   -0.159051775730450173E+01    0.231784365986852636E+01    0.240222739924140427E+01
    0.476164460831292055E-05    0.573525955865768424E+03   -0.156957330452129518E+01    0.234387131915268521E+01    0.235323098149096310E+01
    0.480605566013406934E-05    0.573502388657540905E+03   -0.158352621136148319E+01    0.235552551553392631E+01    0.237400577581992067E+01
    0.485335348396384886E-05    0.573477802282789526E+03   -0.159782454608416957E+01    0.236848501652890420E+01    0.239842581575746649E+01
    0.486729762898815482E-05    0.573467064331935489E+03   -0.159977107699834598E+01    0.233000005008181299E+01    0.240936035049032427E+01
    0.489575113525732192E-05    0.573450406667402262E+03   -0.154952743583457320E+01    0.234355905045523327E+01    0.233920582364261342E+01
    0.499289433352984004E-05    0.573406110558059595E+03   -0.152948553254000474E+01    0.233920034588116144E+01    0.229935552001190047E+01
    0.498820857267480925E-05    0.573402988411135880E+03   -0.158889245040355287E+01    0.233189886130436008E+01    0.240075464864568744E+01
    0.498548309780721811E-05    0.573399081476783181E+03   -0.159461171331913953E+01    0.235906026086161491E+01    0.239231284048786286E+01
    0.497660284618011761E-05    0.573397647097087656E+03   -0.155164906751384146E+01    0.235105709543316888E+01    0.233984251289092882E+01
    0.513625268584315571E-05    0.573329494566535573E+03   -0.156780702616248391E+01    0.232800421318954642E+01    0.237170564377283632E+01
    0.525259359404715323E-05    0.573279698149743240E+03   -0.154189236327276702E+01    0.229454214662446887E+01    0.233423681608241829E+01
    0.539423219018085429E-05    0.573221481555201194E+03   -0.151753082227105418E+01    0.230878729536292493E+01    0.228929243924127945E+01
    0.539715377610063069E-05    0.573215398622573161E+03   -0.153879268358921273E+01    0.231969366024303358E+01    0.232796419254531983E+01
    0.551606024885663937E-05    0.573166814329935960E+03   -0.156557846324691319E+01    0.236874440231210626E+01    0.234868902616478259E+01
    0.551197191136126567E-05    0.573163297219221477E+03   -0.153731647599332399E+01    0.234950603033973415E+01    0.231175375420652429E+01
    0.565100566278578080E-05    0.573108475049338836E+03   -0.153626349711513055E+01    0.230226377801302418E+01    0.232593798633862470E+01
    0.588483792855931482E-05    0.573022383693642496E+03   -0.159778477699716870E+01    0.236751420868750895E+01    0.239854208697529359E+01
    0.593514831268832699E-05    0.573000358060303597E+03   -0.154074921915753715E+01    0.233093532484463850E+01    0.231288489137471487E+01
    0.596084000295891394E-05    0.572986719272324535E+03   -0.158251672660342546E+01    0.230844959803878291E+01    0.238638331409730675E+01
    0.624233899824482529E-05    0.572889432191586593E+03   -0.160494659740643764E+01    0.235150402214690812E+01    0.241503211685049379E+01
    0.622878015049199037E-05    0.572888781072527763E+03   -0.155737871918855841E+01    0.235515636685396679E+01    0.233491790544916533E+01
    0.648541875366931478E-05    0.572803029318126505E+03   -0.152447265813575616E+01    0.229699119774072713E+01    0.230428526416254620E+01
    0.655495590579364060E-05    0.572776699314028178E+03   -0.158775206141799541E+01    0.232706535890474830E+01    0.238681098954444160E+01
    0.679559375298696193E-05    0.572699593245500409E+03   -0.156609592926315910E+01    0.235998653846454909E+01    0.234756404408710395E+01
    0.683366988743600347E-05    0.572683418398637741E+03   -0.160442221221327230E+01    0.235617338428581213E+01    0.241311939203782622E+01
    0.689973887846994995E-05    0.572659174960430164E+03   -0.153426429860649050E+01    0.234556073702004531E+01    0.230726591381416313E+01
    0.702759840560128528E-05    0.572617452041540332E+03   -0.160021421759634364E+01    0.235671351792441808E+01    0.241053801123024591E+01
    0.707585059780926346E-05    0.572598766770521365E+03   -0.155277518938005898E+01    0.231080371415090058E+01    0.235110511682488088E+01
    0.709454777644435019E-05    0.572588488954332547E+03   -0.154333806832282927E+01    0.229167554913737215E+01    0.233122835277304752E+01
    0.711531328330077154E-05    0.572577643570890473E+03   -0.152286604169279682E+01    0.230425217169833640E+01    0.229583325500346902E+01
    0.724840024993772591E-05    0.572535580516129130E+03   -0.153374117941918486E+01    0.232366143069180575E+01    0.231829949805648816E+01
    0.724327711923893388E-05    0.572531994605273326E+03   -0.160151297064375164E+01    0.234264086315948683E+01    0.240833650078731409E+01
    0.723007767736626705E-05    0.572530642535063521E+03   -0.159005487731594641E+01    0.233807376784100951E+01    0.240130525397734118E+01
    0.729044056096369931E-05    0.572509014139209853E+03   -0.157081846049315033E+01    0.237174328174825488E+01    0.235819684273421082E+01
    0.739928113522334851E-05    0.572474376391599208E+03   -0.152280103657739607E+01    0.230583581829742723E+01    0.230212659056183888E+01
    0.740550785400587881E-05    0.572467694038908007E+03   -0.156542837327683459E+01    0.235082126615151532E+01    0.236238864630604439E+01
    0.762898509988162956E-05    0.572403232450770702E+03   -0.153684217503766773E+01    0.234149698783193072E+01    0.230769477786560095E+01
    0.762945848170103244E-05    0.572398108353757152E+03   -0.158209181702890733E+01    0.237309549685280397E+01    0.237394705816245555E+01
    0.767197862650419780E-05    0.572381992991468451E+03   -0.156599313869186529E+01    0.231970685830781020E+01    0.236987341677450836E+01
    0.781684705634138549E-05    0.572339579527748015E+03   -0.159950433603806297E+01    0.235639022169190948E+01    0.240965746184987850E+01
    0.784807686797834881E-05    0.572326605061185091E+03   -0.152007613613709403E+01    0.230351820024435794E+01    0.229550933211525532E+01
    0.795930167299435770E-05    0.572293459561835334E+03   -0.157744500956719369E+01    0.232472434130555294E+01    0.237005586108985611E+01
    0.812326422988063427E-05    0.572247677950509342E+03   -0.158331232824816426E+01    0.231630941034871674E+01    0.239342901573254707E+01
    0.819121442241447740E-05    0.572226017758809348E+03   -0.159999845586797629E+01    0.233321300154881017E+01    0.241184164371928489E+01
    0.825011813003537836E-05    0.572206687056731880E+03   -0.154763319842357028E+01    0.232364461102464048E+01    0.234121665577974980E+01
    0.827448833684931165E-05    0.572195787920911471E+03   -0.159927502234657304E+01    0.233766795773725633E+01    0.241204108612165946E+01
    0.844939234422747167E-05    0.572148953041089271E+03   -0.157609036821575454E+01    0.231268722207546729E+01    0.238405986971943662E+01
    0.844607777360394811E-05    0.572144737765194122E+03   -0.156231436334518126E+01    0.236213017029771244E+01    0.235229391643600749E+01
    0.851409648916298334E-05    0.572123695694120670E+03   -0.158346525538598137E+01    0.233269762025178462E+01    0.237800864294046832E+01
    0.885858474835295813E-05    0.572039368060986135E+03   -0.153842094944885699E+01    0.232944523696842465E+01    0.231020757477722150E+01
    0.885711263014911565E-05    0.572034700448286685E+03   -0.155836263175525280E+01    0.230033784749514236E+01    0.235885643810208734E+01
    0.888516746437193450E-05    0.572023375475970738E+03   -0.152844847204765211E+01    0.231480784357227165E+01    0.231095464331162859E+01
    0.888565553105247205E-05    0.572018265617990437E+03   -0.153990123437666937E+01    0.233958844830454638E+01    0.232357763483704183E+01
    0.892097523268254397E-05    0.572005331551536528E+03   -0.153398652858500451E+01    0.230232671794818744E+01    0.231105740099858181E+01
    0.899668544300098130E-05    0.571983429644020475E+03   -0.156708467350096292E+01    0.230301312905718847E+01    0.236167909287191691E+01
    0.911162519219577985E-05    0.571953039911064366E+03   -0.152701231850336350E+01    0.231701439515492025E+01    0.230785611542384572E+01
    0.913571018930190801E-05    0.571942760233656372E+03   -0.156491236785921783E+01    0.230878691140479919E+01    0.236869576140050242E+01
    0.936822332936758326E-05    0.571887495163583026E+03   -0.157167520228270829E+01    0.230875655382753342E+01    0.237788104962759306E+01
    0.934639154523301212E-05    0.571887161419166546E+03   -0.151942036906243061E+01    0.231048832188780739E+01    0.229120818322460629E+01
    0.937560630594943411E-05    0.571875919610004644E+03   -0.159379768428908819E+01    0.233353099669669373E+01    0.240612146522108716E+01
    0.944455134583787416E-05    0.571856266098682227E+03   -0.157891924733310129E+01    0.233550504584143148E+01    0.238622575552729366E+01
    0.956046378442644309E-05    0.571826869617000625E+03   -0.159659499140767513E+01    0.234368732573200544E+01    0.239863971716221158E+01
    0.975538594801879913E-05    0.571781503019973798E+03   -0.153103576436851618E+01    0.229458590869618861E+01    0.231480880026753866E+01
    0.988262627165375120E-05    0.571750585507992923E+03   -0.156933690486392385E+01    0.230559546948997962E+01    0.236417714021347969E+01
    0.989081652835577845E-05    0.571743928688337746E+03   -0.152507558926719256E+01    0.232361007897982086E+01    0.230206021380810988E+01
    0.991268497336218239E-05    0.571734511599997404E+03   -0.154139758962389961E+01    0.231880955037950498E+01    0.231634110557367023E+01
    0.992124250324828537E-05    0.571727785763210477E+03   -0.156669285145643045E+01    0.235409235998064315E+01    0.234862166823128327E+01
    0.100788197256880909E-04    0.571691269764640310E+03   -0.156848583490181870E+01    0.235031671041641754E+01    0.236713375741216581E+01
    0.100621906558510272E-04    0.571689572294811455E+03   -0.159687962014462448E+01    0.235848189729032320E+01    0.239723303530826826E+01
    0.101386391493568010E-04    0.571669434528846864E+03   -0.160073435814576293E+01    0.236371316177288993E+01    0.240668084847989583E+01
    0.103725261558294497E-04    0.571618820905058101E+03   -0.157639794470303984E+01    0.232553110797628637E+01    0.238392084458178033E+01
    0.104639839567699893E-04    0.571596263571743748E+03   -0.155567691967139599E+01    0.231076129364073957E+01    0.233990214449401890E+01
    0.106165834829883419E-04    0.571562307578560308E+03   -0.153412859783440991E+01    0.234360730141280760E+01    0.230665590642933616E+01
    0.108789571368621176E-04    0.571508481323919568E+03   -0.156554914550626356E+01    0.236847213056781625E+01    0.235195955987699179E+01
    0.109480948340919826E-04    0.571490811188062935E+03   -0.156552365919974990E+01    0.236689803241235053E+01    0.235421735640519358E+01
    0.109389276762240745E-04    0.571487486547678373E+03   -0.159845570344156629E+01    0.234424419841009746E+01    0.241035638266146712E+01
    0.109750484614386710E-04    0.571475893345659642E+03   -0.155577042828946821E+01    0.230289597899808163E+01    0.234333464440048722E+01
    0.109810281242258693E-04    0.571469803959236401E+03   -0.154973011254795745E+01    0.234789772169089783E+01    0.232471778340867630E+01
    0.111028848053372113E-04    0.571442732160954733E+03   -0.155514137375877692E+01    0.236085298199652938E+01    0.233944048140349992E+01
    0.111205785169151864E-04    0.571434547470061148E+03   -0.160296052721279780E+01    0.235194138503110661E+01    0.241092440345116010E+01
    0.111008967827449420E-04    0.571433090302218147E+03   -0.154071243758940080E+01    0.235044148879448223E+01    0.231786805308988697E+01
    0.111391346161089411E-04    0.571421212996992040E+03   -0.152938984974735526E+01    0.232930712637415427E+01    0.230810281434176545E+01
    0.111165362019197504E-04    0.571420274599473601E+03   -0.156958346319364050E+01    0.236002953103629975E+01    0.236519909048365129E+01
    0.111510651964786145E-04    0.571409072041485274E+03   -0.153922057994162342E+01    0.234924719014616201E+01    0.231384503383000961E+01
    0.113229960481600663E-04    0.571373470682160587E+03   -0.158711285884663544E+01    0.236823457727322451E+01    0.238835963117185024E+01
    0.113249099302373751E-04    0.571368132658489230E+03   -0.160019545209431868E+01    0.233559174850610551E+01    0.241119211960395141E+01
    0.114316496768415562E-04    0.571344370502654556E+03   -0.157131218493201974E+01    0.233623138800282648E+01    0.237491230617389348E+01
    0.114218338860801310E-04    0.571341088541191311E+03   -0.158066435099987301E+01    0.233710260135489278E+01    0.237258339866071211E+01
    0.116273330921931326E-04    0.571300424839925768E+03   -0.156141961179101285E+01    0.233831773867302672E+01    0.234216547396136932E+01
    0.116414524031722794E-04    0.571292997671956186E+03   -0.157691546780165526E+01    0.236061942024853932E+01    0.237646698775320075E+01
    0.116284726996898134E-04    0.571290228827367514E+03   -0.152725777105738558E+01    0.233217933275007194E+01    0.229739069704542054E+01
    0.116927725814260877E-04    0.571274200249108617E+03   -0.159548215349354150E+01    0.236369685867709922E+01    0.239500377240653428E+01
    0.116762061418302154E-04    0.571272035878781139E+03   -0.153546537328463684E+01    0.233543251766781879E+01    0.230627290623615622E+01
    0.117005316592076830E-04    0.571262873531346031E+03   -0.157511290624587685E+01    0.234456459517711657E+01    0.236240159488874113E+01
    0.118956431884080942E-04    0.571224797665887309E+03   -0.156151890623421918E+01    0.236589208462506662E+01    0.234445857680758252E+01
    0.118993588600914103E-04    0.571219173052078759E+03   -0.157552993118308526E+01    0.231827236460716302E+01    0.236930101667846316E+01
    0.120498365509773151E-04    0.571189039903583534E+03   -0.159272585289190127E+01    0.232289514421046839E+01    0.240360384585087239E+01
    0.120922152476840316E-04    0.571177018339618940E+03   -0.156088644185029990E+01    0.230944940015586342E+01    0.236271656940898289E+01
    0.124816306377354068E-04    0.571108626065842486E+03   -0.155647315785379670E+01    0.230984935102961098E+01    0.234162100124685679E+01
    0.125715091513513396E-04    0.571089275944466522E+03   -0.152926375597501840E+01    0.231054441284412349E+01    0.230217299140849008E+01
    0.125630754802267169E-04    0.571085618106521679E+03   -0.157993122766520733E+01    0.232384026523699827E+01    0.238872279052455028E+01
    0.125374206916270968E-04    0.571084706439653814E+03   -0.158588986926787778E+01    0.234700414909130695E+01    0.237958239380128234E+01
    0.126128136604030621E-04    0.571067715586041118E+03   -0.155303723006029881E+01    0.229377650905247599E+01    0.234734014246201284E+01
    0.125979692840896638E-04    0.571065070828726220E+03   -0.152844935564178619E+01    0.231391513182731146E+01    0.231071952985472784E+01
    0.129190126940490144E-04    0.571009741937673880E+03   -0.152741244429616918E+01    0.232172044778728637E+01    0.230686567276569043E+01
    0.133065811647121011E-04    0.570945624620290573E+03   -0.156168490322382802E+01    0.229704734829933033E+01    0.236103352470066419E+01
    0.133102289998350041E-04    0.570940076420093305E+03   -0.157859004717030249E+01    0.236954523098370506E+01    0.237431566187102483E+01
    0.134059297419183210E-04    0.570920747840547961E+03   -0.157358278169953780E+01    0.234644845566067550E+01    0.237583203187679182E+01
    0.134473199494721711E-04    0.570909582442943247E+03   -0.154073564972468224E+01    0.234996421041183856E+01    0.231563307018095799E+01
    0.134332292160400609E-04    0.570906679235629440E+03   -0.158941654319335113E+01    0.237137370260029456E+01    0.238843020841658671E+01
    0.134318948934757463E-04    0.570901877905482593E+03   -0.155176310168014009E+01    0.234428037367235387E+01    0.232770464932939625E+01
    0.134580880976254765E-04    0.570892981553083587E+03   -0.157143636696528111E+01    0.230657044460673566E+01    0.237680797499385932E+01
    0.137306892693356898E-04    0.570847875254365590E+03   -0.156271492845364612E+01    0.229708888275674550E+01    0.236165518511855588E+01
    0.138344793713214482E-04    0.570827814132291223E+03   -0.155635107548224605E+01    0.236176807139182676E+01    0.233645367343534716E+01
    0.139827662271560910E-04    0.570801490919688831E+03   -0.159896546513847793E+01    0.236385084542957946E+01    0.240440808762209457E+01
    0.139724462429611970E-04    0.570797967565187378E+03   -0.153594547955699090E+01    0.233900077703440612E+01    0.230724171350994034E+01
    0.139417743313802782E-04    0.570797362733426780E+03   -0.158817421223598565E+01    0.231604794134858638E+01    0.239480772185182111E+01
    0.139304261978667499E-04    0.570793991328790639E+03   -0.154436990676529229E+01    0.230804900531816060E+01    0.233778934129344762E+01
    0.141552556638696585E-04    0.570756970134531343E+03   -0.152560681341444115E+01    0.229936191728488559E+01    0.230432562406750208E+01
    0.144394335717971479E-04    0.570712216282073541E+03   -0.159513056157993205E+01    0.235011362644972976E+01    0.240507640495542141E+01
    0.147451336981006662E-04    0.570665315875648730E+03   -0.156917168415786668E+01    0.233670966587638507E+01    0.237144122262994728E+01
    0.147204850554323481E-04    0.570663661965018036E+03   -0.156520906565658136E+01    0.231183674130658900E+01    0.235486713441222228E+01
    0.147097409943545877E-04    0.570660122240795317E+03   -0.157476766527762746E+01    0.230497542137776934E+01    0.237983986519832769E+01
    0.147598996375899053E-04    0.570648314055748529E+03   -0.152253358161903685E+01    0.232227673339560248E+01    0.229342468273561018E+01
    0.147875372072934616E-04    0.570639572603938859E+03   -0.154317118971873679E+01    0.235195370885297184E+01    0.232113039711502012E+01
    0.149219306543231116E-04    0.570616478121148589E+03   -0.152322039098576756E+01    0.232505761411286560E+01    0.229500699524630036E+01
    0.149829364599209539E-04    0.570603318126323302E+03   -0.158544000970951360E+01    0.237186103986469288E+01    0.238162618472016696E+01
    0.149831047898658499E-04    0.570598295656896312E+03   -0.159651866066113501E+01    0.233412397867270505E+01    0.240204107799029742E+01
    0.150462164994646381E-04    0.570584888966393692E+03   -0.153231262860168127E+01    0.233279955511937498E+01    0.231180774176432458E+01
    0.151830303724903590E-04    0.570561785332153363E+03   -0.153657034083551558E+01    0.231631539095822436E+01    0.232408494068858396E+01
    0.152096520287439375E-04    0.570553281638374642E+03   -0.152898571438947339E+01    0.231112583522403270E+01    0.230189397034565602E+01
    0.153415010953475696E-04    0.570531018802547123E+03   -0.156908369876973719E+01    0.231295547545193214E+01    0.237406448884232191E+01
    0.154420381881542944E-04    0.570512955009025745E+03   -0.155744635981943302E+01    0.235816758950628946E+01    0.234519356039792370E+01
    0.157071715977670768E-04    0.570473907299355687E+03   -0.158665784734639415E+01    0.236691571624856589E+01    0.238785507026661392E+01
    0.156724014951315494E-04    0.570473339496920971E+03   -0.159371748852716921E+01    0.235828467132267683E+01    0.240101188321369818E+01
    0.157593113502257486E-04    0.570457279319957593E+03   -0.153620040767799426E+01    0.229481675448293343E+01    0.232278026090244083E+01
    0.157666111200306089E-04    0.570451353127242214E+03   -0.158696151096417060E+01    0.233198457152521943E+01    0.239719225838606675E+01
    0.157555263487840675E-04    0.570447759728772894E+03   -0.153113554453245237E+01    0.231473396216107208E+01    0.230373158095384944E+01
    0.160265851431013128E-04    0.570408644265202383E+03   -0.154883605010576098E+01    0.232952123056992155E+01    0.232523838852954690E+01
    0.160917986598995322E-04    0.570395522610412627E+03   -0.157114969330966026E+01    0.230256493422923203E+01    0.237450623547620410E+01
    0.161181432920198822E-04    0.570387250994706505E+03   -0.155750131930876079E+01    0.229871664750500271E+01    0.235639468397826235E+01
    0.161386197378489132E-04    0.570379711812636629E+03   -0.157575096112269519E+01    0.236787704608208127E+01    0.237050577829883657E+01
    0.162052293237368509E-04    0.570366474118980705E+03   -0.158857301971399778E+01    0.231894405158589079E+01    0.239833552441758613E+01
    0.162860173594365231E-04    0.570351528276892395E+03   -0.154621392967162619E+01    0.235433709008840220E+01    0.232322275551862489E+01
    0.163424867425100335E-04    0.570339605564251087E+03   -0.153466913001352334E+01    0.233000100712636327E+01    0.230587882168384617E+01
    0.164122888196915429E-04    0.570326081349793867E+03   -0.159148008760422677E+01    0.234469840483050485E+01    0.240133193784328824E+01
    0.164505025190401161E-04    0.570316430044774961E+03   -0.159018557652783565E+01    0.236793678005549690E+01    0.238692647894794163E+01
    0.166986335124960616E-04    0.570281488313852833E+03   -0.152732574192689308E+01    0.232661528263456496E+01    0.230447169700782872E+01
    0.166633564169303690E-04    0.570280717930705805E+03   -0.155365835026216037E+01    0.232818394010740892E+01    0.233255472332349179E+01
    0.166636068012290585E-04    0.570275687878846838E+03   -0.154383643923287983E+01    0.233390078224607977E+01    0.231765721288948967E+01
    0.166358077864270758E-04    0.570274027159324305E+03   -0.158072564334818022E+01    0.230920721648981830E+01    0.238466609368473215E+01
    0.168544688298006465E-04    0.570242910426630715E+03   -0.154313020829592173E+01    0.233139988216712579E+01    0.231697401709722683E+01
    0.171835287324955722E-04    0.570199239508473511E+03   -0.153432093290952198E+01    0.234083151535068312E+01    0.230652567797492836E+01
    0.171557413375843725E-04    0.570197476315886092E+03   -0.160121822333111519E+01    0.235357388439415782E+01    0.240794727928925312E+01
    0.172591070871888126E-04    0.570180462192312916E+03   -0.152382305539368756E+01    0.232413229801979071E+01    0.229754171618122172E+01
    0.175494619667312475E-04    0.570142095510253171E+03   -0.152818093042620795E+01    0.232537358406229755E+01    0.229856078248647400E+01
    0.176113172482807882E-04    0.570130058653079686E+03   -0.153374411027891755E+01    0.233731543494514282E+01    0.230505811223404855E+01
    0.177600309503702229E-04    0.570108241134277364E+03   -0.152626049623515603E+01    0.230045784569473266E+01    0.230416976267176388E+01
    0.181337001142917096E-04    0.570061597911043805E+03   -0.155874887496809178E+01    0.234769343345053594E+01    0.235196480538750663E+01
    0.184519065845820095E-04    0.570021806688673905E+03   -0.157488228557314924E+01    0.232253482467155070E+01    0.238157205915616288E+01
    0.186182995468291647E-04    0.569998852207478421E+03   -0.159866080663750010E+01    0.233994321020663643E+01    0.240975161919704917E+01
    0.186600123874061178E-04    0.569989376376270229E+03   -0.158080144362230746E+01    0.236932596806784579E+01    0.237230293432945949E+01
    0.187045026022350476E-04    0.569979613543313121E+03   -0.157303345380480408E+01    0.235497260033435873E+01    0.235872268785510641E+01
    0.188928816945692035E-04    0.569954571652392929E+03   -0.156249663682938777E+01    0.236420254116378858E+01    0.234956804804939878E+01
    0.191013039635949615E-04    0.569927628888669233E+03   -0.156204563959365816E+01    0.233271364914924240E+01    0.234439495553550614E+01
    0.197633377572219445E-04    0.569854484909015582E+03   -0.152591612881599570E+01    0.232627945922121748E+01    0.229666532287837555E+01
    0.200986126716164156E-04    0.569815840512063687E+03   -0.156912556516555091E+01    0.230207501849889251E+01    0.237158032046578526E+01
    0.205812492673666438E-04    0.569763381231713538E+03   -0.153456413185707174E+01    0.233318912428548852E+01    0.230588888777005252E+01
    0.207257283400426544E-04    0.569744390407864671E+03   -0.156169236556281787E+01    0.232200993354694107E+01    0.236252876538176437E+01
    0.209886723306144365E-04    0.569714176336084165E+03   -0.153185102813908092E+01    0.233782381188453092E+01    0.230689220161357511E+01
    0.210150968136552790E-04    0.569706659944144576E+03   -0.159589678692970272E+01    0.236432224513776168E+01    0.240023529267793734E+01
    0.209878707857069901E-04    0.569704252716352585E+03   -0.157146045471262807E+01    0.232691043469284509E+01    0.237620191292859495E+01
    0.216837099767878256E-04    0.569634019522160543E+03   -0.156398731159915094E+01    0.235483371976312306E+01    0.234542578418860792E+01
    0.217834096722271057E-04    0.569619844783085682E+03   -0.153668951285001221E+01    0.232952626113452688E+01    0.230878600143288359E+01
    0.219722268945019786E-04    0.569597583610891661E+03   -0.156920350488299709E+01    0.231569558236801143E+01    0.236028791147237804E+01
    0.225207640131145648E-04    0.569543266637448369E+03   -0.157465031249531240E+01    0.236900164361870225E+01    0.236674214978564734E+01
    0.225506991794388220E-04    0.569535609952388086E+03   -0.158953430024224618E+01    0.234831231755897729E+01    0.238615112230481152E+01
    0.225845734689739672E-04    0.569527607928125690E+03   -0.152990548889653355E+01    0.233138575965701289E+01    0.230698740186936391E+01
    0.225706891260101342E-04    0.569523837848414473E+03   -0.159998267741820843E+01    0.234380377460117106E+01    0.240983882780337488E+01
    0.226815205849197953E-04    0.569509041051199233E+03   -0.156335419326988512E+01    0.229971147335216752E+01    0.235933384706299876E+01
    0.227987054333850676E-04    0.569493734584582512E+03   -0.154836209021481297E+01    0.233596085155211330E+01    0.232398169411328404E+01
    0.230470600705405334E-04    0.569467065663681524E+03   -0.157424696984834123E+01    0.233375418908575361E+01    0.237913207990844100E+01
    0.230976101603538211E-04    0.569457683782976233E+03   -0.155954335979758651E+01    0.232299150436948132E+01    0.234281353299130579E+01
    0.237205111664382517E-04    0.569399461846972827E+03   -0.156689034891332479E+01    0.236256241304863357E+01    0.235849505533509785E+01
    0.239931442398369346E-04    0.569371605829070745E+03   -0.159822551174938554E+01    0.235320625696605257E+01    0.240174758320626935E+01
    0.240689086681990787E-04    0.569360300273104031E+03   -0.158261896175768690E+01    0.236820014705302029E+01    0.237520518481335863E+01
    0.242903587859983438E-04    0.569336983067125516E+03   -0.153393032739173307E+01    0.230092745195985771E+01    0.231308901608024797E+01
    0.242921379349838360E-04    0.569331836582353731E+03   -0.154493031189070895E+01    0.234635575527914009E+01    0.232839379425586301E+01
    0.242631472895401781E-04    0.569329224841325299E+03   -0.155788814048276136E+01    0.234079984105634598E+01    0.233720073494129466E+01
    0.244709288456641790E-04    0.569307170424240439E+03   -0.153784142926726819E+01    0.231891297909402860E+01    0.231215402437739570E+01
    0.244964847935766213E-04    0.569300082835917237E+03   -0.155570342435671405E+01    0.235811473382135084E+01    0.234122539276566499E+01
    0.246286780286780521E-04    0.569284319019853456E+03   -0.154406333584598854E+01    0.235138943974743153E+01    0.232123557014350013E+01
    0.246636768089854335E-04    0.569276478921318585E+03   -0.157737409969446163E+01    0.233342682715830207E+01    0.238359648051686079E+01
    0.246707007508100086E-04    0.569270909424572437E+03   -0.153945258837633236E+01    0.233993391824456154E+01    0.231218988731878916E+01
    0.252353691844391415E-04    0.569220648995720126E+03   -0.155533055854359969E+01    0.231012951146849099E+01    0.234038098095050096E+01
    0.251843972745257473E-04    0.569219692800827488E+03   -0.158481411071639333E+01    0.236642562023175840E+01    0.238462611900063415E+01
    0.252668655009134531E-04    0.569208154348047401E+03   -0.157943707129035538E+01    0.232859693044520677E+01    0.237326776963605468E+01
    0.262698895418006375E-04    0.569125295296882769E+03   -0.156711854176206566E+01    0.236146665884775020E+01    0.235080261408130831E+01
    0.268069116063269961E-04    0.569079822594752613E+03   -0.159808291631795263E+01    0.233734902290479596E+01    0.240783459247387199E+01
    0.274031796534823017E-04    0.569030823989986857E+03   -0.153833208352997186E+01    0.233405467867395666E+01    0.232175125528196702E+01
    0.274652070820827425E-04    0.569021302081564613E+03   -0.157918663032824291E+01    0.236959542625231956E+01    0.237263184146528872E+01
    0.274546651606060027E-04    0.569017069885361366E+03   -0.154203449191343989E+01    0.231665726417030271E+01    0.231865209953218177E+01
    0.275425526290735838E-04    0.569005677740681108E+03   -0.153160113235586381E+01    0.230788965963466985E+01    0.230706476175913977E+01
    0.278345729210526488E-04    0.568979584338238965E+03   -0.154889075057422554E+01    0.233166545384639967E+01    0.234046849997168138E+01
    0.283115555819635769E-04    0.568940602003287495E+03   -0.157376705276381035E+01    0.234188997542274313E+01    0.237664686972504136E+01
    0.284985366012876931E-04    0.568922436617538324E+03   -0.156173592527982796E+01    0.231101582021640395E+01    0.235021739953428899E+01
    0.287540494701313397E-04    0.568899584877884877E+03   -0.153236653585076965E+01    0.231246988911441687E+01    0.231690102293884870E+01
    0.292018160120714588E-04    0.568863680295735094E+03   -0.152627125571604760E+01    0.231098318868016550E+01    0.229970021124918311E+01
    0.297778625485047241E-04    0.568819611594906974E+03   -0.159902140274824567E+01    0.235600219132121946E+01    0.240468149605651860E+01
    0.305290059635161649E-04    0.568764787601040098E+03   -0.153057244388196745E+01    0.232451026638788694E+01    0.231078016912526962E+01
    0.305099060435377820E-04    0.568761039256416893E+03   -0.158458007866383599E+01    0.236768273975452193E+01    0.238299765139780284E+01
    0.304596008712031736E-04    0.568759339606791741E+03   -0.153721152590862520E+01    0.231307565460564923E+01    0.231299210754798246E+01
    0.306986752366909596E-04    0.568738703091278808E+03   -0.155217090936400748E+01    0.231423346011239239E+01    0.233429520018739822E+01
    0.310883337769732212E-04    0.568708476836606906E+03   -0.153201736837280245E+01    0.232734217456672265E+01    0.231248789394112464E+01
    0.311474386838840237E-04    0.568699678061571717E+03   -0.159096255155032962E+01    0.235995291918569583E+01    0.238827625903800644E+01
    0.316528128195661175E-04    0.568662488060209739E+03   -0.159224579574334735E+01    0.235075847826124118E+01    0.239100638161231771E+01
    0.318367891041920826E-04    0.568645897072457501E+03   -0.157977593965417773E+01    0.234524969900251090E+01    0.237058749572513427E+01
    0.322474582548437782E-04    0.568615263642139325E+03   -0.155213824752990481E+01    0.230415119706594762E+01    0.233823641439431995E+01
    0.324112795544669085E-04    0.568600129101582979E+03   -0.155089722127380414E+01    0.234449247007707617E+01    0.232733389008816971E+01
    0.325131098508441924E-04    0.568588855318752735E+03   -0.157133935462313223E+01    0.236126123528263676E+01    0.236621287871303387E+01
    0.330266828389580848E-04    0.568552510483551032E+03   -0.155535203990837223E+01    0.235858691341555549E+01    0.233569484679153305E+01
    0.332080361897921751E-04    0.568536558293721328E+03   -0.158154444969620789E+01    0.231650260108613981E+01    0.238943437343893272E+01
    0.340360806339103195E-04    0.568482299780681046E+03   -0.154693439245134123E+01    0.230740871844378459E+01    0.234097310964228100E+01
    0.344009768385026402E-04    0.568455972173915825E+03   -0.152663294808975381E+01    0.230837983488842413E+01    0.230649829487793667E+01
    0.346697028750909373E-04    0.568435409715657556E+03   -0.154775828953304573E+01    0.230259839533170352E+01    0.233240376250782688E+01
    0.346698572619363133E-04    0.568430400809524031E+03   -0.156732904525118077E+01    0.236524527150492503E+01    0.235613093303235743E+01
    0.346105745333266508E-04    0.568428823579362074E+03   -0.159091387504631587E+01    0.233494316254472700E+01    0.239195161288242275E+01
    0.347677968919800443E-04    0.568414758931428651E+03   -0.159777494937665776E+01    0.235686247666191262E+01    0.240417542734330780E+01
    0.361409789840685716E-04    0.568332287347895772E+03   -0.152998242298431220E+01    0.231718125184939572E+01    0.230271683814928352E+01
    0.362239565684483751E-04    0.568322700727587858E+03   -0.157970139546737021E+01    0.232624575902962993E+01    0.237472619124445217E+01
    0.365254085274531316E-04    0.568301125809911809E+03   -0.159064723398252128E+01    0.232328084761764142E+01    0.239864222377824277E+01
    0.375337978191797949E-04    0.568241658490304644E+03   -0.159197447083179999E+01    0.236347512426682549E+01    0.239097767710245712E+01
    0.380771284495569210E-04    0.568207914497369757E+03   -0.155974946339121390E+01    0.230898425071389291E+01    0.234816006981111158E+01
    0.384066222190019603E-04    0.568185682298114216E+03   -0.152967682905648727E+01    0.233233955216792843E+01    0.230325839918064190E+01
    0.392662338584814756E-04    0.568136412174386692E+03   -0.156432381790443875E+01    0.236319061625286819E+01    0.235230292680862618E+01
    0.393234031650927101E-04    0.568128502410765918E+03   -0.154976045275587504E+01    0.233850125369751982E+01    0.232617602673868973E+01
    0.399212424848120008E-04    0.568093324944148549E+03   -0.152971028058843239E+01    0.230565385905024733E+01    0.231216564850279127E+01
    0.398880811375506390E-04    0.568089986972977499E+03   -0.157987170260495402E+01    0.234138556289162958E+01    0.237151955101000844E+01
    0.404072525309034976E-04    0.568059123520909679E+03   -0.155844965905437105E+01    0.234714293109238259E+01    0.233803254518576153E+01
    0.404879322831572222E-04    0.568050134172016328E+03   -0.155473281903974403E+01    0.232935038762007762E+01    0.233457985639187271E+01
    0.407328760650854072E-04    0.568033071030587735E+03   -0.156211310334486875E+01    0.234914532066666926E+01    0.234327163792139004E+01
    0.407474109972401420E-04    0.568027357487087443E+03   -0.155027044206231990E+01    0.229720330958225949E+01    0.234069370167278912E+01
    0.415195969000722501E-04    0.567984811034328231E+03   -0.158617752169544812E+01    0.233666833409508046E+01    0.239472023443161319E+01
    0.416902884088294747E-04    0.567971605675191086E+03   -0.157702653127818104E+01    0.236616125297278312E+01    0.237193236714742284E+01
    0.417675362602406219E-04    0.567962903308215800E+03   -0.158961790588677054E+01    0.233982335169809286E+01    0.238851423982824151E+01
    0.418167027601049318E-04    0.567955550400246011E+03   -0.157582121749172899E+01    0.231861928487848390E+01    0.238223271723758678E+01
    0.429495299535813491E-04    0.567897090686138995E+03   -0.158817837002253759E+01    0.234460838694270679E+01    0.238505095587938420E+01
    0.433586747451491724E-04    0.567873128509467051E+03   -0.158807613651523072E+01    0.236680611607900993E+01    0.238677524458758050E+01
    0.434211381307022802E-04    0.567865249342330344E+03   -0.155928066575916802E+01    0.230676619712874897E+01    0.234857308876453175E+01
    0.473234139725544383E-04    0.567688131728781514E+03   -0.157505882580479373E+01    0.234301393341160669E+01    0.237789446232156187E+01
    0.473539984061953500E-04    0.567681839575397248E+03   -0.156168922513816488E+01    0.231813353368802666E+01    0.236231790161211919E+01
    0.480432728467216030E-04    0.567647937849954474E+03   -0.153695605512466105E+01    0.230847433293356596E+01    0.231463727167109923E+01
    0.479449108962873538E-04    0.567647036770510113E+03   -0.153246492228061659E+01    0.230816507657815606E+01    0.231686307011031545E+01
    0.479211598314832713E-04    0.567643027780785701E+03   -0.154799031866955783E+01    0.229812344285776060E+01    0.234067045096686854E+01
    0.484870271165770418E-04    0.567614549534741855E+03   -0.158847749932510118E+01    0.235662394869829717E+01    0.239316801955773784E+01
    0.485932721802916857E-04    0.567605171917165308E+03   -0.154039345225846791E+01    0.234461995010745516E+01    0.231900640710028227E+01
    0.498090094444194053E-04    0.567550750334391410E+03   -0.153035481668993767E+01    0.231887550545539112E+01    0.231136216730026867E+01
    0.499861106971613429E-04    0.567538651733240954E+03   -0.158015991699556735E+01    0.233680717059713494E+01    0.237305106244005870E+01
    0.526491933461970885E-04    0.567429840259998855E+03   -0.156184333499174399E+01    0.232717789315139623E+01    0.234594985258265609E+01
    0.542396631923585605E-04    0.567365317226739421E+03   -0.157518332846371578E+01    0.234588830943122018E+01    0.236358293135718966E+01
    0.544599078156031825E-04    0.567352212505714306E+03   -0.156920181312257689E+01    0.235515042064137736E+01    0.235396764332503672E+01
    0.546354691661454219E-04    0.567340775514268898E+03   -0.153656292422275564E+01    0.234074785251202133E+01    0.231233504319231464E+01
    0.560660776234345236E-04    0.567284080189416954E+03   -0.155085155548610110E+01    0.230091105223024739E+01    0.234571868847391585E+01
    0.559962002484076221E-04    0.567281574423352254E+03   -0.152656053940508585E+01    0.231006451321448791E+01    0.230191114678096120E+01
    0.560208699650393543E-04    0.567275693496294252E+03   -0.159107457233657090E+01    0.235017235318927797E+01    0.239826534349780474E+01
    0.561500828516365785E-04    0.567266085781355287E+03   -0.158859922382420549E+01    0.236533766222907671E+01    0.238691351336479407E+01
    0.568986718707723249E-04    0.567234598096010018E+03   -0.158653164678978120E+01    0.231944906635811243E+01    0.239228539413826624E+01
    0.568804957665495486E-04    0.567230237091873960E+03   -0.153937773652222543E+01    0.229893615572532273E+01    0.232357865061951685E+01
    0.567463351755615153E-04    0.567229959943060294E+03   -0.155034121724246132E+01    0.230675559710724798E+01    0.233487663991981798E+01
    0.577978694138859593E-04    0.567188238267509405E+03   -0.155302580840978788E+01    0.230235213898632152E+01    0.234134697883277099E+01
    0.588473229506503064E-04    0.567147249408198604E+03   -0.157009719508281642E+01    0.235573783452019647E+01    0.235540976255728118E+01
    0.588786698221127275E-04    0.567141184329146313E+03   -0.154438595363685938E+01    0.234781569073748164E+01    0.232467952997137139E+01
    0.602516625835058462E-04    0.567090081761330339E+03   -0.158439160692969550E+01    0.231744301416885534E+01    0.238873171609225388E+01
    0.604925910445175237E-04    0.567077100303877160E+03   -0.157124672969214618E+01    0.230615544325387845E+01    0.237335258309968467E+01
    0.613130422638145733E-04    0.567045156931707425E+03   -0.157377874554304786E+01    0.231088176255051625E+01    0.237837196152676889E+01
    0.618463715785548215E-04    0.567022835230284386E+03   -0.153608454456750820E+01    0.233129051881052130E+01    0.230912483705052729E+01
    0.622097554323918259E-04    0.567006118440412138E+03   -0.152788935204666032E+01    0.231311672058739903E+01    0.230736156625417088E+01
    0.631270817840596480E-04    0.566971842363186170E+03   -0.155269872120050301E+01    0.232330328797882313E+01    0.234775588706266980E+01
    0.635197132302469568E-04    0.566954441490221370E+03   -0.157050202019455076E+01    0.231989544353119115E+01    0.237459188266735843E+01
    0.636308183525603576E-04    0.566945946258256299E+03   -0.153631999658681817E+01    0.231180293973254614E+01    0.231295274384036809E+01
    0.637940510683512142E-04    0.566935822209683238E+03   -0.155860485850455799E+01    0.235938073258441783E+01    0.234166249424102446E+01
    0.643882452996868070E-04    0.566912279914708392E+03   -0.157600301809604648E+01    0.236624983841644054E+01    0.236835509301238289E+01
    0.646303355206044328E-04    0.566899774313468697E+03   -0.156847294752946831E+01    0.233236949425174878E+01    0.235530485498718889E+01
    0.657270845064837769E-04    0.566861119923418755E+03   -0.158759619452765355E+01    0.234204364164226764E+01    0.239529183736777718E+01
    0.663404990740455502E-04    0.566837540981876600E+03   -0.153875600694091585E+01    0.233185460670012423E+01    0.231245661546151737E+01
    0.667531014062418049E-04    0.566820140576372637E+03   -0.154493627914131682E+01    0.234437491309056467E+01    0.232808672102264147E+01
    0.667222020761435949E-04    0.566816066570315911E+03   -0.153416340370309268E+01    0.232950787733220332E+01    0.231468099618776613E+01
    0.666800459993546264E-04    0.566812330599335041E+03   -0.153495059735599626E+01    0.230232207656545418E+01    0.231553159913124773E+01
    0.671312687288380829E-04    0.566793842220099236E+03   -0.157945505004457010E+01    0.232988975246059926E+01    0.237381658986646116E+01
    0.673314670821495925E-04    0.566782886711309857E+03   -0.155490701932564646E+01    0.233662152377309074E+01    0.234818236057030383E+01
    0.680334071821343410E-04    0.566757144361550786E+03   -0.156957608827515083E+01    0.234691019553705926E+01    0.236829154380307116E+01
    0.678653876123393759E-04    0.566757089796296100E+03   -0.155564696425639371E+01    0.235565811373465195E+01    0.233603389612858336E+01
    0.679130541616911352E-04    0.566750685551242555E+03   -0.158648024351251382E+01    0.233519803277120142E+01    0.238459385466830831E+01
    0.698664574432755720E-04    0.566688970756474987E+03   -0.157229963659628424E+01    0.233109741898919909E+01    0.237588361317418872E+01
    0.711791757377493758E-04    0.566646741494713979E+03   -0.158845073501049727E+01    0.236130157714584232E+01    0.239047887860028219E+01
    0.731788783722565856E-04    0.566586328429799323E+03   -0.154408454919838301E+01    0.232147863412507771E+01    0.233416666656882477E+01
    0.733261032933255757E-04    0.566577308772066090E+03   -0.156899782146658628E+01    0.233648272190653872E+01    0.235545409740458211E+01
    0.739421672345924439E-04    0.566555575567207711E+03   -0.156634989420345327E+01    0.234364454141653233E+01    0.236420647636999348E+01
    0.741388561336540832E-04    0.566545262556525927E+03   -0.153680557299093712E+01    0.232127483940279156E+01    0.231137876457960090E+01
    0.740694276632615462E-04    0.566542136364755606E+03   -0.158922671487682532E+01    0.235774701073482618E+01    0.238651678227749997E+01
    0.743286872795308776E-04    0.566530148139059065E+03   -0.155760872074415624E+01    0.235445289890258147E+01    0.234546796916310640E+01
    0.745940763594508510E-04    0.566518019897428985E+03   -0.156440293827679278E+01    0.236185667745524031E+01    0.235174130623541267E+01
    0.749347353180701705E-04    0.566503907016930157E+03   -0.157987347293870872E+01    0.231327886019461015E+01    0.238409741287223298E+01
    0.760200828208389124E-04    0.566470146988761030E+03   -0.159447066971038387E+01    0.234211969437452749E+01    0.239827775416029354E+01
    0.762687810906827700E-04    0.566458614705715604E+03   -0.155215900384949790E+01    0.230053669985983023E+01    0.234680150231330487E+01
    0.761207463801308196E-04    0.566457500399426294E+03   -0.158621017005039344E+01    0.232140581404041546E+01    0.239019939556072814E+01
    0.763106316652077899E-04    0.566447517557029073E+03   -0.157590704146036931E+01    0.236473240656215333E+01    0.236972546027151942E+01
    0.781322488529445614E-04    0.566395336316664498E+03   -0.155957461510214612E+01    0.232835547675373711E+01    0.235732093695679623E+01
    0.786250343600584592E-04    0.566377761790739669E+03   -0.159156891288323110E+01    0.233009573750596610E+01    0.239699981953706498E+01
    0.793010431012510078E-04    0.566355639529971995E+03   -0.155733565638034110E+01    0.230019053817241526E+01    0.235254713701802842E+01
    0.797627736283890382E-04    0.566339028295348612E+03   -0.159157165841705539E+01    0.233950432001970832E+01    0.240019027788209094E+01
    0.796227444703779001E-04    0.566337542521627370E+03   -0.153327026536707689E+01    0.230311439396681816E+01    0.231357703885755228E+01
    0.807589143888722385E-04    0.566304205392967674E+03   -0.153951551574074941E+01    0.232419804349509507E+01    0.232579331210723161E+01
    0.810809504148750316E-04    0.566291246007894642E+03   -0.153224785412725484E+01    0.233231128624065098E+01    0.230814396641504871E+01
    0.811873559715957675E-04    0.566283623053989800E+03   -0.159146436281962256E+01    0.235359293766463784E+01    0.239077242424589187E+01
    0.809895788051745994E-04    0.566283501115465924E+03   -0.154633033656288132E+01    0.233068877792204621E+01    0.233560139621738827E+01
    0.811560102487903081E-04    0.566274395385472644E+03   -0.155346421248453570E+01    0.234456216545708784E+01    0.234295864511820184E+01
    0.846781496183783198E-04    0.566184426905668261E+03   -0.152946382726666652E+01    0.232299857856208947E+01    0.230290893959919174E+01
    0.849091302526525457E-04    0.566173978837221625E+03   -0.159290587552547169E+01    0.235287508779943400E+01    0.239367236550880236E+01
    0.850017672187168831E-04    0.566166798000639119E+03   -0.153596480275322422E+01    0.231788838624897320E+01    0.231116950893716044E+01
    0.848213243634683695E-04    0.566166048139332815E+03   -0.153143025601950278E+01    0.232036907211189725E+01    0.231215928976431329E+01
    0.849910717383389156E-04    0.566157049669602543E+03   -0.154420465298829201E+01    0.234726785259933424E+01    0.232210768505261633E+01
    0.848538247058260866E-04    0.566155281961305377E+03   -0.156661880941625054E+01    0.235994274130494563E+01    0.235759660273709315E+01
    0.847993393958964908E-04    0.566151566589554818E+03   -0.157769313462365579E+01    0.235054820458998481E+01    0.237918590038008304E+01
    0.863384174999224773E-04    0.566110592772288442E+03   -0.157922684252813528E+01    0.231854876422402745E+01    0.237789886854748644E+01
    0.870946692656387615E-04    0.566088150735755562E+03   -0.156326158206764410E+01    0.232827474253740885E+01    0.236283698666549569E+01
    0.885149144330850797E-04    0.566050799969838749E+03   -0.156954338781877301E+01    0.231705139817282202E+01    0.236168955017570781E+01
    0.885708539730394056E-04    0.566044536411681179E+03   -0.159230076525655107E+01    0.235439202885022514E+01    0.239764727183521664E+01
    0.892326699556655721E-04    0.566024647639525824E+03   -0.153815127358012749E+01    0.234048491129761560E+01    0.231432197243953475E+01
    0.897117824843631612E-04    0.566008937865245912E+03   -0.156042516149667265E+01    0.235569152584288632E+01    0.234941285328614136E+01
    0.912509977967597760E-04    0.565969914240480648E+03   -0.153012390676789156E+01    0.232739698630469638E+01    0.230583407914046035E+01
    0.940036322118453218E-04    0.565905475250654263E+03   -0.158549330574379832E+01    0.235475567927085994E+01    0.238884246875598727E+01
    0.960400236869388124E-04    0.565857612058825907E+03   -0.154791436799801607E+01    0.230198889659605577E+01    0.233455555123413561E+01
    0.959370374644769687E-04    0.565854757861698999E+03   -0.156442953675905549E+01    0.234051321767448117E+01    0.234808025269241050E+01
    0.964388738650379356E-04    0.565839323342420244E+03   -0.156206310099924250E+01    0.230993270907108617E+01    0.236230787622975846E+01
    0.964485424274860340E-04    0.565834122840746431E+03   -0.156068730100953434E+01    0.235531761883388713E+01    0.234274027444740440E+01
    0.962094537257544640E-04    0.565834086845962815E+03   -0.152775391124827697E+01    0.231647483380284935E+01    0.230283220063351024E+01
    0.979510990716009236E-04    0.565793205364666733E+03   -0.158172390576129995E+01    0.236050428133499413E+01    0.238103342330772705E+01
    0.977148611574214343E-04    0.565793034779628670E+03   -0.159029930039463263E+01    0.233741394438603178E+01    0.239158847464134183E+01
    0.986088384960476889E-04    0.565769820299783305E+03   -0.155457989894726145E+01    0.234129571391705893E+01    0.234583726032592921E+01
    0.995784037437876169E-04    0.565745251472408540E+03   -0.156634741555766732E+01    0.235587644050653644E+01    0.235930593364505015E+01
    0.101127270516390344E-03    0.565709382439406227E+03   -0.153830549196272126E+01    0.230066420984189302E+01    0.232350104773408894E+01
    0.101482806165926212E-03    0.565697363321299463E+03   -0.157990306544999748E+01    0.231733088711317459E+01    0.238019137617283860E+01
    0.101305266140012040E-03    0.565695865303822529E+03   -0.156470608155913160E+01    0.233150818694065176E+01    0.234999332272199446E+01
    0.101842689225258983E-03    0.565680283374252781E+03   -0.157255460452793949E+01    0.232619693985777864E+01    0.237652314454458669E+01
    0.102246898122696408E-03    0.565667361178295550E+03   -0.155245818659608892E+01    0.234829899020236299E+01    0.233096730177864941E+01
    0.102348076947696007E-03    0.565660383048906738E+03   -0.155883321272471509E+01    0.234958289348382854E+01    0.234967170746252663E+01
    0.102499721274480974E-03    0.565652421936201449E+03   -0.158234672463353432E+01    0.236187573520889238E+01    0.237594755998799556E+01
    0.102282713519700159E-03    0.565651660734050211E+03   -0.157081621980400810E+01    0.234897370496696656E+01    0.236914035363770203E+01
    0.102233977728110776E-03    0.565647613923586277E+03   -0.157602004783735605E+01    0.231878671369223577E+01    0.237223846541994199E+01
    0.102874383322854528E-03    0.565630124765708956E+03   -0.153691156780456417E+01    0.232009664799382342E+01    0.231217590067147860E+01
    0.103203064290532473E-03    0.565618745004115681E+03   -0.152876611724054334E+01    0.232251069908688956E+01    0.230368541039401364E+01
    0.104201163178647827E-03    0.565594495510404727E+03   -0.158848735242371020E+01    0.234514618894681659E+01    0.239523201721991974E+01
    0.104110325765654569E-03    0.565591239771735900E+03   -0.153843203824842623E+01    0.232628355453500957E+01    0.232302144402585142E+01
    0.104241444734370309E-03    0.565583722509977861E+03   -0.156862515232308875E+01    0.235266858121444500E+01    0.236435542206540816E+01
    0.106193575950619097E-03    0.565541614861062271E+03   -0.155617452755947960E+01    0.234983034608904395E+01    0.234493544257859021E+01
    0.106327033252158975E-03    0.565534102966906062E+03   -0.153237855980381776E+01    0.230465339139625414E+01    0.231292504065251592E+01
    0.106696444788238734E-03    0.565522166418694951E+03   -0.158710661431319489E+01    0.235806142089802151E+01    0.238352304188099851E+01
    0.107567877467236656E-03    0.565500897961590454E+03   -0.157094420813083935E+01    0.232621189303827292E+01    0.236119926634404464E+01
    0.108822579727477824E-03    0.565472704400505336E+03   -0.154935691398117936E+01    0.230154545009430711E+01    0.234230591674867661E+01
    0.109197097971401152E-03    0.565460833119595918E+03   -0.159418015136511726E+01    0.235336926795743562E+01    0.239822008792245001E+01
    0.109293363438344617E-03    0.565454070745667991E+03   -0.155525329905609677E+01    0.231742482627309743E+01    0.233910431835321830E+01
    0.110545429825616390E-03    0.565426288962582930E+03   -0.157249582603789984E+01    0.234846142446987027E+01    0.237178037958365806E+01
    0.112249646467736522E-03    0.565390691340585363E+03   -0.159241150166699486E+01    0.234386947422618874E+01    0.239445734782726838E+01
    0.112959532531380904E-03    0.565373082824042285E+03   -0.155577976990719979E+01    0.231761258235815903E+01    0.235274636375098467E+01
    0.113640732991923075E-03    0.565356058080628941E+03   -0.152845943940733342E+01    0.231963434182092954E+01    0.230413718662576095E+01
    0.114298099434463209E-03    0.565339522209219240E+03   -0.158229427828555513E+01    0.235741513120108959E+01    0.238302550270895352E+01
    0.114560206390790256E-03    0.565329941085191763E+03   -0.158625269670948343E+01    0.232544595603107274E+01    0.238866252964057502E+01
    0.115130283806053085E-03    0.565315013315255101E+03   -0.155852767560841632E+01    0.234304883963060950E+01    0.235154407229823725E+01
    0.115422210499756413E-03    0.565304948493022835E+03   -0.154743378052388136E+01    0.231450999860741335E+01    0.234009982991580223E+01
    0.116496705950198070E-03    0.565281416099803550E+03   -0.154874439331667135E+01    0.235019968777192156E+01    0.232871997544019216E+01
    0.119288446332704520E-03    0.565229053136961966E+03   -0.154905651143195566E+01    0.230048357117928370E+01    0.234078711224937841E+01
    0.120462714732035058E-03    0.565204461527326089E+03   -0.153618238747917291E+01    0.232402567869690335E+01    0.231944143616905407E+01
    0.120531489235280653E-03    0.565198320014310752E+03   -0.155239390085381079E+01    0.232460483132912277E+01    0.233302238034966791E+01
    0.121296068394509605E-03    0.565180673288447792E+03   -0.157023697856986733E+01    0.232492004497803961E+01    0.237319430272799536E+01
    0.122564823897403237E-03    0.565154861965416558E+03   -0.156043533553505931E+01    0.230278131219195448E+01    0.235689905376180775E+01
    0.123043905994260118E-03    0.565142059592843339E+03   -0.155479595843067719E+01    0.232659258303017191E+01    0.234983731487712433E+01
    0.125896441029745454E-03    0.565091222749964459E+03   -0.158346673220814527E+01    0.235754674779482576E+01    0.238446041249812168E+01
    0.127079390925409930E-03    0.565067518061712235E+03   -0.154667356331397143E+01    0.232127251303393756E+01    0.233786349340261523E+01
    0.126885945783311290E-03    0.565065564858287303E+03   -0.157087378145527778E+01    0.235938584002435325E+01    0.236437585746082313E+01
    0.130412685000794122E-03    0.565005734250054729E+03   -0.155523499052536485E+01    0.230893464390869818E+01    0.234245632513615476E+01
    0.130299945962347334E-03    0.565002463955977419E+03   -0.158105514926393198E+01    0.232310368561717873E+01    0.238753284820175615E+01
    0.130679030992759683E-03    0.564991653751623744E+03   -0.155316301878468410E+01    0.230156091621736669E+01    0.234415129239232556E+01
    0.131686784294816157E-03    0.564971289581456290E+03   -0.152905084095151156E+01    0.231302105482038245E+01    0.230688508162318406E+01
    0.133150254062955391E-03    0.564944185654096600E+03   -0.158319747192329596E+01    0.233308015608038000E+01    0.238992926089129654E+01
    0.135552540058245648E-03    0.564903423465461060E+03   -0.153350170429367783E+01    0.232324944371620035E+01    0.230792549064144303E+01
    0.137064107237303023E-03    0.564876244589966518E+03   -0.158173521720765264E+01    0.233475312684110170E+01    0.237723184575821911E+01
    0.140127841640947509E-03    0.564827031773773342E+03   -0.154631187305646578E+01    0.231051407081332583E+01    0.233837204594701298E+01
    0.140468540563087115E-03    0.564817174988566194E+03   -0.157909756567430448E+01    0.234578358641696649E+01    0.238202063437665856E+01
    0.143027864269560431E-03    0.564776063162184300E+03   -0.157598412023542855E+01    0.235709002235514209E+01    0.236561665073416805E+01
    0.143945121086544388E-03    0.564758277848060629E+03   -0.155171311697912406E+01    0.234319574400543873E+01    0.233007440038612756E+01
    0.145516372323991049E-03    0.564731564885115176E+03   -0.155217974889814725E+01    0.231077068817690012E+01    0.233707642471306976E+01
    0.146674420060628790E-03    0.564710711493010990E+03   -0.152998376534731806E+01    0.232230063466587566E+01    0.230608163283383227E+01
    0.146726196561532720E-03    0.564705005611720935E+03   -0.156009401642819667E+01    0.231338446257389041E+01    0.235911149637489004E+01
    0.147087528910706095E-03    0.564695086406115365E+03   -0.153861692456095822E+01    0.230241945824278726E+01    0.232291684021453904E+01
    0.147263140217947268E-03    0.564687699982757181E+03   -0.156332257499722616E+01    0.230574592410589974E+01    0.235809306479343661E+01
    0.148893861753019216E-03    0.564660674665035003E+03   -0.153850751385998508E+01    0.232202668413372093E+01    0.232383214249933800E+01
    0.152265836323065007E-03    0.564610886261926339E+03   -0.159323770455058966E+01    0.234339996396793371E+01    0.239953712392198248E+01
    0.153575856928055051E-03    0.564588752841001792E+03   -0.154177406412690354E+01    0.231757138823295739E+01    0.233023867848766209E+01
    0.156025148711542603E-03    0.564552107686912336E+03   -0.157783749814033958E+01    0.231761896295192260E+01    0.238280072929055464E+01
    0.156608033781255627E-03    0.564539649927752293E+03   -0.155840392769164238E+01    0.230834216169955297E+01    0.234803105798096468E+01
    0.157390918012696441E-03    0.564524676826260020E+03   -0.156628739688359975E+01    0.235989261197166433E+01    0.235509134589261215E+01
    0.158196535271656929E-03    0.564509465786492342E+03   -0.153452217877596553E+01    0.230575139259903761E+01    0.231537604742383607E+01
    0.159129870671445871E-03    0.564492700763806170E+03   -0.155741313586737018E+01    0.230637113765334600E+01    0.234758993772927838E+01
    0.162650166419172384E-03    0.564443938742619707E+03   -0.158404857214402051E+01    0.235623304725771510E+01    0.238539232703944570E+01
    0.162414611241194833E-03    0.564441837306049365E+03   -0.157667184561260165E+01    0.236226909564735443E+01    0.236870816676934659E+01
    0.164893906289164803E-03    0.564406537544993171E+03   -0.155537191225182836E+01    0.232427059380951739E+01    0.235089549454376723E+01
    0.165139857268819916E-03    0.564398556625434821E+03   -0.156290594856896359E+01    0.233634030523640712E+01    0.236007718465970306E+01
    0.165437056504817991E-03    0.564389960496319986E+03   -0.156253796275900547E+01    0.231082614795863117E+01    0.236231344978051361E+01
    0.165510951457270046E-03    0.564384067365654118E+03   -0.159059968937034246E+01    0.234953065665985505E+01    0.239086506451193870E+01
    0.166761928739352864E-03    0.564364007656994545E+03   -0.156279825716258469E+01    0.231059968380359848E+01    0.235414282133766584E+01
    0.169579019049591139E-03    0.564325504080261908E+03   -0.155609314767751972E+01    0.230295319690624600E+01    0.234848896160403875E+01
    0.172701697569859229E-03    0.564284010465419556E+03   -0.155691193914042048E+01    0.230868612337750934E+01    0.235409879094844676E+01
    0.172271341226195375E-03    0.564284000496738145E+03   -0.157251660507142232E+01    0.231527865815478817E+01    0.237593965863739953E+01
    0.172877883834752664E-03    0.564271971151876301E+03   -0.153663323755402903E+01    0.231812608665435915E+01    0.232114555450915816E+01
    0.174203832783083323E-03    0.564251689962053547E+03   -0.155124685313817290E+01    0.231843934239108185E+01    0.234525635297429424E+01
    0.174673059017318809E-03    0.564241310109983147E+03   -0.156608510145746060E+01    0.235748256227891595E+01    0.235165652442017503E+01
    0.174913898665979642E-03    0.564233554404354322E+03   -0.154824498734491600E+01    0.231991573904194759E+01    0.232845406941899036E+01
    0.174557844696889545E-03    0.564232629744910923E+03   -0.154447233588963284E+01    0.230461352545790232E+01    0.232897769134887866E+01
    0.174381360701409533E-03    0.564229652836702257E+03   -0.154085743228955052E+01    0.233199639991404650E+01    0.232478557771150207E+01
    0.175261894986099325E-03    0.564214579298810236E+03   -0.158313083556044920E+01    0.236074133127809915E+01    0.238121980118973831E+01
    0.177331768675979097E-03    0.564186097340046672E+03   -0.154737072159033207E+01    0.230353186210744720E+01    0.233889236931782918E+01
    0.176964241459214868E-03    0.564185246721784893E+03   -0.153709995854277892E+01    0.230487047987666083E+01    0.232194326707649523E+01
    0.177640780634791387E-03    0.564172615245023053E+03   -0.156243829236207454E+01    0.234764873480145342E+01    0.234531708686229834E+01
    0.178056579210220372E-03    0.564162939373771110E+03   -0.159137036909138585E+01    0.234266283022847688E+01    0.239372590005482344E+01
    0.177840331111750585E-03    0.564160369831792082E+03   -0.153653489932905529E+01    0.231240583047684556E+01    0.232167075963811342E+01
    0.179177658459893146E-03    0.564140386456813417E+03   -0.153226771051536459E+01    0.230884210522725386E+01    0.231202449275470023E+01
    0.180468780783442573E-03    0.564121026488474058E+03   -0.156934176014698679E+01    0.235305411604160142E+01    0.236463391438454451E+01
    0.180398844511466634E-03    0.564116801689882550E+03   -0.158010571779549691E+01    0.234856117705311318E+01    0.237255865969905244E+01
    0.180466774741684384E-03    0.564111048720052281E+03   -0.156631040537269151E+01    0.235158912184274627E+01    0.235106164203829415E+01
    0.180615530399020539E-03    0.564104400833532850E+03   -0.154503041803502961E+01    0.231908653380771801E+01    0.232413051467062104E+01
    0.180201454189993752E-03    0.564103991264787396E+03   -0.157698190545790329E+01    0.235541865624255520E+01    0.237539399952034103E+01
    0.184024304745981649E-03    0.564057006415011301E+03   -0.156300814159718282E+01    0.231067141283726185E+01    0.235462923762181831E+01
    0.184040178876986824E-03    0.564051833900338238E+03   -0.154100203987453721E+01    0.233149263633880199E+01    0.231671029451306509E+01
    0.184298616271112161E-03    0.564044027381557953E+03   -0.158521262208200753E+01    0.232404043512205494E+01    0.238916384060245512E+01
    0.184259265888978544E-03    0.564039454455666828E+03   -0.156663326991792218E+01    0.231436847767361353E+01    0.235888632770239148E+01
    0.184822958100134725E-03    0.564028345327534339E+03   -0.156709839946939877E+01    0.233084614594235617E+01    0.236742307387605422E+01
    0.184387667112243425E-03    0.564028061239372846E+03   -0.159150158376108486E+01    0.233714981054901338E+01    0.239669760045346436E+01
    0.186013019263072185E-03    0.564005508760201110E+03   -0.154037555487012678E+01    0.230293934369321551E+01    0.232600031521339723E+01
    0.185819252579977513E-03    0.564002593212953684E+03   -0.156412257717324321E+01    0.233646194601727775E+01    0.236177939859459229E+01
    0.186239149735215563E-03    0.563993078896589395E+03   -0.156483669457262886E+01    0.234828235391049001E+01    0.234888793342628333E+01
    0.186968024972920544E-03    0.563980266869235152E+03   -0.153670906592779444E+01    0.232466330319702230E+01    0.231207000797113160E+01
    0.189895549868519082E-03    0.563944193727873767E+03   -0.156187205814122088E+01    0.230763003292403646E+01    0.236054082300831247E+01
    0.189579155956268592E-03    0.563942528801128560E+03   -0.153367876263565672E+01    0.231112231846513572E+01    0.231188120314258327E+01
    0.189723428602705775E-03    0.563936007349292822E+03   -0.158179794000418417E+01    0.233950281249583902E+01    0.237672276434306262E+01
    0.190540253914933000E-03    0.563922415137034932E+03   -0.154445752512596979E+01    0.234275600342776258E+01    0.232582871284682113E+01
    0.195215456999854104E-03    0.563868934382216253E+03   -0.157288757483129715E+01    0.232320556236201048E+01    0.236598551920563693E+01
    0.195235603705191425E-03    0.563863727988049277E+03   -0.156093919859570951E+01    0.232806274912400024E+01    0.235860905345602845E+01
    0.194824397131544680E-03    0.563862944844174876E+03   -0.155594714727325245E+01    0.234103421211805429E+01    0.234742355117804635E+01
    0.196524465127605516E-03    0.563840568238753463E+03   -0.154998709923812839E+01    0.230389135737597384E+01    0.234265749601853024E+01
    0.197100831917565862E-03    0.563829711224926314E+03   -0.158364418301877241E+01    0.235304067901153724E+01    0.237845635400616651E+01
    0.197616614825440952E-03    0.563819484364997038E+03   -0.154660671617326240E+01    0.230623940995466281E+01    0.233138546695384363E+01
    0.197316494785119349E-03    0.563817524070615832E+03   -0.155740545005850239E+01    0.230542716153206628E+01    0.234878362813448405E+01
    0.197548244948773504E-03    0.563810176429340913E+03   -0.153215919175014204E+01    0.231869302817058776E+01    0.231206803880430556E+01
    0.197789252744079544E-03    0.563802737927285648E+03   -0.154097383900784535E+01    0.233255284814132935E+01    0.232453456186076579E+01
    0.199802999381313093E-03    0.563777478338763899E+03   -0.157688187449730988E+01    0.233716117113836308E+01    0.236898529210891340E+01
    0.207410454351011832E-03    0.563697742692340512E+03   -0.154539828830640591E+01    0.234052136033861702E+01    0.232906559842113836E+01
    0.208217378102658221E-03    0.563684976852784189E+03   -0.156667530705121472E+01    0.232570045456079910E+01    0.236743253140510745E+01
    0.208678562434114510E-03    0.563675551916249788E+03   -0.158500970426061683E+01    0.233885920503800904E+01    0.239089751914740845E+01
    0.210697631795929462E-03    0.563651293932703538E+03   -0.153734571917549689E+01    0.230538939031457835E+01    0.232002453281753063E+01
    0.212999234009509427E-03    0.563624564955797382E+03   -0.156410270970943754E+01    0.235577990436640228E+01    0.234899503817959321E+01
    0.213409947867245051E-03    0.563615712187121744E+03   -0.156163169018605585E+01    0.235164287548411322E+01    0.234472035089701869E+01
    0.212899298294600618E-03    0.563615503542894203E+03   -0.155047190765624388E+01    0.234427542156203428E+01    0.232917803557919711E+01
    0.216105312031487337E-03    0.563580610405666675E+03   -0.154508199506213906E+01    0.231099293150117902E+01    0.233577619951793558E+01
    0.218292862833894370E-03    0.563555466957365297E+03   -0.159015104400304930E+01    0.235378334602140393E+01    0.239174164572493630E+01
    0.218290812417069272E-03    0.563550485743379909E+03   -0.158642339080025052E+01    0.235804754882525636E+01    0.238613896680013049E+01
    0.218157177111544904E-03    0.563546710496962532E+03   -0.157112311545905570E+01    0.234831351790488485E+01    0.235853844621330033E+01
    0.218588251952594586E-03    0.563537762430630551E+03   -0.158179567042595393E+01    0.232641230887483230E+01    0.238069823840005235E+01
    0.219553116046299892E-03    0.563523953715234938E+03   -0.153961963198265317E+01    0.230864759564130217E+01    0.232664643523567705E+01
    0.219464234924946410E-03    0.563519763534002891E+03   -0.158712537174769830E+01    0.235120993242113441E+01    0.238487134932961631E+01
    0.220329859172852855E-03    0.563506890528181884E+03   -0.158354841533224389E+01    0.233625015254854773E+01    0.238071584922095170E+01
    0.219797884108387720E-03    0.563506725263838916E+03   -0.153475191059701288E+01    0.232634653919245338E+01    0.231024357776315625E+01
    0.219441067721231036E-03    0.563504974670242063E+03   -0.154312927555546087E+01    0.230336507920273981E+01    0.233092964137039793E+01
    0.220629724031186830E-03    0.563489170415808985E+03   -0.157139171531052924E+01    0.232895005662332633E+01    0.237373361953388873E+01
    0.220401566674231634E-03    0.563486239723652716E+03   -0.157021524758359599E+01    0.233311036660974791E+01    0.237140498723715787E+01
    0.221471054017561360E-03    0.563471558296185776E+03   -0.153549674049162732E+01    0.230731346238983459E+01    0.231848776444113369E+01
    0.221418934666048090E-03    0.563467029016708580E+03   -0.153668620806960132E+01    0.233081696644643133E+01    0.231237050873790295E+01
    0.221831381067278424E-03    0.563458306997744330E+03   -0.155145738901557495E+01    0.234889355953474954E+01    0.233503699149035349E+01
    0.221696838883469945E-03    0.563454520378827056E+03   -0.155844572474837539E+01    0.234257243210987642E+01    0.233999931134237293E+01
    0.225828355736720212E-03    0.563412591649155047E+03   -0.153711125180294172E+01    0.230770942374015720E+01    0.231810608060385093E+01
    0.227541694669140647E-03    0.563392475105065387E+03   -0.156063297283057434E+01    0.232630491895024472E+01    0.235826658518833732E+01
    0.227939037233556950E-03    0.563383985669509684E+03   -0.158303752201451564E+01    0.234116329035856774E+01    0.238782261772169235E+01
    0.228989672017650104E-03    0.563369788290449264E+03   -0.154960812636305856E+01    0.230287146567542855E+01    0.234033681512110725E+01
    0.229245651687091381E-03    0.563362553808009125E+03   -0.159015508120920690E+01    0.233860787667620285E+01    0.239612868310131688E+01
    0.229680193988661109E-03    0.563353766333971407E+03   -0.153784624738580455E+01    0.230653996460123478E+01    0.231987475759598105E+01
    0.235532768141155603E-03    0.563298442001550484E+03   -0.157820424720565411E+01    0.234857526961380891E+01    0.237926957666831207E+01
    0.235797859463109371E-03    0.563291192274209379E+03   -0.154412013002352344E+01    0.231105709217854471E+01    0.232583172195010235E+01
    0.238849107104740891E-03    0.563260478091765663E+03   -0.157166696792192839E+01    0.231223235083294476E+01    0.237313664552968007E+01
    0.240382163551468216E-03    0.563242682084742341E+03   -0.158119572245464068E+01    0.235216290442663301E+01    0.238228407970506240E+01
    0.242003163768827811E-03    0.563224240495812069E+03   -0.154628028467692591E+01    0.232945115280706094E+01    0.232421522970657257E+01
    0.243491298425995345E-03    0.563206979681869825E+03   -0.153522067832714804E+01    0.230869593047014909E+01    0.231800878057131676E+01
    0.243031921579534526E-03    0.563205756496328718E+03   -0.154050264716104457E+01    0.231300676176421671E+01    0.232791868244382094E+01
    0.242477581516673468E-03    0.563205323577304171E+03   -0.159048207496246063E+01    0.235009268965744900E+01    0.239393314164232862E+01
    0.242762209460937816E-03    0.563197977290110089E+03   -0.158018961424426996E+01    0.236016819840724068E+01    0.237563314768893363E+01
    0.242806059444059354E-03    0.563192616064008234E+03   -0.156055654685929213E+01    0.231307502378877583E+01    0.234992654496291031E+01
    0.244864439716107349E-03    0.563170732594539231E+03   -0.153396589401210326E+01    0.232548167590244947E+01    0.231004984054685103E+01
    0.245586963137856527E-03    0.563159839868448671E+03   -0.155660829225518427E+01    0.235283889957126569E+01    0.234139943021321884E+01
    0.248374873344497297E-03    0.563132263712933877E+03   -0.154481570206778485E+01    0.230891215415919104E+01    0.233504152348960758E+01
    0.249596744294840428E-03    0.563117448909364953E+03   -0.155930799449980606E+01    0.230722180870980109E+01    0.235123140545659304E+01
    0.249211852738945587E-03    0.563115535396924201E+03   -0.153958482264106200E+01    0.231288064466976095E+01    0.232629727532835773E+01
    0.249185117646153040E-03    0.563110749965586592E+03   -0.156713309067177975E+01    0.233100113326101610E+01    0.235480669341961857E+01
    0.250088751852829434E-03    0.563098510370257713E+03   -0.157045280919176133E+01    0.231385377356555866E+01    0.237231827130000283E+01
    0.252556398581966558E-03    0.563073872925814840E+03   -0.156179636611626260E+01    0.235551287826271727E+01    0.234923325051381404E+01
    0.254567297888964178E-03    0.563053011629167599E+03   -0.155618714872051456E+01    0.231416268018614257E+01    0.234265231819204622E+01
    0.255407524485536954E-03    0.563041421285331012E+03   -0.153679606521434464E+01    0.231151725100161887E+01    0.231610754370145067E+01
    0.256306306116354415E-03    0.563029395619802358E+03   -0.156745390323900580E+01    0.234017662752634825E+01    0.235377710760917935E+01
    0.257270631102836204E-03    0.563016884954506509E+03   -0.155566919948746385E+01    0.233027946928190044E+01    0.234967888194587360E+01
    0.258271148757477169E-03    0.563004122100360973E+03   -0.155997663567880718E+01    0.231515115326011278E+01    0.235816446022514548E+01
    0.260517057811178736E-03    0.562981805414623182E+03   -0.158172740815781632E+01    0.234972873178226216E+01    0.237579419133650305E+01
    0.264078779107068792E-03    0.562949647166122759E+03   -0.157389850695734923E+01    0.232030031092230704E+01    0.236930653648086320E+01
    0.263487376612612319E-03    0.562949131174323611E+03   -0.158788121796953829E+01    0.235091966270149788E+01    0.238685623798725288E+01
    0.263327102427732740E-03    0.562945348105111975E+03   -0.156613998924201403E+01    0.235126100736997179E+01    0.235965871956704021E+01
    0.264770906508102958E-03    0.562929412198115642E+03   -0.155481849810862394E+01    0.233348399797129114E+01    0.233581287508066104E+01
    0.269749523185496508E-03    0.562887154421763626E+03   -0.154046926391083128E+01    0.230525698653854993E+01    0.232499569322344968E+01
    0.270432551408259305E-03    0.562877096656103504E+03   -0.156776289880704733E+01    0.235820701241901443E+01    0.235702146215192876E+01
    0.274277123576021937E-03    0.562843864104443810E+03   -0.154339506736105192E+01    0.231035135957672244E+01    0.233259714347470037E+01
    0.281682879222549913E-03    0.562785578301999180E+03   -0.155774727571342297E+01    0.234911776183081500E+01    0.234643217327393749E+01
    0.281616429677030604E-03    0.562781050161593384E+03   -0.155591472076297110E+01    0.232810244342747286E+01    0.235043830519219732E+01
    0.281476347916037465E-03    0.562777045249930211E+03   -0.155368214942476923E+01    0.235033968273166760E+01    0.233610947946731606E+01
    0.284806325995728266E-03    0.562748523312094790E+03   -0.158207541298169718E+01    0.233044560680810875E+01    0.238749727203656725E+01
    0.284339210292476889E-03    0.562746806239067610E+03   -0.157059637000744967E+01    0.231139981581458409E+01    0.236997110865912930E+01
    0.284740846950132058E-03    0.562738983179505226E+03   -0.156245884486393316E+01    0.231370942112000755E+01    0.236154104144800314E+01
    0.288110554650864738E-03    0.562710453541220204E+03   -0.156131051642020990E+01    0.231512371681325257E+01    0.235050715622317341E+01
    0.287681632982158902E-03    0.562708433239502028E+03   -0.153344329117957989E+01    0.231666182559645861E+01    0.231385967800377657E+01
    0.288454215661292101E-03    0.562698069343858037E+03   -0.154564539603780493E+01    0.231132704239799835E+01    0.232823139099514087E+01
    0.287918095984881844E-03    0.562696789993307675E+03   -0.154051836885663573E+01    0.233231365218173758E+01    0.231702023529792811E+01
    0.289189041217321520E-03    0.562682980902549957E+03   -0.153719178345646634E+01    0.230909062686725619E+01    0.231824615225850295E+01
    0.288617200036890120E-03    0.562681939609301821E+03   -0.155658460895301776E+01    0.230783315679745327E+01    0.234662721963684540E+01
    0.292621309258894876E-03    0.562649383468397900E+03   -0.157153335220127333E+01    0.235554385130315058E+01    0.236596181761594693E+01
    0.297994560022532681E-03    0.562607991632042740E+03   -0.158479243742933806E+01    0.232827043883368567E+01    0.239000947487118154E+01
    0.299694006284323086E-03    0.562591618144661652E+03   -0.157375905901251834E+01    0.231454282043518011E+01    0.237306374524067110E+01
    0.299814834798248621E-03    0.562585811961284435E+03   -0.154438268039500493E+01    0.230453215379283272E+01    0.233210249105383127E+01
    0.299727018145536897E-03    0.562581397853014323E+03   -0.156385946710951718E+01    0.235533843788366015E+01    0.234965850350455874E+01
    0.300967152156250998E-03    0.562568139835314696E+03   -0.156637851372476833E+01    0.235440404905268164E+01    0.235810475889078575E+01
    0.300308477536007047E-03    0.562567521685176416E+03   -0.153592833485981717E+01    0.232277383829840112E+01    0.231247765907752623E+01
    0.299824045500643693E-03    0.562565750519622043E+03   -0.156886653260288034E+01    0.235766113571010738E+01    0.235742329631906955E+01
    0.299430552918775867E-03    0.562563377066932389E+03   -0.154111654941451870E+01    0.230581521382820664E+01    0.232735333568103009E+01
    0.306900552482409085E-03    0.562509094571149490E+03   -0.158522250778581464E+01    0.232783812465761164E+01    0.238961157646857991E+01
    0.307768039152890767E-03    0.562498449335598252E+03   -0.154409957532423348E+01    0.233314805760723942E+01    0.232140250197074494E+01
    0.307922682269674104E-03    0.562492444655068539E+03   -0.155697511272486633E+01    0.235200904226095098E+01    0.234216946132056947E+01
    0.312401245233089281E-03    0.562458565286846351E+03   -0.157659570111196312E+01    0.231732740084459188E+01    0.237916496108280384E+01
    0.311902454376089024E-03    0.562456761109414401E+03   -0.154415923254441445E+01    0.231181573345002045E+01    0.232607698369872651E+01
    0.312091872875439264E-03    0.562450546877188913E+03   -0.155901668910415925E+01    0.231875343336881246E+01    0.235635567135077650E+01
    0.312892636885738482E-03    0.562440421857698198E+03   -0.157118259743742450E+01    0.235795141143901388E+01    0.236083769708434588E+01
    0.314943810668484852E-03    0.562422353606636307E+03   -0.157857747110504221E+01    0.232751253181594819E+01    0.238307785509458192E+01
    0.316408232712079001E-03    0.562408075583795039E+03   -0.155449191287952093E+01    0.230559386473176531E+01    0.234538141865323979E+01
    0.316501741149326492E-03    0.562402484609142789E+03   -0.158492674708972703E+01    0.235249231331780306E+01    0.238184106178536403E+01
    0.318213056328691085E-03    0.562386699801018153E+03   -0.157234434724227201E+01    0.231565056010765735E+01    0.236936638272018207E+01
    0.317537592901682238E-03    0.562385949666477131E+03   -0.155449941988943152E+01    0.231112027806030307E+01    0.234169038196403179E+01
    0.317912551950291083E-03    0.562378589392613549E+03   -0.156899692366738552E+01    0.232789778268396619E+01    0.235881324376976842E+01
    0.317143193633577525E-03    0.562378435321169945E+03   -0.156644633919674869E+01    0.231012923645565582E+01    0.236254388937756410E+01
    0.318827688768462880E-03    0.562362840502314157E+03   -0.156498822589261888E+01    0.235043212443036476E+01    0.235782481823332013E+01
    0.320576724210412331E-03    0.562346898821156742E+03   -0.155524679347647621E+01    0.230687776134078071E+01    0.234545602805944675E+01
    0.322333877108884606E-03    0.562330966307241624E+03   -0.156824240817392591E+01    0.235725075970090892E+01    0.235679073536711137E+01
    0.323429423157611134E-03    0.562319180247400027E+03   -0.153889177626661122E+01    0.233311325388436019E+01    0.231860039490386427E+01
    0.323550413681703290E-03    0.562313432214657041E+03   -0.153723328570229612E+01    0.232204905467447809E+01    0.232007770880342434E+01
    0.324780679378698742E-03    0.562300841851110818E+03   -0.156960466635050389E+01    0.235607959619743035E+01    0.235777607387932164E+01
    0.326192868713850038E-03    0.562287164438306036E+03   -0.157693238590766471E+01    0.235114566268877434E+01    0.237599658159852112E+01
    0.325523824476396152E-03    0.562286270789912351E+03   -0.155982753941829611E+01    0.234571256780286630E+01    0.235134486917030650E+01
    0.325590668394584910E-03    0.562280860146812529E+03   -0.157982350898077284E+01    0.235631574625081797E+01    0.237765869582209532E+01
    0.324806764341318828E-03    0.562280681226315096E+03   -0.153613750666267945E+01    0.232602465199208597E+01    0.231643092704523212E+01
    0.324257173319021565E-03    0.562279068203293718E+03   -0.158569974302070427E+01    0.235454090652317882E+01    0.238398408494798808E+01
    0.327225805808094837E-03    0.562255841154353789E+03   -0.155771663347961331E+01    0.230595708510430608E+01    0.235201953854171464E+01
    0.326897872684898559E-03    0.562252846482468044E+03   -0.158362283179482977E+01    0.234313562752077154E+01    0.238753982325677683E+01
    0.327483242682983838E-03    0.562244268322032326E+03   -0.153677557827616207E+01    0.233006476862008860E+01    0.231485795481861878E+01
    0.327685010653204316E-03    0.562238036467615871E+03   -0.156510566971662923E+01    0.232244641642219207E+01    0.236490383878641097E+01
    0.337514011718146060E-03    0.562173928043498904E+03   -0.156629823089805442E+01    0.234379492422336400E+01    0.235203811515409633E+01
    0.337194118775709724E-03    0.562170824525559510E+03   -0.154815779488854499E+01    0.234474992196071197E+01    0.232914912229533932E+01
    0.337444651218511411E-03    0.562164339093856142E+03   -0.158038627425408040E+01    0.232153385221134778E+01    0.238265360420500549E+01
    0.338076015095560144E-03    0.562155600560944436E+03   -0.155073596794255653E+01    0.234498125673043489E+01    0.233542766128388735E+01
    0.338017882377998657E-03    0.562150944493749762E+03   -0.156555715061570289E+01    0.233506285633052579E+01    0.235194417380360221E+01
    0.337453023683331754E-03    0.562149289471727457E+03   -0.154055519399436713E+01    0.233238137183256145E+01    0.231753141679996766E+01
    0.337731867840544893E-03    0.562142637514306216E+03   -0.155415026074832641E+01    0.234841050548767649E+01    0.233575955761529030E+01
    0.338425285818930047E-03    0.562133535401549011E+03   -0.158682293471243385E+01    0.235145074206215776E+01    0.238579922091636121E+01
    0.338960875790853379E-03    0.562125372714657033E+03   -0.158625545412778113E+01    0.234402920108871138E+01    0.239045574245991865E+01
    0.338317609289804679E-03    0.562124171841359725E+03   -0.154280185351827881E+01    0.231072393420082056E+01    0.233111856726867472E+01
    0.339046961431466469E-03    0.562114864840639257E+03   -0.157219608662399168E+01    0.233300640999840470E+01    0.236287434022410814E+01
    0.339833596911895560E-03    0.562105229940889672E+03   -0.158080418003785805E+01    0.232247855253027335E+01    0.238424651915821251E+01
    0.345884485118814989E-03    0.562064932372251178E+03   -0.157186241181185515E+01    0.232485702107263403E+01    0.236455728533912790E+01
    0.347570082526922966E-03    0.562050209452789545E+03   -0.154007524487899095E+01    0.230734744998147034E+01    0.232522671608036369E+01
    0.348308492904280840E-03    0.562040964972901406E+03   -0.154852647208231065E+01    0.232207637019050583E+01    0.233947261055759270E+01
    0.348858739437929845E-03    0.562032807930387776E+03   -0.153846583861137520E+01    0.232684140372058046E+01    0.232072204027713980E+01
    0.355433513586279838E-03    0.561990465675821042E+03   -0.156753363311081406E+01    0.231955592419821865E+01    0.236835132181112584E+01
    0.355432687010980258E-03    0.561985470326909081E+03   -0.157279049910365121E+01    0.233259312646912331E+01    0.236399455018924698E+01
    0.356568656029130628E-03    0.561974088485115544E+03   -0.153539505696015000E+01    0.232536071798748356E+01    0.231301725383570655E+01
    0.357010179173956920E-03    0.561966613505873511E+03   -0.155646162792547926E+01    0.230950495695138258E+01    0.234592261046905826E+01
    0.359488407413135005E-03    0.561947778234355724E+03   -0.155309459234056302E+01    0.231177487804028559E+01    0.234737935942760600E+01
    0.358726574260074301E-03    0.561947021161380235E+03   -0.156157791856570616E+01    0.230844077901983091E+01    0.235553177883247322E+01
    0.361990732310309800E-03    0.561923904874513710E+03   -0.158542863471441464E+01    0.234841847193293951E+01    0.238317468805981925E+01
    0.365075632353159389E-03    0.561901933006717286E+03   -0.158324343120661726E+01    0.233329271755189538E+01    0.238817775516656994E+01
    0.366310962607461197E-03    0.561890176900233882E+03   -0.157436933162383541E+01    0.232531744705754884E+01    0.237741790564116329E+01
    0.368614488223189109E-03    0.561872639393706436E+03   -0.154709223569413634E+01    0.232690806369003900E+01    0.232634076790171740E+01
    0.369085408912525484E-03    0.561865085939353889E+03   -0.156472273834755837E+01    0.235510130691377384E+01    0.235167268345738734E+01
    0.368425514452611232E-03    0.561863664975894835E+03   -0.153919208098170590E+01    0.231484285279676172E+01    0.231873169163714188E+01
    0.368091190200178547E-03    0.561860480680946921E+03   -0.157512796595004945E+01    0.235284780377306513E+01    0.237233649931032886E+01
    0.368666733902004947E-03    0.561852355943227394E+03   -0.153512573140556530E+01    0.231370276596031665E+01    0.231604500543016556E+01
    0.370888760336949587E-03    0.561835337734243353E+03   -0.156433413644246833E+01    0.233698754974639789E+01    0.234990360114391805E+01
    0.372563173070788241E-03    0.561821328863650706E+03   -0.157495969581679240E+01    0.234817576508083548E+01    0.236540688147506373E+01
    0.373581222147543904E-03    0.561810871208456774E+03   -0.156679005370433977E+01    0.235221835056505979E+01    0.235320387481507964E+01
    0.373615458427911510E-03    0.561805687929910277E+03   -0.156930058795193084E+01    0.234253871514247702E+01    0.236720999026048062E+01
    0.372940658889576462E-03    0.561804303463727251E+03   -0.156618173303809960E+01    0.231096018306588036E+01    0.236194976832858217E+01
    0.375179613097156330E-03    0.561787332335682777E+03   -0.158333325727430374E+01    0.235203312984711266E+01    0.237950080307362555E+01
    0.374649067865658037E-03    0.561785162557217404E+03   -0.155595312280798237E+01    0.231775556189232645E+01    0.235152477096307422E+01
    0.376766793174296104E-03    0.561768889274203730E+03   -0.153961451228988366E+01    0.233277383515821413E+01    0.231976942833668609E+01
    0.376718180976273688E-03    0.561764147340122690E+03   -0.157647815301386029E+01    0.235198515567523181E+01    0.236790777338332425E+01
    0.377286396384960397E-03    0.561756132952500593E+03   -0.157184482152920602E+01    0.232628725684737780E+01    0.236422327581216685E+01
    0.377531320132754847E-03    0.561749835029831161E+03   -0.157539109941303823E+01    0.235002721041237672E+01    0.236611316679444528E+01
    0.377125083382991719E-03    0.561746988257642442E+03   -0.155514777358232714E+01    0.234715117825579345E+01    0.233681799011158198E+01
    0.377559857269822480E-03    0.561739683857957289E+03   -0.154088101203922134E+01    0.233376714438754718E+01    0.232203655579920820E+01
    0.378433659561956280E-03    0.561730060523699535E+03   -0.154877687379889961E+01    0.233250173228979740E+01    0.233725844096234248E+01
    0.382913958208879130E-03    0.561701521471311480E+03   -0.158836844253954546E+01    0.234386485404956435E+01    0.239181118856738451E+01
    0.384143289363804820E-03    0.561690110830064896E+03   -0.155692368101061129E+01    0.234603549561747515E+01    0.233890097589833879E+01
    0.384333162910315766E-03    0.561684122518452682E+03   -0.157523690774439240E+01    0.235063841510645100E+01    0.237333307652640357E+01
    0.384604796374642371E-03    0.561677709486504682E+03   -0.154782766613434219E+01    0.230567034275204064E+01    0.233669933237450067E+01
    0.387870947952331064E-03    0.561655796742951225E+03   -0.158053707422007284E+01    0.235666634343012094E+01    0.237692817873143625E+01
    0.389334473783819167E-03    0.561643264486894282E+03   -0.155197260276861493E+01    0.234541901170840150E+01    0.233705071602596703E+01
    0.389485986419503983E-03    0.561637486322244854E+03   -0.156380237935933608E+01    0.232909924099548027E+01    0.235060300209276107E+01
    0.388842639155091024E-03    0.561635792624440569E+03   -0.154511253367732460E+01    0.231232218555205504E+01    0.232773388541118109E+01
    0.388191409735209544E-03    0.561634145010726797E+03   -0.154601453638797404E+01    0.232320187137474532E+01    0.232567824964896985E+01
    0.388837481880547676E-03    0.561625819150897428E+03   -0.157924043281723914E+01    0.233943885647102601E+01    0.237352657621913821E+01
    0.388162648660846988E-03    0.561624293196076337E+03   -0.157695406166670349E+01    0.234180900582064044E+01    0.237850426748372357E+01
    0.391638645477264174E-03    0.561601462911027397E+03   -0.156633792217416978E+01    0.235029514417700103E+01    0.235962146244104076E+01
    0.395056008241786126E-03    0.561579086999071023E+03   -0.154256645621858390E+01    0.231232339145029542E+01    0.232429339163529747E+01
    0.395303300121680823E-03    0.561572835457473047E+03   -0.156878932035951801E+01    0.231566281452596945E+01    0.236348269559332991E+01
    0.395166944470253813E-03    0.561568525455122995E+03   -0.158590598744972056E+01    0.235045513022927244E+01    0.238743476865495019E+01
    0.394511171143212996E-03    0.561566847180594777E+03   -0.154151168802387017E+01    0.232129100984776837E+01    0.232010649614074183E+01
    0.395919433446834904E-03    0.561554720615476981E+03   -0.154937621655557578E+01    0.231118319024896435E+01    0.233442558155540070E+01
    0.395917930049514641E-03    0.561549728209952264E+03   -0.157440185757067685E+01    0.231867433539462064E+01    0.237669579264130348E+01
    0.395505720613785537E-03    0.561546811592083486E+03   -0.155900817532006730E+01    0.234212553657456057E+01    0.234171309898401603E+01
    0.394624656277858441E-03    0.561546271943067950E+03   -0.155230624296188702E+01    0.230638754990589323E+01    0.234228625114497824E+01
    0.393707074100593530E-03    0.561545927762725000E+03   -0.155811174685269371E+01    0.231569241748324428E+01    0.235470899458106508E+01
    0.393633294795235156E-03    0.561541302590733267E+03   -0.154281113618479426E+01    0.232432042331432953E+01    0.232121715097628467E+01
    0.394644308694269946E-03    0.561531172344997913E+03   -0.158079177834048190E+01    0.233046540595713836E+01    0.238514491557874564E+01
    0.394050171558334985E-03    0.561529185614461312E+03   -0.156811100104270640E+01    0.231403087059854151E+01    0.236332789343674321E+01
    0.393753228208371196E-03    0.561525693317342984E+03   -0.154714213067225659E+01    0.232157808053836012E+01    0.233704741885421186E+01
    0.395981297362752967E-03    0.561509408132289877E+03   -0.158058235844697403E+01    0.233173601281554665E+01    0.238483088983341851E+01
    0.396959533102118661E-03    0.561499473407286132E+03   -0.154557142733823683E+01    0.230685929822358693E+01    0.233190766210461753E+01
    0.396787521984494156E-03    0.561495340238195126E+03   -0.157969652265012805E+01    0.234123009881696431E+01    0.238234207642489260E+01
    0.398607283514923222E-03    0.561481188734097032E+03   -0.155520325566067408E+01    0.234905855172526090E+01    0.234010343071464355E+01
    0.397726725231360256E-03    0.561480611795941854E+03   -0.154530211425475938E+01    0.231903195449277355E+01    0.232579096500708005E+01
    0.403987759516414517E-03    0.561444372936253444E+03   -0.157356859423086126E+01    0.233933747277064708E+01    0.236421667591267415E+01
    0.403365193596742300E-03    0.561442457416421234E+03   -0.154437202688514374E+01    0.230701848712274815E+01    0.233200304071423759E+01
    0.407416145575137303E-03    0.561417471827252257E+03   -0.158688214905587222E+01    0.233975799491278424E+01    0.239099831318226208E+01
    0.409872057419766568E-03    0.561400451982953768E+03   -0.154036390148390279E+01    0.232382215800836489E+01    0.231831099619473413E+01
    0.410390667668276954E-03    0.561392922986807775E+03   -0.154490848306517581E+01    0.232841436988375206E+01    0.232344175058950597E+01
    0.421340570907568698E-03    0.561335259167448157E+03   -0.157848817633873750E+01    0.233637790706377180E+01    0.237300777081967773E+01
    0.422254222004083248E-03    0.561325926985877459E+03   -0.158028585185874659E+01    0.235535398052852463E+01    0.237543230522809168E+01
    0.426778477285804031E-03    0.561299611914697380E+03   -0.156882687083914996E+01    0.234601487856002100E+01    0.236513716729812629E+01
    0.425722592917961054E-03    0.561299566207165526E+03   -0.154918337712106879E+01    0.233077284624158665E+01    0.232893842942221596E+01
    0.424748068170764138E-03    0.561299149670032875E+03   -0.154638981743283810E+01    0.230683005691224796E+01    0.233348742679237020E+01
    0.423951525246572412E-03    0.561297903851909496E+03   -0.157884170125204992E+01    0.232632086958543827E+01    0.238261795571216695E+01
    0.425682069113917099E-03    0.561284756592799340E+03   -0.154116484640147755E+01    0.232501777452904390E+01    0.232585927645260249E+01
    0.425757519353389311E-03    0.561279402133172653E+03   -0.155587431728118886E+01    0.233459718171355268E+01    0.233790574707107979E+01
    0.426019021061391104E-03    0.561273174103501447E+03   -0.157328903398904241E+01    0.232419540860263529E+01    0.237567641092207005E+01
    0.425637757420877297E-03    0.561269964795130363E+03   -0.153950362188335332E+01    0.231801550004351542E+01    0.231859929647119856E+01
    0.427719497736189791E-03    0.561255206891592366E+03   -0.154241106672166239E+01    0.231869050240484587E+01    0.232211163923264508E+01
    0.431870142022377362E-03    0.561230892203033704E+03   -0.153672847214513997E+01    0.231625983365864974E+01    0.231900951411636846E+01
    0.431894341922865342E-03    0.561225780135909190E+03   -0.156315642971907476E+01    0.234879990352412715E+01    0.234800379712778096E+01
    0.436313927433033333E-03    0.561200418092185600E+03   -0.156477670287735871E+01    0.231043986234703302E+01    0.236115546018330846E+01
    0.436807463007265009E-03    0.561193157074956275E+03   -0.156140503548429210E+01    0.234578669102859561E+01    0.234532848719801734E+01
    0.436048795532852833E-03    0.561191633787911087E+03   -0.158410942856018822E+01    0.233703783726657921E+01    0.238313605022580077E+01
    0.436603452904896943E-03    0.561184091389388755E+03   -0.156340575884881616E+01    0.234676907375368504E+01    0.234822557481871641E+01
    0.436012333270679715E-03    0.561181801034270279E+03   -0.158492023766203793E+01    0.233840540909650629E+01    0.238904412637022290E+01
    0.438052613703371406E-03    0.561167464043258860E+03   -0.155453887780352895E+01    0.234337334183249180E+01    0.233585115549560385E+01
    0.440157040574808915E-03    0.561152878947539875E+03   -0.155947905268127118E+01    0.231225246610775903E+01    0.235622921893782866E+01
    0.439413265314441467E-03    0.561151261396595601E+03   -0.155023941429469536E+01    0.230732066616030584E+01    0.233862886541621151E+01
    0.438748516480393590E-03    0.561149289307738172E+03   -0.156788459453627693E+01    0.231274377993148761E+01    0.236456039116225725E+01
    0.443790123769195310E-03    0.561121438581877214E+03   -0.156633202978837671E+01    0.235404669137949840E+01    0.235668690114653856E+01
    0.446171755519825448E-03    0.561105734134904992E+03   -0.158332468201786125E+01    0.234015903057873098E+01    0.238096623954938735E+01
    0.447595886971175719E-03    0.561094360520158148E+03   -0.157308916470556293E+01    0.233087660175213562E+01    0.236532311055712441E+01
    0.449225895904735635E-03    0.561082090354515117E+03   -0.158489743230970137E+01    0.233947352924434915E+01    0.238879796689119672E+01
    0.451607825885730547E-03    0.561066513772069470E+03   -0.156836645855368273E+01    0.234624852486535573E+01    0.236421709752465681E+01
    0.450654008459892114E-03    0.561065742335197569E+03   -0.158003165884427244E+01    0.235538435367137033E+01    0.237585833313914563E+01
    0.452444950457206083E-03    0.561052809896222129E+03   -0.153776431819983173E+01    0.232691331884893859E+01    0.231600903465166041E+01
    0.454627465196952069E-03    0.561038185443250768E+03   -0.154690149927056741E+01    0.230740154733133318E+01    0.233397648769175525E+01
    0.454576291412596737E-03    0.561033410579955444E+03   -0.155866513288532538E+01    0.231922150210853584E+01    0.234563171611568322E+01
    0.454461215714227701E-03    0.561028916942775822E+03   -0.155846558587899175E+01    0.231181318679125791E+01    0.235464161960365637E+01
    0.456222556027996375E-03    0.561016180590972226E+03   -0.155721104956654210E+01    0.231554037837492110E+01    0.235309152353486795E+01
    0.455472769162446848E-03    0.561014470229577910E+03   -0.156906471372144773E+01    0.231742334678668582E+01    0.236968289668216769E+01
    0.456186168357365781E-03    0.561006340114526438E+03   -0.154042305544452018E+01    0.230974935890963362E+01    0.232424287432489507E+01
    0.455368707454669494E-03    0.561004927221100161E+03   -0.153652928633907426E+01    0.232228540205992973E+01    0.231685834279817193E+01
    0.458022626079464246E-03    0.560988304925175953E+03   -0.154519308886721984E+01    0.232243189487448376E+01    0.233335274892955091E+01
    0.457305365103683750E-03    0.560986439369351160E+03   -0.155983789867856304E+01    0.234896293191352701E+01    0.234884078698183885E+01
    0.456433218943084324E-03    0.560985257294699522E+03   -0.154157835281338640E+01    0.232376973511601426E+01    0.232673437569344799E+01
    0.455802760560773700E-03    0.560983021748182409E+03   -0.156796794290297736E+01    0.232125939203701970E+01    0.235987249679215338E+01
    0.454759009127319669E-03    0.560982606838070183E+03   -0.154106587513721349E+01    0.231075600195771713E+01    0.232691190464614728E+01
    0.462511867967286725E-03    0.560943797660618202E+03   -0.154891874830428344E+01    0.230969855099596089E+01    0.234000601324655655E+01
    0.466422418236640390E-03    0.560921958693951865E+03   -0.153929241000044326E+01    0.232135334408622995E+01    0.231786078736008960E+01
    0.466527716211126322E-03    0.560916507231559422E+03   -0.156536783384745037E+01    0.231249893479988522E+01    0.236007392124376736E+01
    0.465365976647376172E-03    0.560916493809640087E+03   -0.156593254838815299E+01    0.235249752675805146E+01    0.235709106293692372E+01
    0.464236258305420380E-03    0.560916354894760730E+03   -0.154946962744279237E+01    0.234245530678670022E+01    0.233000823585801697E+01
    0.464089212060941338E-03    0.560911988492568412E+03   -0.156375630170294233E+01    0.234439393227454707E+01    0.234885611460594390E+01
    0.466406661932477627E-03    0.560897026257472362E+03   -0.155610781444006618E+01    0.230772591765660318E+01    0.234903086819969076E+01
    0.468564407757931785E-03    0.560882794957269994E+03   -0.157260432860538057E+01    0.231723403849670317E+01    0.237354369291838907E+01
    0.475746007761773139E-03    0.560847373865447025E+03   -0.156807931234636477E+01    0.234276200714381622E+01    0.235545302457801498E+01
    0.478384964715716158E-03    0.560831310547058933E+03   -0.154999532623066338E+01    0.234257564325164314E+01    0.233425182583809843E+01
    0.479493085579827294E-03    0.560821683146491182E+03   -0.157059216765788556E+01    0.231546805106138365E+01    0.237062327952996199E+01
    0.479026489235000132E-03    0.560818630300806717E+03   -0.154718559198842365E+01    0.230779091354425647E+01    0.233434975926807020E+01
    0.479483232292391760E-03    0.560811724245681035E+03   -0.155658663711843137E+01    0.230797954760880586E+01    0.234965827781432068E+01
    0.478688203071154464E-03    0.560810043189971566E+03   -0.157925195116460038E+01    0.234938310802079542E+01    0.237309002427250171E+01
    0.479699331912850329E-03    0.560800823063227540E+03   -0.158232339097455466E+01    0.234557825825291832E+01    0.238425119316749878E+01
    0.479611022047561923E-03    0.560796191285524628E+03   -0.158419241972438352E+01    0.234535920693043654E+01    0.238211472473955510E+01
    0.479051403647505480E-03    0.560793526282489665E+03   -0.158216935957857174E+01    0.234183032950799719E+01    0.237878316613285179E+01
    0.478371074684250596E-03    0.560791368618420393E+03   -0.154486355219659366E+01    0.232877122843324136E+01    0.232370866687234390E+01
    0.477526086756852497E-03    0.560789904514044224E+03   -0.154803819333716008E+01    0.231165965391472250E+01    0.233875390263990823E+01
    0.478658222954161667E-03    0.560780168453371289E+03   -0.154197742386867898E+01    0.233176636186984565E+01    0.232028265221795138E+01
    0.477644907733606647E-03    0.560779406923652459E+03   -0.155555617693402981E+01    0.234814530751550787E+01    0.234069032829541968E+01
    0.477989735824391009E-03    0.560772963576623965E+03   -0.154477524688367973E+01    0.233026703720663431E+01    0.232348125760425184E+01
    0.480039255902671858E-03    0.560759406327427541E+03   -0.156320178046685232E+01    0.235226999931938963E+01    0.234961692865270066E+01
    0.480144233356107010E-03    0.560753969004957298E+03   -0.155728193687765804E+01    0.234788908262417362E+01    0.234055884212581944E+01
    0.483270579140210072E-03    0.560735988690693603E+03   -0.154319317548993462E+01    0.230880296733221302E+01    0.232868875636438588E+01
    0.483780503459256062E-03    0.560728879497599223E+03   -0.154863462542016528E+01    0.231056882512437101E+01    0.233952009641008019E+01
    0.483257633565023915E-03    0.560726042266264358E+03   -0.157166505894860720E+01    0.233520856568504964E+01    0.236219201062421646E+01
    0.482365271337785310E-03    0.560724738792006406E+03   -0.155444494727548088E+01    0.234143450635915285E+01    0.233588223666827410E+01
    0.482961504470084100E-03    0.560717268195631959E+03   -0.158583632141650677E+01    0.234732716100219418E+01    0.238580884665393356E+01
    0.482039484381964847E-03    0.560716090037803497E+03   -0.158066130105117919E+01    0.235236920226055046E+01    0.237595277126046867E+01
    0.483948833611639565E-03    0.560703183723904544E+03   -0.156318255236676240E+01    0.232713193397936191E+01    0.236087808293381229E+01
    0.483080340612500596E-03    0.560701776141820346E+03   -0.154695881497886001E+01    0.232271405599151937E+01    0.232758309009050279E+01
    0.482715518989650073E-03    0.560698287109740022E+03   -0.154566052321506153E+01    0.233616736403329517E+01    0.232950207809051513E+01
    0.490794251576859731E-03    0.560660092093975209E+03   -0.156015065711938528E+01    0.233186371041161955E+01    0.234488360174188415E+01
    0.489613870857947674E-03    0.560659907971209236E+03   -0.158021208508269373E+01    0.232784438414080119E+01    0.237936618156667024E+01
    0.489765975063611962E-03    0.560654286744593151E+03   -0.155803489847901755E+01    0.234181322953974957E+01    0.234082526344430875E+01
    0.489030708847418695E-03    0.560652291521240159E+03   -0.156251196683022076E+01    0.233867471091097823E+01    0.234748272975061134E+01
    0.491653750688430570E-03    0.560636592674855365E+03   -0.157366863747638464E+01    0.232065427669270274E+01    0.237037859566235909E+01
    0.490720880901997876E-03    0.560635391103832831E+03   -0.158618275013783427E+01    0.234456586944106027E+01    0.238823023086589714E+01
    0.498337117127084679E-03    0.560599588514754259E+03   -0.154043937125509167E+01    0.233145481958488920E+01    0.232048670161589321E+01
    0.502888085717943540E-03    0.560576406791320551E+03   -0.155632802178670970E+01    0.234503819899250932E+01    0.234455699296357523E+01
    0.502655051792375148E-03    0.560572333788566425E+03   -0.154115630579748819E+01    0.231203798975536223E+01    0.232370764181756329E+01
    0.503811144200425748E-03    0.560562739126883343E+03   -0.154164257855324527E+01    0.233150325252625645E+01    0.232361005286666433E+01
    0.504068518087519160E-03    0.560556717679969324E+03   -0.153746924995954259E+01    0.232295167742912723E+01    0.231658842231750839E+01
    0.504610592081034437E-03    0.560549568040742201E+03   -0.157537289015810611E+01    0.232596140187159106E+01    0.237109949265293984E+01
    0.504924525760986850E-03    0.560543324166469574E+03   -0.156558671656500703E+01    0.231433126984644977E+01    0.236429011092258179E+01
    0.509408791276255929E-03    0.560520640453810984E+03   -0.153830907045407561E+01    0.232411219716803652E+01    0.231703198400801824E+01
    0.509219978019822563E-03    0.560516381894713845E+03   -0.155462388158574427E+01    0.230962755040212597E+01    0.234814813580457127E+01
    0.510579109253969090E-03    0.560506050915089304E+03   -0.156298115132561288E+01    0.235227876279177917E+01    0.235038348404979303E+01
    0.511131984300143625E-03    0.560498886408493945E+03   -0.154556830686722346E+01    0.233520911687383403E+01    0.232964281204528767E+01
    0.512471340943934780E-03    0.560488652516125171E+03   -0.155159542613454504E+01    0.234448780097605836E+01    0.233376907940140477E+01
    0.520634043615007293E-03    0.560452047327885680E+03   -0.156744884394146178E+01    0.234749132177654340E+01    0.236193302442846154E+01
    0.519913512358412310E-03    0.560449817144094936E+03   -0.156435701745855726E+01    0.231153061544136262E+01    0.236084255230508511E+01
    0.519843242081403944E-03    0.560445087477619836E+03   -0.156243445469917575E+01    0.235178784246631301E+01    0.235031110777477537E+01
    0.519186093481031007E-03    0.560442617333767316E+03   -0.158376677473862126E+01    0.234950941913701916E+01    0.238395163917643060E+01
    0.521096583661359017E-03    0.560430271283044021E+03   -0.157687504603858120E+01    0.232128924255713009E+01    0.237747982615692344E+01
    0.520138426011827228E-03    0.560428952134767542E+03   -0.156932166387304628E+01    0.232193973368070328E+01    0.236991637832564450E+01
    0.521050127021704902E-03    0.560420449594367028E+03   -0.154606183146137655E+01    0.232927293547129288E+01    0.232543490768405192E+01
    0.523341541641725045E-03    0.560406673506370453E+03   -0.156110685518633097E+01    0.231982863355867597E+01    0.234957002995048292E+01
    0.522915851358628117E-03    0.560403300984692351E+03   -0.156258454585343820E+01    0.232668935584290315E+01    0.234982928245560707E+01
    0.522023398756337343E-03    0.560401717270640802E+03   -0.155339127919974951E+01    0.232607182140395485E+01    0.234582071185499785E+01
    0.523008066740911345E-03    0.560392948318954723E+03   -0.155233060108610177E+01    0.231475984431685555E+01    0.234534364225363845E+01
    0.523652986478281542E-03    0.560385483644007763E+03   -0.155804833813844690E+01    0.231758273619802146E+01    0.235395903401595064E+01
    0.522794446575497213E-03    0.560383765376346332E+03   -0.157594259137648485E+01    0.232337265515843105E+01    0.237347240248659119E+01
    0.524524440858525638E-03    0.560372158044511593E+03   -0.155794779460309352E+01    0.234293698591037369E+01    0.234089757656714781E+01
    0.524797549293196238E-03    0.560366116959150190E+03   -0.154008111274265058E+01    0.231867934679482479E+01    0.231992208814238943E+01
    0.525794084770188699E-03    0.560357322770262499E+03   -0.154789488891365323E+01    0.232148663633636376E+01    0.233768475292774269E+01
    0.524930965041365888E-03    0.560355608577232147E+03   -0.157136807215784025E+01    0.231622930476404321E+01    0.237051215543615790E+01
    0.526140465125328580E-03    0.560346005652699660E+03   -0.157868430613753796E+01    0.232740051649191582E+01    0.238168966604366084E+01
    0.529937780357555015E-03    0.560326622886598329E+03   -0.156138825906625023E+01    0.232866790764690013E+01    0.235776459069778710E+01
    0.531824222068976024E-03    0.560314516044605170E+03   -0.154409140873471351E+01    0.233376748003249634E+01    0.232313758531590686E+01
    0.537858109258986731E-03    0.560286952518924068E+03   -0.154693042902401556E+01    0.231917311753069599E+01    0.232870116106739999E+01
    0.537642710438988197E-03    0.560282753629695662E+03   -0.157555788845727229E+01    0.232811523298356748E+01    0.237081921738561974E+01
    0.537983182009099973E-03    0.560276487495870242E+03   -0.155024102610641146E+01    0.234297279028658689E+01    0.233325520808715936E+01
    0.537827257163944923E-03    0.560272067244274240E+03   -0.156164352461140488E+01    0.234946175851916106E+01    0.234693515130078012E+01
    0.536880531430872503E-03    0.560270590903404582E+03   -0.153917503568791036E+01    0.232463031148861088E+01    0.232107923452197262E+01
    0.536231217876198714E-03    0.560268011205425637E+03   -0.157360192106652552E+01    0.232002412163117588E+01    0.237103849384044985E+01
    0.539065651465959876E-03    0.560252467363123515E+03   -0.155263131980786984E+01    0.232587770135980776E+01    0.233514131935051594E+01
    0.540252911659863016E-03    0.560243067325124230E+03   -0.158261373825750074E+01    0.234163501750856096E+01    0.238509419215554530E+01
    0.541705222076397817E-03    0.560232698129243204E+03   -0.157237362979992268E+01    0.233358744625559744E+01    0.237300002472879257E+01
    0.541798505597080389E-03    0.560227353751947476E+03   -0.157788006724659313E+01    0.235134551595369778E+01    0.237146937953598425E+01
    0.541722185236901896E-03    0.560222635501473633E+03   -0.153786576616313075E+01    0.231758957941233712E+01    0.231891182235398396E+01
    0.541599479822098967E-03    0.560218088572502438E+03   -0.155598795912491417E+01    0.232579574821392576E+01    0.234988714315123737E+01
    0.545269734918895298E-03    0.560199580897435908E+03   -0.155489965667217644E+01    0.234298586567325007E+01    0.233698967483262088E+01
    0.545122539063199558E-03    0.560195120871388781E+03   -0.155009242971985972E+01    0.230886768974274359E+01    0.234051538571845796E+01
    0.549756992630569957E-03    0.560173189396785574E+03   -0.156841059538628680E+01    0.234459342735109733E+01    0.235622433973692225E+01
    0.548896570651792636E-03    0.560171322039079541E+03   -0.154789543637034144E+01    0.231372335442003640E+01    0.233210455222225121E+01
    0.554262996744195346E-03    0.560146863499870847E+03   -0.154595234397175640E+01    0.233010840183948531E+01    0.233218193787220684E+01
    0.554446360572655931E-03    0.560141201960112312E+03   -0.154820952488698360E+01    0.233564409644072102E+01    0.232808531372420013E+01
    0.553109227552463071E-03    0.560141031094411915E+03   -0.155761486640327851E+01    0.232850464131604662E+01    0.234196308268772313E+01
    0.557181856228770411E-03    0.560121358736860316E+03   -0.156609276785583384E+01    0.235075091763565824E+01    0.235776106665957563E+01
    0.556815396599044730E-03    0.560117674573652607E+03   -0.155051231170583437E+01    0.234141954209921899E+01    0.233532839090047162E+01
    0.557297089666915386E-03    0.560110945150084262E+03   -0.156646570269386665E+01    0.231328616095707762E+01    0.236340726541008905E+01
    0.560347708024457091E-03    0.560095027098339074E+03   -0.156724702341361999E+01    0.234982890873364481E+01    0.236022208045975646E+01
    0.560102587675099703E-03    0.560090902176347299E+03   -0.155352694739540054E+01    0.233349248673292076E+01    0.233527885045248595E+01
    0.560492828900101552E-03    0.560084509198168007E+03   -0.157077019434412302E+01    0.233417647302458775E+01    0.237054401840799223E+01
    0.559128549797912591E-03    0.560084383273648768E+03   -0.158384728880974013E+01    0.233565587952081577E+01    0.238443483718358173E+01
    0.557980367762025715E-03    0.560083494537723936E+03   -0.157827718255168281E+01    0.234677004101072395E+01    0.237800342865758552E+01
    0.558382053101117966E-03    0.560077055272664779E+03   -0.155279860688063875E+01    0.232622879792588044E+01    0.234467990442805529E+01
    0.557355323651293638E-03    0.560075736173783753E+03   -0.158282027237752310E+01    0.234536464121399124E+01    0.238419998390395094E+01
    0.558190193037349527E-03    0.560067742590718126E+03   -0.154426321506812103E+01    0.231322166348634006E+01    0.233196739214356974E+01
    0.556989028833174376E-03    0.560067051009114493E+03   -0.157451433614785019E+01    0.232724793140595754E+01    0.236942428607439481E+01
    0.557414688981204011E-03    0.560060523160052526E+03   -0.157680800015422262E+01    0.235373776874544616E+01    0.237186798570032842E+01
    0.562153099744412839E-03    0.560038593630267769E+03   -0.156348894554897000E+01    0.234668336969881741E+01    0.235562302915752930E+01
    0.562748482071740125E-03    0.560031476529918564E+03   -0.158480348282382222E+01    0.233778046255422600E+01    0.238682056519865249E+01
    0.569931355237320763E-03    0.560001110246467988E+03   -0.158065379800874783E+01    0.232792804373592643E+01    0.238141641197017684E+01
    0.569263800997860787E-03    0.559998454197150068E+03   -0.156980337197563724E+01    0.235122358710630230E+01    0.236343895252058722E+01
    0.567859290166669757E-03    0.559998394775901261E+03   -0.155343796488826036E+01    0.234459792719269533E+01    0.233606364322684001E+01
    0.566941068482981715E-03    0.559996631369464467E+03   -0.157722499096312752E+01    0.232294190541333689E+01    0.237727853344705409E+01
    0.565994906609614424E-03    0.559994971936324873E+03   -0.158002335314351861E+01    0.235068922443931649E+01    0.237542605417018038E+01
    0.566322170813962980E-03    0.559988815849500838E+03   -0.156863763008342594E+01    0.234403932315299679E+01    0.236481246732854977E+01
    0.574134187236333550E-03    0.559956415805461688E+03   -0.158120921370867129E+01    0.233139871115557185E+01    0.238056086376629139E+01
    0.575663663864323994E-03    0.559946094948308769E+03   -0.153964461527664098E+01    0.232023219149821669E+01    0.232286992164823225E+01
    0.576896073698694094E-03    0.559936817824047239E+03   -0.158301929836374078E+01    0.234802453677475498E+01    0.238311015995826381E+01
    0.579702647844688242E-03    0.559922111502909843E+03   -0.158273625018522401E+01    0.233413383265688745E+01    0.238274613398209922E+01
    0.580468594811158335E-03    0.559914470695933687E+03   -0.154759287394900458E+01    0.232425257040145050E+01    0.232857334485949607E+01
    0.580123710458563496E-03    0.559910659345423028E+03   -0.154124114974832072E+01    0.231258436044241078E+01    0.232504557025302638E+01
    0.581794950330789601E-03    0.559899905961537797E+03   -0.154534287394817582E+01    0.231007390785820022E+01    0.233248525628077630E+01
    0.583038407575064868E-03    0.559890635968038168E+03   -0.158256549359033993E+01    0.233523536379519658E+01    0.238196629505394597E+01
    0.588560507844730694E-03    0.559866782617837657E+03   -0.155690429343970460E+01    0.230996547629550442E+01    0.234888162655585120E+01
    0.587190243435597873E-03    0.559866444371284956E+03   -0.154603142404649518E+01    0.232639541687650153E+01    0.233322688103300635E+01
    0.592549887721415089E-03    0.559843271958502896E+03   -0.154211968947249689E+01    0.232599625485142258E+01    0.232139067717808167E+01
    0.592416109570671344E-03    0.559838723543279571E+03   -0.154438789430522672E+01    0.233005582442115111E+01    0.232908221282692196E+01
    0.603314037810471961E-03    0.559797266387702848E+03   -0.155582588980084258E+01    0.232097445514373568E+01    0.235007502587676775E+01
    0.601861895802620534E-03    0.559797086074754702E+03   -0.154868188078135249E+01    0.231223790521538808E+01    0.233897956585036226E+01
    0.604814990396821480E-03    0.559782296874269946E+03   -0.156081705020484462E+01    0.234978153801911205E+01    0.234799789758740118E+01
    0.612869332823595334E-03    0.559750838588690158E+03   -0.154820468584903503E+01    0.231095603439067210E+01    0.233451767842447033E+01
    0.615097436994499285E-03    0.559738580716015235E+03   -0.154151198124344813E+01    0.232002990681669630E+01    0.232636415019866050E+01
    0.620527971797622683E-03    0.559716000728650670E+03   -0.154791808540801989E+01    0.231114858866691897E+01    0.233402434777979551E+01
    0.623218729745006212E-03    0.559702346998298594E+03   -0.155673195981217227E+01    0.232556688328670047E+01    0.234151251199234878E+01
    0.621794992384178905E-03    0.559701921206457541E+03   -0.154445944248634448E+01    0.232692366410841212E+01    0.232417221958549369E+01
    0.622797211950876033E-03    0.559693700168177429E+03   -0.155372795781420026E+01    0.233226687289788526E+01    0.234456782807800579E+01
    0.621515760642684040E-03    0.559692819555468077E+03   -0.156715261093371039E+01    0.231823497363491260E+01    0.236067604294141198E+01
    0.624692932681780375E-03    0.559677621652212224E+03   -0.157883302906853196E+01    0.233276642517795274E+01    0.237565202097567152E+01
    0.624953630061076803E-03    0.559671787184640834E+03   -0.154742251719759594E+01    0.231014014335679319E+01    0.233586246046674972E+01
    0.624518308709821933E-03    0.559668180801753351E+03   -0.158045154514442654E+01    0.234333893929550729E+01    0.238155815840135787E+01
    0.623557761810270960E-03    0.559666259290675271E+03   -0.158100612462310752E+01    0.234164946249197392E+01    0.238265307651399816E+01
    0.637853728644378415E-03    0.559615924111580739E+03   -0.157868943922218508E+01    0.233246233144642368E+01    0.238109935510198589E+01
    0.637397208638941786E-03    0.559612356049442042E+03   -0.154049577001735249E+01    0.232380903925783944E+01    0.232330251049788217E+01
    0.635906152356034899E-03    0.559612040108277142E+03   -0.157208575694755481E+01    0.233250270346543020E+01    0.237243226483217207E+01
    0.634979403439252525E-03    0.559609956969128461E+03   -0.157222639926324148E+01    0.234765104106813993E+01    0.236249776320120297E+01
    0.634116363296991772E-03    0.559607677142965372E+03   -0.154747807503572909E+01    0.231742620063858951E+01    0.233047123069749418E+01
    0.638532083624939687E-03    0.559588798249516572E+03   -0.156486921436202819E+01    0.231440724019512345E+01    0.235923507354013040E+01
    0.638239897265240053E-03    0.559584713640421569E+03   -0.156520506083852506E+01    0.233299056894277523E+01    0.236235815421576945E+01
    0.637530553858741290E-03    0.559581937687793015E+03   -0.156532912768842580E+01    0.232473149514656008E+01    0.235513114044249861E+01
    0.636026355133982807E-03    0.559581662092061379E+03   -0.156343041017177020E+01    0.231795691600364862E+01    0.236120967237529733E+01
    0.637790706810674609E-03    0.559571121727254877E+03   -0.158123440358450873E+01    0.233430129701092959E+01    0.237990951704566100E+01
    0.647660648586040983E-03    0.559535408357354527E+03   -0.157105732285570854E+01    0.232152529775459726E+01    0.236606024830852846E+01
    0.649056421026040272E-03    0.559526102798303100E+03   -0.156224812687655845E+01    0.233309783657294467E+01    0.234837809199634329E+01
    0.648170668351432137E-03    0.559523834017284003E+03   -0.154014019619421649E+01    0.231817710033511881E+01    0.232348050184354094E+01
    0.647181463526488496E-03    0.559521888646192679E+03   -0.156989589243485161E+01    0.232182255178574426E+01    0.236386342642274805E+01
    0.653205778547641088E-03    0.559498357679647597E+03   -0.156136087526957956E+01    0.234784112588353633E+01    0.234690427771979770E+01
    0.651658237140383882E-03    0.559498101598137850E+03   -0.153947573161456663E+01    0.232050354602883191E+01    0.232033031524215438E+01
    0.652688205962602343E-03    0.559489943023077558E+03   -0.155681984053358380E+01    0.234372714519619763E+01    0.234525239807117458E+01
    0.651246883867404795E-03    0.559489364478389120E+03   -0.155329208739708746E+01    0.232680162130406964E+01    0.233629864953207900E+01
    0.655472551027102570E-03    0.559471429239877011E+03   -0.154242126020711279E+01    0.232131775713234045E+01    0.232758639189772509E+01
    0.656546647684675571E-03    0.559463154602132136E+03   -0.156346161943918238E+01    0.235040815725840391E+01    0.235204160293253040E+01
    0.658455846701680295E-03    0.559452347159586225E+03   -0.156105372465757331E+01    0.232069437907763731E+01    0.234971421771899003E+01
    0.657295925710024926E-03    0.559450873421352185E+03   -0.153978715590367488E+01    0.231843798571335702E+01    0.232126934765301485E+01
    0.657405187322226644E-03    0.559445540991079270E+03   -0.158143540786153314E+01    0.233151795533841488E+01    0.238333925900507104E+01
    0.657220223878889520E-03    0.559441103777841022E+03   -0.156012435945903727E+01    0.231194182693480954E+01    0.235504909291100617E+01
    0.656628509718109980E-03    0.559437905246109608E+03   -0.155518674109491273E+01    0.232495696427537357E+01    0.233950150915545940E+01
    0.663921033862979412E-03    0.559410815659806076E+03   -0.155241134225958444E+01    0.234051370449316920E+01    0.233426462115022382E+01
    0.663398288948645332E-03    0.559407391000215512E+03   -0.157223189537608987E+01    0.232097524596988913E+01    0.236870008959191303E+01
    0.667793269773191492E-03    0.559389184796301379E+03   -0.155727408479199458E+01    0.234586438638879713E+01    0.234145280950467694E+01
    0.666846596556375714E-03    0.559387022036217331E+03   -0.154039247090002185E+01    0.232127257800723452E+01    0.232088083731871109E+01
    0.666332831964895145E-03    0.559383563507998019E+03   -0.153979256698662015E+01    0.232081960666399612E+01    0.232195709004358264E+01
    0.672441824945236547E-03    0.559360310890651249E+03   -0.155920420471402110E+01    0.234317367831254453E+01    0.234332946640644124E+01
    0.674012412918330805E-03    0.559350645039733308E+03   -0.156947397046217807E+01    0.233923563402931478E+01    0.235875642573530619E+01
    0.674439955360351144E-03    0.559344376793360198E+03   -0.157398551468122605E+01    0.234445599326665377E+01    0.236551999382801803E+01
    0.675927211167452985E-03    0.559334971305888871E+03   -0.154225532897085293E+01    0.231918674560493976E+01    0.232745440627993183E+01
    0.675074356358440269E-03    0.559332496410056933E+03   -0.154038657040101601E+01    0.232149995998270642E+01    0.232322125502391508E+01
    0.674204531342422505E-03    0.559330075047118385E+03   -0.155273249593218288E+01    0.231022214954262850E+01    0.234334317768072964E+01
    0.679911263965737888E-03    0.559308217503830292E+03   -0.155300951775457463E+01    0.232308608239080350E+01    0.234514778164828464E+01
    0.680075716489523022E-03    0.559302733815304009E+03   -0.155556487524408182E+01    0.232622893525769703E+01    0.233983344878426891E+01
    0.680948322289237737E-03    0.559295169258339797E+03   -0.154962275877916289E+01    0.232266823946331646E+01    0.233212241268080689E+01
    0.680760222391180864E-03    0.559290721799190010E+03   -0.156513054042460720E+01    0.233225701430041310E+01    0.235308754013811416E+01
    0.679344257547034609E-03    0.559289886083262559E+03   -0.155335557004704539E+01    0.231559419560514002E+01    0.234618061383353904E+01
    0.680807234094391511E-03    0.559280583688652769E+03   -0.155651510939580162E+01    0.234336614953661959E+01    0.233989498122603834E+01
    0.688916403014175772E-03    0.559251902229286998E+03   -0.156606317831656949E+01    0.234362580805832454E+01    0.235325855183581467E+01
    0.690641754827585612E-03    0.559241899605213007E+03   -0.156399185506162319E+01    0.232388676540788675E+01    0.236170431906227485E+01
    0.690509308889084299E-03    0.559237283186538434E+03   -0.154929192345320654E+01    0.233958560483370359E+01    0.233264757627581432E+01
    0.688838487701944361E-03    0.559237128438790137E+03   -0.158216199674129299E+01    0.234671008284962301E+01    0.238135912262527327E+01
    0.688913310071530825E-03    0.559231911208459451E+03   -0.155486654742296349E+01    0.233824572660055097E+01    0.234421820937345693E+01
    0.687433176569675754E-03    0.559231212840604599E+03   -0.156278415263219861E+01    0.231331246593836282E+01    0.235705145817359529E+01
    0.689920808929013842E-03    0.559218988452131043E+03   -0.154737786922778264E+01    0.231135153360007495E+01    0.233408769196619126E+01
    0.688428423601946857E-03    0.559218319389095427E+03   -0.158183094299178206E+01    0.234185953311793904E+01    0.237969396914689213E+01
    0.687188657113201452E-03    0.559216924365630803E+03   -0.155295453993002930E+01    0.233903350510119612E+01    0.234050242901381012E+01
    0.685572670513030476E-03    0.559216633086117326E+03   -0.157175000248053998E+01    0.232428251158477250E+01    0.236629689881238825E+01
    0.687667101308856799E-03    0.559205532381891317E+03   -0.156556959321810707E+01    0.231840372556502272E+01    0.235824929278344975E+01
    0.691969555000181082E-03    0.559188058176833579E+03   -0.157346362193185141E+01    0.235113652582555943E+01    0.236551656482964745E+01
    0.691648401847936006E-03    0.559183986621441932E+03   -0.156039824006774142E+01    0.232368625399953199E+01    0.234786928623766400E+01
    0.691085667275564042E-03    0.559180614511044155E+03   -0.158257147153233513E+01    0.234541159516057984E+01    0.238209658080027253E+01
    0.689732928722168155E-03    0.559179533169121555E+03   -0.154102595066874359E+01    0.231654106030112050E+01    0.232376327822433737E+01
    0.692997614858209695E-03    0.559165088979962434E+03   -0.155928666145290995E+01    0.231828133506128742E+01    0.235503337215202713E+01
    0.693626104208494186E-03    0.559158275973637274E+03   -0.157181561110952561E+01    0.232325556809568168E+01    0.236692034207834112E+01
    0.692889567169286498E-03    0.559155400831289285E+03   -0.155584054442808561E+01    0.232605339716982051E+01    0.234035963674663705E+01
    0.693221804003182115E-03    0.559149442071849990E+03   -0.157478840472505111E+01    0.234002168535781019E+01    0.237448257806000207E+01
    0.691685058126216231E-03    0.559148880627393964E+03   -0.157429898239045363E+01    0.235168169270892502E+01    0.236862102009644637E+01
    0.692903496737118916E-03    0.559140360624513278E+03   -0.156217735545179170E+01    0.233274729653624480E+01    0.234852711037859940E+01
    0.694879524596535834E-03    0.559129665125535553E+03   -0.157870882984784422E+01    0.234111703716942632E+01    0.237945191865602190E+01
    0.693251706613505210E-03    0.559129355802303280E+03   -0.154570770160860116E+01    0.233489421297241417E+01    0.232672610244475209E+01
    0.692069760378829580E-03    0.559127768574138940E+03   -0.156109410578321706E+01    0.232225820527857074E+01    0.235753060298980976E+01
    0.691346945977746132E-03    0.559124858514107245E+03   -0.157705520835927793E+01    0.232772820651751911E+01    0.237869980217530497E+01
    0.692516684450605793E-03    0.559116477433122895E+03   -0.154544655797188124E+01    0.232946352261513434E+01    0.233065793032557522E+01
    0.691052789947203187E-03    0.559115709660204402E+03   -0.154254247995698890E+01    0.231458289809784423E+01    0.232731876098554480E+01
    0.690313601304534501E-03    0.559112850116836057E+03   -0.156976276163514239E+01    0.233621578156942400E+01    0.236816992645362312E+01
    0.691306240455480110E-03    0.559104976274721935E+03   -0.158016464796994804E+01    0.233121826360262885E+01    0.237965175561305209E+01
    0.691119122617681546E-03    0.559100517693720462E+03   -0.154861668575117783E+01    0.231134730684261802E+01    0.233595499791453420E+01
    0.689591633188343478E-03    0.559099942921947672E+03   -0.157391381972612576E+01    0.234415222550800051E+01    0.236559275302545657E+01
    0.688686458217103352E-03    0.559097569895726110E+03   -0.157445427466491372E+01    0.234728898286186549E+01    0.237164575444035464E+01
    0.687579823747534388E-03    0.559095786234664388E+03   -0.156433619805624669E+01    0.234954233719446082E+01    0.235200339283433202E+01
    0.687234876323799984E-03    0.559091789853351315E+03   -0.157954113748824643E+01    0.233401508213658859E+01    0.237715348632167789E+01
    0.697412775703695623E-03    0.559057387188561961E+03   -0.156283639900851701E+01    0.234623956459026450E+01    0.235396668447661028E+01
    0.699928395117341458E-03    0.559045186020561118E+03   -0.156864931886849734E+01    0.234672965045497373E+01    0.235738003753371572E+01
    0.701345205723719447E-03    0.559036141668085406E+03   -0.156465200901731194E+01    0.234364157131882811E+01    0.235131085056411138E+01
    0.700114025941478077E-03    0.559034655662844898E+03   -0.156097763479675433E+01    0.234823654989280151E+01    0.234880875556820712E+01
    0.698913005518026582E-03    0.559033089537077444E+03   -0.156933168901602027E+01    0.231771283084396362E+01    0.236771177370916064E+01
    0.700887089894256291E-03    0.559022448486783560E+03   -0.156269335267250198E+01    0.231674117061993856E+01    0.235439559487294403E+01
    0.708324994012583050E-03    0.558996336055879510E+03   -0.155367731069043269E+01    0.231282452455212484E+01    0.234218622802058363E+01
    0.709150489832027558E-03    0.558989006573861161E+03   -0.155003032672794139E+01    0.233997535033186876E+01    0.233309559849786119E+01
    0.708422947008813817E-03    0.558986059498579380E+03   -0.157730727659551762E+01    0.233902225926887652E+01    0.237799079365465893E+01
    0.713457611443185603E-03    0.558966896043159750E+03   -0.157989591430464005E+01    0.234554406224273970E+01    0.237941356803979609E+01
    0.712728579608840019E-03    0.558963940746445815E+03   -0.155946120555883772E+01    0.234149707998447321E+01    0.234388731175523723E+01
    0.713048076243514846E-03    0.558958044402299038E+03   -0.157968404886744196E+01    0.234706734111981863E+01    0.237575443403306963E+01
    0.711580209383079736E-03    0.558957165806863827E+03   -0.155093425715740096E+01    0.233550320603887629E+01    0.233823571798257390E+01
    0.713438672394635788E-03    0.558946949134750980E+03   -0.157838961495311492E+01    0.233562973430233445E+01    0.237464522284946788E+01
    0.716239001744437410E-03    0.558934114269643487E+03   -0.156769386730492699E+01    0.231869837801748746E+01    0.236210127973662054E+01
    0.715082234492579131E-03    0.558932346996090700E+03   -0.155206689072588078E+01    0.232449553353832616E+01    0.233536149551628469E+01
    0.721705410562509448E-03    0.558908908020766148E+03   -0.155021656040010569E+01    0.233850269469358540E+01    0.233199670892154032E+01
    0.723031552974163919E-03    0.558900236368922037E+03   -0.156853123196319699E+01    0.233011474515347983E+01    0.235918749030389385E+01
    0.727554584660033976E-03    0.558882764041421183E+03   -0.157076060413790031E+01    0.232901547325590030E+01    0.237059514100434576E+01
    0.728035258156675756E-03    0.558876443137688739E+03   -0.155569496406563212E+01    0.234464602984743653E+01    0.234112571934950431E+01
    0.727524182841755309E-03    0.558872847615778824E+03   -0.157532460775874639E+01    0.233777712664638226E+01    0.237552642629492183E+01
    0.726895979126481796E-03    0.558869575324925790E+03   -0.156394262736277900E+01    0.233238012960728369E+01    0.236021674250207880E+01
    0.725095291142508576E-03    0.558869535930251686E+03   -0.157968963131512941E+01    0.234623864766731272E+01    0.237581437112951832E+01
    0.726972089372898071E-03    0.558859365924229451E+03   -0.156730751143668612E+01    0.231867782582356918E+01    0.236148997654542470E+01
    0.727671091851032469E-03    0.558852443796408693E+03   -0.156962677898738678E+01    0.233059776745001779E+01    0.236088405612230190E+01
    0.727523844907116270E-03    0.558847848544778117E+03   -0.154575108413917373E+01    0.233360393329241633E+01    0.232671160084519002E+01
    0.729692522259923126E-03    0.558836895608748137E+03   -0.157186151519124406E+01    0.235100297091104471E+01    0.236375652779657486E+01
    0.728076792832022500E-03    0.558836329040218402E+03   -0.157456219248402474E+01    0.235072861698290803E+01    0.236926355635232078E+01
    0.726518378931743838E-03    0.558835614533603234E+03   -0.157393685331367927E+01    0.232254474449266990E+01    0.237201724372630096E+01
    0.728528315154949543E-03    0.558825089109546980E+03   -0.157291997763839464E+01    0.234181449746737913E+01    0.237115259298322201E+01
    0.728120034732424037E-03    0.558821210259845884E+03   -0.155697903884533773E+01    0.234542009041966537E+01    0.234219910667721898E+01
    0.729177638333876983E-03    0.558813307342187613E+03   -0.154221487827115400E+01    0.232487006675195174E+01    0.232290002988295186E+01
    0.728693251711491803E-03    0.558809636366982659E+03   -0.155458168622901960E+01    0.231635045971668507E+01    0.234771732772181352E+01
    0.727519000399606060E-03    0.558807861862619575E+03   -0.155676024722796802E+01    0.231914778396842136E+01    0.234398791121014227E+01
    0.726415307748046451E-03    0.558805898293790847E+03   -0.157483980887412978E+01    0.234532265021969311E+01    0.236731757333157589E+01
    0.725228193169088760E-03    0.558804169385743762E+03   -0.156842094726382486E+01    0.232646727651655594E+01    0.236009609503406814E+01
    0.730385385342529106E-03    0.558784997454872837E+03   -0.154258120491978024E+01    0.231924938896868849E+01    0.232444818670778197E+01
    0.736525452697568911E-03    0.558763254506209364E+03   -0.156366907334912986E+01    0.231723110264593268E+01    0.236077515312238617E+01
    0.736016203023958683E-03    0.558759637827874826E+03   -0.154727703313186304E+01    0.232083235386685649E+01    0.233569375091836129E+01
    0.734809260766458453E-03    0.558757920182057887E+03   -0.154879410408682783E+01    0.231201548506323418E+01    0.233635872046931148E+01
    0.738933323886681467E-03    0.558741726710611374E+03   -0.154921245463264157E+01    0.233412481100840319E+01    0.233549327418537800E+01
    0.739497875385303400E-03    0.558735199276595267E+03   -0.154493909579762634E+01    0.233062251686050459E+01    0.232871153847127310E+01
    0.738190444836971625E-03    0.558733738401515211E+03   -0.156134082593656576E+01    0.231476620683238998E+01    0.235367929409238386E+01
    0.739586485066495627E-03    0.558724959642714566E+03   -0.155121485025442851E+01    0.233656415153144659E+01    0.233299602982940613E+01
    0.738877318712541364E-03    0.558721878300192770E+03   -0.157615795365838629E+01    0.234966981068466696E+01    0.237032191861509034E+01
    0.739686542011187376E-03    0.558714689085642249E+03   -0.154350909454348750E+01    0.231540295781827155E+01    0.232873697366687438E+01
    0.737986845214410225E-03    0.558714290095746605E+03   -0.156617993821842338E+01    0.231995690555714740E+01    0.236442114922798829E+01
    0.736156592345806591E-03    0.558714256379928656E+03   -0.156033200439053621E+01    0.234210690527837873E+01    0.234530734063792679E+01
    0.736250371570293448E-03    0.558709001615513898E+03   -0.155718085761092517E+01    0.232669971004955789E+01    0.235081963067623789E+01
    0.734448104334938759E-03    0.558708903417391184E+03   -0.154541582854269444E+01    0.232185867675853563E+01    0.233225125774777098E+01
    0.732693457593070071E-03    0.558708687270903283E+03   -0.155594290455664108E+01    0.231258855775749073E+01    0.234641491797404811E+01
    0.732845419828147488E-03    0.558703272509512885E+03   -0.154554464339518960E+01    0.233348885096399261E+01    0.232789584491327695E+01
    0.739951334341967608E-03    0.558678973255538494E+03   -0.155918239043123519E+01    0.232772478306974140E+01    0.234523162695248288E+01
    0.739122699325145036E-03    0.558676214211933370E+03   -0.154861396622417669E+01    0.231775896181513197E+01    0.233813390942487587E+01
    0.737678729910558502E-03    0.558675125285815511E+03   -0.155515111830346164E+01    0.234219404876832682E+01    0.233866036123334098E+01
    0.736275728173109911E-03    0.558673932736319671E+03   -0.154468647925783498E+01    0.231632609454007365E+01    0.233127783330419192E+01
    0.736282091229635604E-03    0.558668915451955172E+03   -0.157565809638840526E+01    0.232518454768138350E+01    0.237610424863207115E+01
    0.736593974675029827E-03    0.558663068446678153E+03   -0.156880028986947417E+01    0.235033794106066107E+01    0.236031309759229480E+01
    0.734809130336072885E-03    0.558662920537062632E+03   -0.156821661151386493E+01    0.232772876922967198E+01    0.235946219280468483E+01
    0.734193816218873152E-03    0.558659595997699739E+03   -0.156239890955191463E+01    0.234781836501109487E+01    0.234945044552049787E+01
    0.736885122631078309E-03    0.558647278077923374E+03   -0.155927303004379225E+01    0.234589514333025129E+01    0.234725230512692740E+01
    0.735205553971640538E-03    0.558646841844041660E+03   -0.156310475430417117E+01    0.234641964812186732E+01    0.234973610837155178E+01
    0.733712530818330234E-03    0.558645907485775979E+03   -0.158025413145625437E+01    0.234605558305396977E+01    0.237889497965908703E+01
    0.734553182680813604E-03    0.558638617295528775E+03   -0.155380639012227006E+01    0.231194076857598407E+01    0.234499829040685626E+01
    0.736747055130999862E-03    0.558627652845799844E+03   -0.155656574288118144E+01    0.231286859554860103E+01    0.234732009594645064E+01
    0.737266895646604826E-03    0.558621242165699073E+03   -0.155483738516159598E+01    0.233923150251591094E+01    0.233782557480973097E+01
    0.737219110088956401E-03    0.558616371798825412E+03   -0.154657332151697746E+01    0.231334129717273740E+01    0.233257475474112042E+01
    0.735642173875173484E-03    0.558615654447391194E+03   -0.155698635161278887E+01    0.233778090201073985E+01    0.234069080294094611E+01
    0.735096090907903462E-03    0.558612139641610838E+03   -0.156423635671220773E+01    0.234900367046999259E+01    0.235301665975397434E+01
    0.737696234453730335E-03    0.558600077827932296E+03   -0.157387099302892830E+01    0.232593684049221183E+01    0.237444456378662139E+01
    0.743535396329286801E-03    0.558579309349858704E+03   -0.157561732558881262E+01    0.233357718909352219E+01    0.237636623570404204E+01
    0.742997984892792120E-03    0.558575755429621722E+03   -0.154950687571969370E+01    0.232662118348816449E+01    0.233829100674844881E+01
    0.742579345699510948E-03    0.558571882639079604E+03   -0.155549093613491340E+01    0.233494934717018099E+01    0.234602305460530758E+01
    0.741522562115500732E-03    0.558569730917239099E+03   -0.157626853595277350E+01    0.234769545861062845E+01    0.237337625823322895E+01
    0.742202027936447067E-03    0.558562899132895836E+03   -0.156954211106474850E+01    0.234760585595912152E+01    0.236365493175173214E+01
    0.740675388965431471E-03    0.558562017179318218E+03   -0.156133679141645731E+01    0.234750048065859573E+01    0.234926860895460976E+01
    0.739789422200446290E-03    0.558559410932588207E+03   -0.158089858957066420E+01    0.233947254401355975E+01    0.237916218309223382E+01
    0.741613919669252661E-03    0.558549484527092204E+03   -0.155856987121354540E+01    0.234456541286902498E+01    0.234355673749013249E+01
    0.742463440303251822E-03    0.558542194833172744E+03   -0.154822677595057812E+01    0.231499397290145392E+01    0.233724265672802289E+01
    0.741286138704309828E-03    0.558540368689092134E+03   -0.156842722680246283E+01    0.234732776376128616E+01    0.236203602870541118E+01
    0.745140530401683116E-03    0.558524996430799320E+03   -0.156191365274593275E+01    0.232213029006756733E+01    0.235836845698595532E+01
    0.744827092170750405E-03    0.558520837894011720E+03   -0.156610925972251769E+01    0.233131183857101165E+01    0.236345377543375967E+01
    0.743708860565283139E-03    0.558518842811195668E+03   -0.154639699760200910E+01    0.231912010087362352E+01    0.233414388527407546E+01
    0.744414080273349374E-03    0.558511947215767464E+03   -0.156987340726881408E+01    0.233259875808590955E+01    0.236101804404048998E+01
    0.746239079919014544E-03    0.558502050032153647E+03   -0.156181403114827488E+01    0.233224814107784129E+01    0.234840718138432081E+01
    0.745006350705084428E-03    0.558500356609245159E+03   -0.155263712354006267E+01    0.232324552352729929E+01    0.233675994602444348E+01
    0.744881600319310510E-03    0.558495691534797061E+03   -0.157046854032569572E+01    0.231963127526495150E+01    0.236794706888798245E+01
    0.743348076335911237E-03    0.558494813276354080E+03   -0.157566670345593307E+01    0.234720679678753275E+01    0.237273271961118759E+01
    0.744658939987942231E-03    0.558486289465036634E+03   -0.157986817252843559E+01    0.233541734280369573E+01    0.237814915325812670E+01
    0.744357546258733846E-03    0.558482099110157719E+03   -0.156743487792075786E+01    0.231961537160149689E+01    0.236156230781004339E+01
    0.743478895055542160E-03    0.558479461335684505E+03   -0.154415436529731220E+01    0.231677904652204170E+01    0.232995245249610505E+01
    0.741998177163181918E-03    0.558478448521782411E+03   -0.155596274204395679E+01    0.232515804579482888E+01    0.234114049531837232E+01
    0.742783015818719388E-03    0.558471334166529687E+03   -0.154934612581760156E+01    0.232102829295240909E+01    0.233274406091979003E+01
    0.742479504446024114E-03    0.558467151561092010E+03   -0.155708426700176128E+01    0.233926515013838054E+01    0.234092825291559770E+01
    0.742204771709066005E-03    0.558462891739309043E+03   -0.155874938900881332E+01    0.234548935525477731E+01    0.234443887717295496E+01
    0.740447831246661002E-03    0.558462631733779176E+03   -0.156817499814971040E+01    0.232413948673303183E+01    0.236705860123591449E+01
    0.740607610330123469E-03    0.558457200206154766E+03   -0.156443310637732180E+01    0.234696733224391663E+01    0.235559970572986010E+01
    0.742359146386689824E-03    0.558447475793114222E+03   -0.155411551626072431E+01    0.233285985428950982E+01    0.234430116675139466E+01
    0.742235567190659834E-03    0.558442808757242915E+03   -0.156522424041875130E+01    0.232649949669347089E+01    0.236278336060370719E+01
    0.742191042036524661E-03    0.558437928736644722E+03   -0.156996899372116516E+01    0.232216878617208211E+01    0.236478713165193355E+01
    0.744346141183494479E-03    0.558427129754470229E+03   -0.156285639519432462E+01    0.233921715119148255E+01    0.235649611562211092E+01
    0.742697661630032399E-03    0.558426564002407190E+03   -0.157152701785388138E+01    0.232273034596986427E+01    0.236742119348394553E+01
    0.742911670038188306E-03    0.558420987785214493E+03   -0.155326105308920770E+01    0.234158539502637941E+01    0.233729253142246307E+01
    0.742040798062900396E-03    0.558418333643668120E+03   -0.155661549356696449E+01    0.231277974210351722E+01    0.234899769583060802E+01
    0.743744886414019835E-03    0.558408745931951330E+03   -0.157590181541762031E+01    0.234007901336785151E+01    0.236981911892715225E+01
    0.744070101840490030E-03    0.558402871588207859E+03   -0.157795312343877825E+01    0.233008884794711735E+01    0.237646645751544305E+01
    0.745525051205622453E-03    0.558393964621070268E+03   -0.155477015361682547E+01    0.234263406563568255E+01    0.234044697515765243E+01
    0.745451111237469162E-03    0.558389162987670716E+03   -0.154632153825617791E+01    0.233244741458957794E+01    0.232764166864882149E+01
    0.744848199324357578E-03    0.558385781218161014E+03   -0.154705902793574324E+01    0.233142458121139073E+01    0.232822853587914125E+01
    0.746023579600159164E-03    0.558377627679309626E+03   -0.155081913275356831E+01    0.232956201516583850E+01    0.233305067968702495E+01
    0.744303709245760733E-03    0.558377243769025654E+03   -0.156375044599183477E+01    0.232091123332317917E+01    0.236090231110377680E+01
    0.748101424731506624E-03    0.558362064968117920E+03   -0.155259313943057053E+01    0.234090293583804465E+01    0.233688085651495214E+01
    0.747955432494824476E-03    0.558357455306857901E+03   -0.154506509203432496E+01    0.233141960919775126E+01    0.232685145969039908E+01
    0.746492522957886489E-03    0.558356370893209032E+03   -0.156031751333777047E+01    0.233923933056559763E+01    0.234552362076197518E+01
    0.746516971065665398E-03    0.558351305393001894E+03   -0.156480653055944741E+01    0.234548703338437736E+01    0.235222036777492427E+01
    0.750590509458416298E-03    0.558335421609442847E+03   -0.157716438750952626E+01    0.234103175858513213E+01    0.237198341362021559E+01
    0.750036718485571426E-03    0.558331897768178806E+03   -0.156316641750520668E+01    0.234721415402240119E+01    0.235057774911477502E+01
    0.748283759443707551E-03    0.558331577567641034E+03   -0.154472737935020943E+01    0.233008705555046047E+01    0.232775070747758761E+01
    0.748043379055357408E-03    0.558327220155439477E+03   -0.157840140545766161E+01    0.234297065189081843E+01    0.237774026078750822E+01
    0.746786539595812844E-03    0.558325583320010992E+03   -0.155447425061330158E+01    0.232823080017141404E+01    0.233838991944989871E+01
    0.745372322768119745E-03    0.558324374383514510E+03   -0.158020644245103248E+01    0.234043123792972629E+01    0.238037650230394249E+01
    0.748872656165740919E-03    0.558310004193620102E+03   -0.156905336234981041E+01    0.234715716039792577E+01    0.236286509614662954E+01
    0.750634390443685544E-03    0.558300304688959386E+03   -0.157543732190787589E+01    0.233592605293463595E+01    0.237558422299895611E+01
    0.748863930462842844E-03    0.558300027497325118E+03   -0.156717126479370616E+01    0.231868943383001413E+01    0.236195167355115920E+01
    0.747582062063122652E-03    0.558298453932277425E+03   -0.155533467076656717E+01    0.234304806851896474E+01    0.234028739453116685E+01
    0.746285015272511298E-03    0.558296926924315926E+03   -0.156431629029663810E+01    0.231816174007668652E+01    0.236131819013469624E+01
    0.744432981568287429E-03    0.558296896434742393E+03   -0.157563447920657196E+01    0.234878677188217777E+01    0.237000185003967090E+01
    0.744025435999034774E-03    0.558292991649965415E+03   -0.155842064909717459E+01    0.233441389921175180E+01    0.234317814356035647E+01
    0.744499456906934300E-03    0.558286717849503816E+03   -0.156859351582659823E+01    0.231971182002041143E+01    0.236683882279744395E+01
    0.753638817331594708E-03    0.558257315632537143E+03   -0.157028043892872726E+01    0.234614206142262383E+01    0.236052953012887912E+01
    0.753207067140210587E-03    0.558253461735685846E+03   -0.154401920364148060E+01    0.231926210004890399E+01    0.232938780056252526E+01
    0.751812438833317372E-03    0.558252168342013647E+03   -0.156442542524451378E+01    0.233575888939167076E+01    0.235983143904886283E+01
    0.753036170696109921E-03    0.558243915570605850E+03   -0.155199635243333578E+01    0.232263773301527676E+01    0.233617838410623513E+01
    0.753581239068499067E-03    0.558237468439057693E+03   -0.155322676438599228E+01    0.234041462400850175E+01    0.233901044408516512E+01
    0.752441595925765834E-03    0.558235495334357893E+03   -0.155063430249118328E+01    0.233559821581840099E+01    0.233271798582049605E+01
    0.750777370135914538E-03    0.558234923768291537E+03   -0.155343035516595895E+01    0.231277837397606856E+01    0.234355249449647829E+01
    0.750600834113163877E-03    0.558230394098879970E+03   -0.157663686295189232E+01    0.233292704161185727E+01    0.237736613686489129E+01
    0.753050166284429919E-03    0.558218878399859477E+03   -0.154527541983229377E+01    0.231888488085989586E+01    0.233179417635374264E+01
    0.753385036812922364E-03    0.558212989226443142E+03   -0.154442374412533523E+01    0.231901931322133725E+01    0.233013943948620472E+01
    0.752237483102168730E-03    0.558211037942619441E+03   -0.155857552253994314E+01    0.234263855729695925E+01    0.234345162481359637E+01
    0.752288368642198410E-03    0.558205902656037324E+03   -0.155892723788612986E+01    0.233199879960870904E+01    0.234429734048567973E+01
    0.750617094518494133E-03    0.558205350772977681E+03   -0.157742443174724833E+01    0.233371944641172746E+01    0.237411532590458485E+01
    0.751991970006240184E-03    0.558196690803385081E+03   -0.158060418436814798E+01    0.233782334536310499E+01    0.237993097049765368E+01
    0.751831786604358261E-03    0.558192116873000600E+03   -0.154782248719975413E+01    0.233435592630081690E+01    0.233182797030942801E+01
    0.750639276097244345E-03    0.558190291671603063E+03   -0.154653828247278025E+01    0.231579940000940354E+01    0.233142376235583626E+01
    0.753278971051080603E-03    0.558178270817458611E+03   -0.156219301163352853E+01    0.234488256389337657E+01    0.235275512492356675E+01
    0.751471015649255196E-03    0.558178076815233112E+03   -0.156333143260667073E+01    0.233853113975377847E+01    0.235008683855143552E+01
    0.750281850392351584E-03    0.558176244221888055E+03   -0.157070721956060311E+01    0.232659439871549800E+01    0.237016830308516191E+01
    0.748993422819320886E-03    0.558174681690412172E+03   -0.155551072693386327E+01    0.233604981447887994E+01    0.234540581740131415E+01
    0.748656087982390792E-03    0.558170582661808226E+03   -0.154583341634793392E+01    0.231514450961685236E+01    0.233156440372009399E+01
    0.750148627678528688E-03    0.558161599380533744E+03   -0.155373841962150250E+01    0.233372745266280823E+01    0.233674400724804343E+01
    0.749359102220307637E-03    0.558158705473127839E+03   -0.154458214706181129E+01    0.232249374008182929E+01    0.232998867011775523E+01
    0.748835474954216143E-03    0.558155103495241633E+03   -0.155513518189535516E+01    0.231709143565615516E+01    0.234286562313712032E+01
    0.751402259883026205E-03    0.558143259813407099E+03   -0.154552867360816215E+01    0.232252067129300865E+01    0.233176996880440690E+01
    0.750486438376387569E-03    0.558140698933219937E+03   -0.157057522947249750E+01    0.234780818801833613E+01    0.236142583859548338E+01
    0.748908989295798120E-03    0.558139907161772499E+03   -0.154694521459876677E+01    0.231924263566788991E+01    0.233039131199634042E+01
    0.753820733300398908E-03    0.558121832923811439E+03   -0.156256648237842155E+01    0.232880477570194921E+01    0.235838148463888331E+01
    0.752812553404339554E-03    0.558119509567306409E+03   -0.155955778483307217E+01    0.231624847603013428E+01    0.235035882098205740E+01
    0.752534734754463992E-03    0.558115247785404563E+03   -0.155811754346904907E+01    0.234464911146161148E+01    0.234451138956701044E+01
    0.751248104179375563E-03    0.558113670170221667E+03   -0.157211868519971620E+01    0.232373614826700381E+01    0.236838774034042743E+01
    0.751173216127539204E-03    0.558108869549852102E+03   -0.156007320870117572E+01    0.232590378498844519E+01    0.234736867500101098E+01
    0.749744791244810337E-03    0.558107676354239743E+03   -0.156572596258248287E+01    0.233189745947492089E+01    0.236254347297395384E+01
    0.754041318036545558E-03    0.558091247764877266E+03   -0.157550956419274879E+01    0.233540165067118277E+01    0.237024381789228755E+01
    0.753882469384186890E-03    0.558086669135384909E+03   -0.156323029549958559E+01    0.234003221525483651E+01    0.235658254282052404E+01
    0.753005154309572774E-03    0.558083997949186141E+03   -0.157713743800710038E+01    0.234445464288439753E+01    0.237205822399626776E+01
    0.751655588768778684E-03    0.558082585644044002E+03   -0.156982668115530677E+01    0.233453211658921589E+01    0.236081250235519136E+01
    0.751172498227122140E-03    0.558078871461264157E+03   -0.156851774828094226E+01    0.232037100159581033E+01    0.236361958765328062E+01
    0.750735759048918217E-03    0.558075034619368807E+03   -0.155149871514167015E+01    0.231330480968037122E+01    0.234038937826328208E+01
    0.749679026000095688E-03    0.558072851795616543E+03   -0.157351704154970884E+01    0.232528514442989476E+01    0.237329463769749793E+01
    0.748790292848015957E-03    0.558070224171867835E+03   -0.156112194659414061E+01    0.232784901869380523E+01    0.234850992570266115E+01
    0.753122317135470720E-03    0.558053686786078515E+03   -0.155118555832246852E+01    0.231830304143248522E+01    0.234179384083074993E+01
    0.752175453367568097E-03    0.558051202870035581E+03   -0.157196197732586174E+01    0.232405853411429764E+01    0.236796177328345081E+01
    0.753888159265152583E-03    0.558041654040566527E+03   -0.156564246727478817E+01    0.234747548620493429E+01    0.235437858427791014E+01
    0.758744028914507289E-03    0.558023813149388729E+03   -0.156676152956553727E+01    0.231814654116559193E+01    0.236227680918437599E+01
    0.757641316236618901E-03    0.558021721942660179E+03   -0.155788839682098601E+01    0.234424267207847192E+01    0.234447163735208264E+01
    0.759404262170351382E-03    0.558012073574140686E+03   -0.155987171823572623E+01    0.232065349463978032E+01    0.235507508550981726E+01
    0.758528203914625595E-03    0.558009382131003576E+03   -0.156280580837528782E+01    0.233487767610675956E+01    0.234978957273591149E+01
    0.756924831663781969E-03    0.558008614193130143E+03   -0.157758546436558200E+01    0.234664335754705133E+01    0.237405658854021162E+01
    0.756112397518463215E-03    0.558005762016614540E+03   -0.155366225972560068E+01    0.231336159563454835E+01    0.234380417445391487E+01
    0.755075560931836370E-03    0.558003506444912887E+03   -0.157513153964370467E+01    0.234811024227954679E+01    0.237032768603032729E+01
    0.754265912520698818E-03    0.558000652144883475E+03   -0.157706445618133451E+01    0.233649326859927164E+01    0.237725551727739060E+01
    0.754563791287329150E-03    0.557994862450010032E+03   -0.156956793064306810E+01    0.232026204649409262E+01    0.236730218240016299E+01
    0.753171223098491141E-03    0.557993556915075942E+03   -0.155666709942184922E+01    0.232554669627535970E+01    0.234238765946438043E+01
    0.752543120223264877E-03    0.557990225499597159E+03   -0.157950862860928809E+01    0.233479749541368342E+01    0.237931712478692958E+01
    0.750707057645809439E-03    0.557990111082895282E+03   -0.155778942588357827E+01    0.231784597180810437E+01    0.234676355559845895E+01
    0.749496960730511958E-03    0.557988337569860846E+03   -0.156786659146432483E+01    0.234834583005769115E+01    0.235944536268771365E+01
    0.749991475822908943E-03    0.557982018413011701E+03   -0.155935775413700162E+01    0.231442112525287369E+01    0.235255834387468710E+01
    0.748964200057532139E-03    0.557979759724026394E+03   -0.155625733426394586E+01    0.231399587064041778E+01    0.234699742492314201E+01
    0.750807410317715172E-03    0.557969843745685580E+03   -0.156824395217483969E+01    0.234018457413375014E+01    0.235759863469756148E+01
    0.750322689991589245E-03    0.557966135360164230E+03   -0.157243943811035658E+01    0.232338055997827286E+01    0.237141536279119158E+01
    0.751415515507758078E-03    0.557958224531352471E+03   -0.156419683570529600E+01    0.234692168234838805E+01    0.235439520142637981E+01
    0.749942256665366556E-03    0.557957149669897262E+03   -0.156786549651608098E+01    0.233644751826090902E+01    0.236464551350821672E+01
    0.748106951777491249E-03    0.557957050191978283E+03   -0.157834098380002796E+01    0.234524435074463566E+01    0.237493436469408792E+01
    0.751260843004928573E-03    0.557943636256744981E+03   -0.155206738635195118E+01    0.231522810915101607E+01    0.233953504901492515E+01
    0.752374049588068342E-03    0.557935674881501427E+03   -0.155346945085546828E+01    0.233646663417100964E+01    0.234148962797931759E+01
    0.751097679490761450E-03    0.557934070676392139E+03   -0.156631464650497931E+01    0.231845057633195406E+01    0.236112941238397411E+01
    0.751527946911483675E-03    0.557927925301456526E+03   -0.157994985635404483E+01    0.233879400914324043E+01    0.237872341300808543E+01
    0.754735428087908305E-03    0.557914407571880815E+03   -0.156698937052785681E+01    0.231837198444847292E+01    0.236304508621939036E+01
    0.753033282468509803E-03    0.557913923241507291E+03   -0.157224967131056648E+01    0.234669392455030712E+01    0.236746396497272826E+01
    0.751614338695993293E-03    0.557912695404964552E+03   -0.155676696947412596E+01    0.233757449198967082E+01    0.234676074743824969E+01
    0.750944801063876716E-03    0.557909477797840054E+03   -0.156988015741109210E+01    0.233158566823698710E+01    0.236843847597234003E+01
    0.751292355035832523E-03    0.557903552367453131E+03   -0.154696010533468842E+01    0.233281354981671596E+01    0.232961289981221498E+01
    0.749855833619874094E-03    0.557902380162377881E+03   -0.157187175401198864E+01    0.233513964268528529E+01    0.236419162338639310E+01
    0.749353631735543563E-03    0.557898720073617028E+03   -0.157182521173033773E+01    0.232495732232703833E+01    0.237120020704064771E+01
    0.748427656228869390E-03    0.557896192999756749E+03   -0.157154733361639387E+01    0.234799305351358889E+01    0.236548325507154189E+01
    0.747870326899092303E-03    0.557892682888433569E+03   -0.155349036958445663E+01    0.232778235353644680E+01    0.234421625449316195E+01
    0.746755079043239932E-03    0.557890667577596219E+03   -0.155316630759676433E+01    0.232418260367201102E+01    0.234434944256413580E+01
    0.744944361317000396E-03    0.557890523029214933E+03   -0.156849075135118743E+01    0.231987474220225742E+01    0.236601289431999007E+01
    0.745200911943062197E-03    0.557884834369838700E+03   -0.155589703671616419E+01    0.234211772460543344E+01    0.234243018175234852E+01
    0.746795589838558714E-03    0.557875559082327413E+03   -0.157719554538449325E+01    0.234186385660794238E+01    0.237248085409616749E+01
    0.745666519138061287E-03    0.557873585144856179E+03   -0.154386784601445992E+01    0.232019622268293091E+01    0.232739604399389677E+01
    0.744964548645541194E-03    0.557870468831731046E+03   -0.157145960470052359E+01    0.232586668062157376E+01    0.237082879514247935E+01
    0.744253728322871798E-03    0.557867378076030946E+03   -0.155630747691541726E+01    0.231404399457348164E+01    0.234743858776425718E+01
    0.747547124146705710E-03    0.557853547403575362E+03   -0.154934767504961157E+01    0.233561022492960157E+01    0.233213265043421814E+01
    0.746208083224032316E-03    0.557852133108313978E+03   -0.154481553548309947E+01    0.232266906247879135E+01    0.232995630061605752E+01
    0.744657756574061778E-03    0.557851292643444140E+03   -0.156339049912043571E+01    0.234589915926993742E+01    0.235368589826360974E+01
    0.747351289701297288E-03    0.557839071410945280E+03   -0.157399684367510728E+01    0.232530002657062740E+01    0.237196131191627302E+01
    0.745803235454241243E-03    0.557838218482867546E+03   -0.157770629103036764E+01    0.233256910382289506E+01    0.237792094229419604E+01
    0.745724579786064012E-03    0.557833429422730546E+03   -0.157711573575287245E+01    0.232987224742200816E+01    0.237613879079392021E+01
    0.748687814462216687E-03    0.557820497907785466E+03   -0.157172430321319578E+01    0.232269491117667259E+01    0.236913621943128483E+01
    0.749413974080328647E-03    0.557813559028383452E+03   -0.154813053174315418E+01    0.231776994230840883E+01    0.233640998046488946E+01
    0.750743134114561150E-03    0.557805014971898231E+03   -0.156433147994554345E+01    0.232709266160083672E+01    0.236102584569684026E+01
    0.749959307770331159E-03    0.557802104197299855E+03   -0.155701913017279492E+01    0.234298364203941478E+01    0.234265931816185535E+01
    0.749386544655215999E-03    0.557798632232054615E+03   -0.155418157437131543E+01    0.234052145753102536E+01    0.233853101853638456E+01
    0.747996100156992521E-03    0.557797346566270335E+03   -0.157343341989843100E+01    0.234510919422511055E+01    0.236600107805108451E+01
    0.746675852686605056E-03    0.557795879777183131E+03   -0.156789671636377848E+01    0.234500231016563543E+01    0.235723781630218276E+01
    0.745728725498865709E-03    0.557793418304144893E+03   -0.155697498693226821E+01    0.231500767014077002E+01    0.234750319283829256E+01
    0.745277449579598728E-03    0.557789628965617908E+03   -0.156052506654178602E+01    0.232783466147681528E+01    0.234777179188667517E+01
    0.743490061523421203E-03    0.557789431297484043E+03   -0.156964013646268885E+01    0.232077289462078928E+01    0.236647635971866066E+01
    0.742039966665090857E-03    0.557788335884510616E+03   -0.155476263343070786E+01    0.231402795544163364E+01    0.234517770918249546E+01
    0.740732778954128110E-03    0.557786862218680085E+03   -0.154981280902531360E+01    0.232927872599429397E+01    0.233222913804538123E+01
    0.739608257768545655E-03    0.557784900765539192E+03   -0.157259879748803222E+01    0.234472429791951820E+01    0.236460535897930413E+01
    0.738447410757777332E-03    0.557783042317712557E+03   -0.157669435905123900E+01    0.233834538630911082E+01    0.237624667266721268E+01
    0.737252962702268904E-03    0.557781279962258395E+03   -0.155661683421918950E+01    0.231805109756786676E+01    0.234503113897642734E+01
    0.735641436928907537E-03    0.557780656450937613E+03   -0.156647473273141058E+01    0.231850779806043006E+01    0.236187049629228696E+01
    0.734289241859866610E-03    0.557779336067860982E+03   -0.157095450564067729E+01    0.234635366090333886E+01    0.236216946345312984E+01
    0.734435354968392541E-03    0.557773938135915614E+03   -0.156655184449040008E+01    0.232822944873543758E+01    0.235717387174862480E+01
    0.732801802600602020E-03    0.557773391548329073E+03   -0.156784266888137802E+01    0.233015079474282993E+01    0.235876213426288572E+01
    0.734468521071441802E-03    0.557763847820671458E+03   -0.155992194521351624E+01    0.233604175568008543E+01    0.235239566028644020E+01
    0.734513279444458031E-03    0.557758725944762546E+03   -0.157268582023654013E+01    0.232516748516325755E+01    0.237195330064993648E+01
    0.733053074251763487E-03    0.557757705882489745E+03   -0.154948021003137537E+01    0.231469361410064645E+01    0.233764475998594889E+01
    0.739810356174782735E-03    0.557734354338975209E+03   -0.156125412835835986E+01    0.234408768103603382E+01    0.235105430243949343E+01
    0.741582334745961814E-03    0.557724569707790920E+03   -0.155663795866578814E+01    0.231566722967395000E+01    0.234651732191008122E+01
    0.741861746756300043E-03    0.557718816293443524E+03   -0.156070228665382960E+01    0.234109869265261628E+01    0.235174976324928231E+01
    0.740696011883911496E-03    0.557716961493300573E+03   -0.156545790709663324E+01    0.231906839785351560E+01    0.235929293163106024E+01
    0.740884674378510097E-03    0.557711452138670438E+03   -0.155338074574284790E+01    0.233915709584359144E+01    0.233943313179557855E+01
    0.739291218371884479E-03    0.557710758266421863E+03   -0.155776116265578524E+01    0.234276130208286659E+01    0.234326528155446745E+01
    0.740489166646260150E-03    0.557702520087167045E+03   -0.155880506858739087E+01    0.233869236025155658E+01    0.234958638116196283E+01
    0.739230752249528519E-03    0.557700921851741668E+03   -0.156548978742340461E+01    0.234336306596279575E+01    0.235359944920688235E+01
    0.737944113403292434E-03    0.557699405905529829E+03   -0.157653160063829456E+01    0.234255609245534036E+01    0.237146277614806955E+01
    0.736184982109247196E-03    0.557699179251729902E+03   -0.156018947870984981E+01    0.231946956089613332E+01    0.235525167640142996E+01
    0.735185842758043109E-03    0.557696895465719990E+03   -0.155490552776824753E+01    0.231802456798385581E+01    0.234732472926047819E+01
    0.734329151722210136E-03    0.557694227367432063E+03   -0.157659260383075139E+01    0.234207412775282009E+01    0.237503077871294366E+01
    0.734698864071038019E-03    0.557688220681779512E+03   -0.155763180730363904E+01    0.231511821886222346E+01    0.235056954306798183E+01
    0.735551246664406760E-03    0.557680901667667172E+03   -0.157923744849353431E+01    0.234044332651891374E+01    0.237772414368594376E+01
    0.735186219352686925E-03    0.557676894441231866E+03   -0.157371319871765714E+01    0.232741591782507884E+01    0.237331452853572600E+01
    0.733592852244885590E-03    0.557676233739806207E+03   -0.154860329782865902E+01    0.232720605590622709E+01    0.233583532486274059E+01
    0.734036160021150279E-03    0.557670025511334188E+03   -0.156878931351941109E+01    0.232064222683729993E+01    0.236479736857824463E+01
    0.737359183139052791E-03    0.557655991831071447E+03   -0.154492087065444261E+01    0.232000131672124876E+01    0.232995717465289509E+01
    0.742047072639073703E-03    0.557638316732065277E+03   -0.155177899514978401E+01    0.233420535137479090E+01    0.233463234439081191E+01
    0.742354438260785059E-03    0.557632488477381230E+03   -0.156812526932003826E+01    0.233733191681800534E+01    0.235793718487617809E+01
    0.741133006188251457E-03    0.557630781885365536E+03   -0.155671873896847313E+01    0.232153585659334016E+01    0.234390296439822166E+01
    0.739687541572949946E-03    0.557629686382980935E+03   -0.156938155965507375E+01    0.233887427913271972E+01    0.236601701351583671E+01
    0.739337834550083729E-03    0.557625632159936572E+03   -0.157443797326338775E+01    0.233411346314163470E+01    0.236907118206575618E+01
    0.738121473951716743E-03    0.557623925274991961E+03   -0.157437514837658044E+01    0.232784460005086657E+01    0.237129031925135791E+01
    0.737598192352796893E-03    0.557620343651755093E+03   -0.154675867393477851E+01    0.231676891312418043E+01    0.233266918406994250E+01
    0.736935954629435483E-03    0.557617140118169232E+03   -0.156581969483837380E+01    0.234274387688756303E+01    0.235925867358342600E+01
    0.735522276538595580E-03    0.557615980440414660E+03   -0.157299368909795390E+01    0.232676107777995433E+01    0.236907484459095663E+01
    0.735367362313828145E-03    0.557611401720764434E+03   -0.156743360818040856E+01    0.234725343750735771E+01    0.235763628867905339E+01
    0.734535323327152080E-03    0.557608665922561386E+03   -0.156401018737854702E+01    0.232101996453369486E+01    0.235572368121990827E+01
    0.734653701542129227E-03    0.557603343627163781E+03   -0.155382593406879410E+01    0.231661097614384914E+01    0.234172752002445250E+01
    0.735201520472546894E-03    0.557596852816510818E+03   -0.155418509887156553E+01    0.231746265557521269E+01    0.234180796259712309E+01
    0.734093360147503515E-03    0.557594869666429190E+03   -0.156388894356226071E+01    0.232225989525785081E+01    0.235498227341139277E+01
    0.735337884763275960E-03    0.557586481893322684E+03   -0.156896280528577359E+01    0.232704686664796556E+01    0.236736765086703471E+01
    0.736522608061884135E-03    0.557578262230697760E+03   -0.157248237493463705E+01    0.234668520223374388E+01    0.236507820445149441E+01
    0.735981884660647824E-03    0.557574731084417976E+03   -0.156320041898691287E+01    0.231905968790406103E+01    0.235543217162522112E+01
    0.737201527965810222E-03    0.557566419497894913E+03   -0.157251869710317771E+01    0.234375342467675107E+01    0.236466991137363536E+01
    0.738797341497342687E-03    0.557557094794979889E+03   -0.155754472901109908E+01    0.233333467468247679E+01    0.234252198575586768E+01
    0.738416514802324670E-03    0.557553125997609982E+03   -0.157089808362127892E+01    0.233455626037809783E+01    0.236912230367176413E+01
    0.737333962796734763E-03    0.557551060239451544E+03   -0.156979161524493138E+01    0.233666459010909877E+01    0.236711921003148973E+01
    0.737591590434763262E-03    0.557545361552958298E+03   -0.156369900471348799E+01    0.234187074729166733E+01    0.235104047560907148E+01
    0.737049493519589165E-03    0.557541832004162984E+03   -0.156153233970845995E+01    0.232426295822151996E+01    0.235701598004543378E+01
    0.735489325560541285E-03    0.557541070041279909E+03   -0.156073738405364315E+01    0.233476923607584874E+01    0.235391810494946618E+01
    0.734131660494882375E-03    0.557539765321803998E+03   -0.155632880073066504E+01    0.231759968615468948E+01    0.234927924633259266E+01
    0.734405990201978070E-03    0.557534018103072071E+03   -0.155509688639165411E+01    0.233980062166300185E+01    0.233949702969366768E+01
    0.732655985268480217E-03    0.557533789560018818E+03   -0.155824554307304308E+01    0.233669885595451454E+01    0.234327373991856369E+01
    0.731862820414525602E-03    0.557530955909616864E+03   -0.156362534674858367E+01    0.233174975767171588E+01    0.235186089696287581E+01
    0.730720093852144179E-03    0.557529081139055165E+03   -0.156923944925964465E+01    0.232693412486924789E+01    0.236225507402130575E+01
    0.732810880622235695E-03    0.557518366772283571E+03   -0.157639800124414542E+01    0.233084654220351029E+01    0.237427768765036973E+01
    0.731028842634589269E-03    0.557518236264044504E+03   -0.155530103486151861E+01    0.233019090928014405E+01    0.234636502438121575E+01
    0.730206528187792069E-03    0.557515487275893975E+03   -0.155585607020764094E+01    0.231479818150302652E+01    0.234696957697497410E+01
    0.729458822957563093E-03    0.557512536253202484E+03   -0.156582455256558384E+01    0.234655793421229886E+01    0.235525925786097723E+01
    0.728281360591565832E-03    0.557510767179084496E+03   -0.157030026282985369E+01    0.233801270608370748E+01    0.236142796235285957E+01
    0.731125979494833336E-03    0.557497970527861526E+03   -0.155914946701541357E+01    0.233695659186502125E+01    0.235064767742638026E+01
    0.730209102268015889E-03    0.557495480225626466E+03   -0.155210893809150052E+01    0.232420513576199683E+01    0.234232290539945609E+01
    0.729286395832028176E-03    0.557493009062639203E+03   -0.157526142824418391E+01    0.233508851827627995E+01    0.237045648625180050E+01
    0.727754258463242615E-03    0.557492215226493272E+03   -0.155501835126381582E+01    0.233886987251617695E+01    0.234260286741062274E+01
    0.726235358348957592E-03    0.557491393800120704E+03   -0.156248415252910222E+01    0.234361245299464782E+01    0.235320711168297514E+01
    0.726391152428247709E-03    0.557485964800432953E+03   -0.155268463786020838E+01    0.232323059832373513E+01    0.233756258162662078E+01
    0.725761529897953430E-03    0.557482699115501532E+03   -0.157616778333018348E+01    0.233181569673223033E+01    0.237330521877242973E+01
    0.727324094371438294E-03    0.557473397744544059E+03   -0.157436374505598797E+01    0.232846940047850204E+01    0.237117114479518776E+01
    0.725588247246193563E-03    0.557473176692045286E+03   -0.157285462171529300E+01    0.232752867232448324E+01    0.237212394361851153E+01
    0.725154668163660457E-03    0.557469372159804152E+03   -0.155258732139034095E+01    0.232131649485391200E+01    0.234341830102312798E+01
    0.723989562286860054E-03    0.557467588143702415E+03   -0.157320693883760532E+01    0.234372304902354367E+01    0.236593377360352974E+01
    0.723989538943135532E-03    0.557462588208188777E+03   -0.156431117543536513E+01    0.232851866471456237E+01    0.235370976996565062E+01
    0.728336297135762068E-03    0.557445616318509792E+03   -0.155960786916561234E+01    0.231605293736393447E+01    0.235182027990698472E+01
    0.727451935736130235E-03    0.557443046236511464E+03   -0.157250883820757403E+01    0.232556382804066786E+01    0.236910920952275816E+01
    0.725838932270260907E-03    0.557442485827136352E+03   -0.156026178946177874E+01    0.231848110010067066E+01    0.235096641745358426E+01
    0.726814525370080987E-03    0.557434799451410981E+03   -0.155591358268959579E+01    0.231762557994339513E+01    0.234452586413372899E+01
    0.725731787386489960E-03    0.557432781079396591E+03   -0.154557284523936911E+01    0.232049087759037187E+01    0.233084343456778598E+01
    0.726771600153957751E-03    0.557424917573661560E+03   -0.156812535406249465E+01    0.232105424594994725E+01    0.236537547481010435E+01
    0.725179386904149076E-03    0.557424303985881352E+03   -0.155997956320390507E+01    0.232028884213978870E+01    0.234962347347268619E+01
    0.723732714551827364E-03    0.557423297803951073E+03   -0.157747737025805801E+01    0.234069105844311975E+01    0.237383812818186435E+01
    0.722006291202163157E-03    0.557423074389941803E+03   -0.156896020208990117E+01    0.234623787646684079E+01    0.235962800043932930E+01
    0.720976942849041371E-03    0.557420927780066904E+03   -0.157316552646621433E+01    0.234386539220944812E+01    0.236593183946329688E+01
    0.720205238646065928E-03    0.557418069644674006E+03   -0.155795215171634926E+01    0.234238000900417020E+01    0.234551514867360744E+01
    0.718533216717983877E-03    0.557417718224614532E+03   -0.155950221639349396E+01    0.234248034145068607E+01    0.234852925762695008E+01
    0.717154058853697969E-03    0.557416560727956380E+03   -0.154737502833109208E+01    0.231795073137195740E+01    0.233263721693176507E+01
    0.716342486043595908E-03    0.557413825324685831E+03   -0.154724248193775948E+01    0.232011632007690372E+01    0.233426520858640885E+01
    0.714974946032018079E-03    0.557412647091673534E+03   -0.154552664708852072E+01    0.232692376269126200E+01    0.232864466739706444E+01
    0.715293957043722033E-03    0.557406754920931803E+03   -0.155223367790945899E+01    0.233529457257266548E+01    0.233919326639100156E+01
    0.713642307445178374E-03    0.557406378361109319E+03   -0.155703918234913430E+01    0.233988588761900917E+01    0.234193953779234221E+01
    0.713712821672299563E-03    0.557401180753027802E+03   -0.157516320778566965E+01    0.233902661800425538E+01    0.236963385499821655E+01
    0.714521237705182657E-03    0.557393916653207725E+03   -0.154680813987174548E+01    0.232658052266990856E+01    0.233227570588472588E+01
    0.714957647286378149E-03    0.557387695482054141E+03   -0.155124487952130208E+01    0.232788236910722812E+01    0.233463590321518133E+01
    0.713348817770967846E-03    0.557387201042268771E+03   -0.156471797755925213E+01    0.232163768546699201E+01    0.236140379714666615E+01
    0.712933784233729510E-03    0.557383365001075731E+03   -0.156673850290488703E+01    0.234669509028874490E+01    0.235710559235814010E+01
    0.716857220863484942E-03    0.557367388721427915E+03   -0.157627960118515720E+01    0.233553288015260208E+01    0.237570423122184238E+01
    0.715936913727966036E-03    0.557364957987283674E+03   -0.155809517035141609E+01    0.234267737606921678E+01    0.234512329912208095E+01
    0.715362389153499883E-03    0.557361563590260516E+03   -0.155334513269566221E+01    0.233867671956545298E+01    0.233887493178888306E+01
    0.713719782330404263E-03    0.557361161247635891E+03   -0.156263892943764704E+01    0.233421045813723271E+01    0.235691433670263351E+01
    0.712096806159400364E-03    0.557360714363050761E+03   -0.156232821156000856E+01    0.232363852685020733E+01    0.235807682242656114E+01
    0.711155821001249614E-03    0.557358358968168091E+03   -0.156654059234453769E+01    0.232142867421306276E+01    0.236367624557528799E+01
    0.710454191320129239E-03    0.557355333151613763E+03   -0.154703155662976766E+01    0.232375429520348664E+01    0.233337759982621051E+01
    0.709140071946766717E-03    0.557354035955387189E+03   -0.156188801790206444E+01    0.231857553127832849E+01    0.235376148795657159E+01
    0.708237088296032719E-03    0.557351584278580845E+03   -0.155383710973064648E+01    0.232227725234846538E+01    0.233960895060639018E+01
    0.708575685596287124E-03    0.557345628337717130E+03   -0.157357490961439561E+01    0.234388300657691984E+01    0.236673541265638931E+01
    0.710215897212718010E-03    0.557336004086017283E+03   -0.155086712890656542E+01    0.233119889026384319E+01    0.233384758225144040E+01
    0.711317618317187862E-03    0.557327903993580321E+03   -0.155534419219684339E+01    0.231527045404318654E+01    0.234603386056987873E+01
    0.713874082214651512E-03    0.557315728912113400E+03   -0.155936156292443706E+01    0.231865111436071025E+01    0.235359469394703424E+01
    0.713159732149846819E-03    0.557312731247635611E+03   -0.155458376466941983E+01    0.231563747062807179E+01    0.234568595440364724E+01
    0.712672991006024987E-03    0.557309096740669361E+03   -0.154942755832249146E+01    0.233050668070054146E+01    0.233217743859422555E+01
    0.711108477022153016E-03    0.557308492119170069E+03   -0.157429363831579749E+01    0.232784710885740198E+01    0.237314983504285593E+01
    0.710889605633747393E-03    0.557304107791983824E+03   -0.157594522564750439E+01    0.234283966740686100E+01    0.237102089120451964E+01
    0.709284703774679505E-03    0.557303628089335007E+03   -0.155314330645180743E+01    0.233522787200374449E+01    0.233671333939368964E+01
    0.708403441412604738E-03    0.557301114566995352E+03   -0.154732336439737961E+01    0.231782448740934832E+01    0.233341792654419677E+01
    0.709274227541624512E-03    0.557293657629829454E+03   -0.156134740657758608E+01    0.232123732359434287E+01    0.235152638844392037E+01
    0.708291030162465731E-03    0.557291431957237592E+03   -0.156680400117035790E+01    0.232085672037891522E+01    0.236370001993470780E+01
    0.708404610704198084E-03    0.557286111265795512E+03   -0.157622798146119258E+01    0.234393165748234633E+01    0.237289164939360830E+01
    0.708399905588359908E-03    0.557281124549535889E+03   -0.157387136901341917E+01    0.234569064431250718E+01    0.236905526082663087E+01
    0.710459683595433605E-03    0.557270317690366028E+03   -0.157141464094063754E+01    0.234520908494566216E+01    0.236343153133212702E+01
    0.709124726025902479E-03    0.557269079236221273E+03   -0.157491444624466626E+01    0.234473756196642347E+01    0.237100698088297790E+01
    0.707837170097438311E-03    0.557267713931794560E+03   -0.154662574386925789E+01    0.231892720532041441E+01    0.233222658720078790E+01
    0.707988280970118047E-03    0.557262287012295019E+03   -0.155365819300323760E+01    0.232243657391652691E+01    0.234487366851410961E+01
    0.709220650978630257E-03    0.557253808709861687E+03   -0.156864819879263795E+01    0.234022440780732310E+01    0.236422506934098209E+01
    0.707600306359019928E-03    0.557253383304323052E+03   -0.155637939564347150E+01    0.232037380525707349E+01    0.234923194976087046E+01
    0.705940971363503041E-03    0.557253078846742255E+03   -0.154840628104850309E+01    0.232237447560284993E+01    0.233600933101052277E+01
    0.704986877393649490E-03    0.557250783716778301E+03   -0.155116112374357606E+01    0.231708899683922409E+01    0.233814975363397082E+01
    0.704333691164534372E-03    0.557247637620823866E+03   -0.155549500926950568E+01    0.233270687881341443E+01    0.233993131753930328E+01
    0.704541030519372879E-03    0.557242048954271240E+03   -0.155628441169827214E+01    0.233861807509794639E+01    0.234099962129406158E+01
    0.706637873743059760E-03    0.557231105427875036E+03   -0.156229223530721306E+01    0.234463112402930252E+01    0.235047004004702309E+01
    0.709203048896310008E-03    0.557218858348294361E+03   -0.157464332241528071E+01    0.232839840986490421E+01    0.237283373534495290E+01
    0.709685472653821944E-03    0.557212498343561720E+03   -0.157004250960058145E+01    0.233935308225216598E+01    0.236650413624552236E+01
    0.710168595877308496E-03    0.557206137293147094E+03   -0.155283760526578529E+01    0.232854420985729060E+01    0.234243931935159111E+01
    0.711373562637263122E-03    0.557197746702044924E+03   -0.155240162059066877E+01    0.231950015047571156E+01    0.234291442847191789E+01
    0.709954478949002691E-03    0.557196740387156979E+03   -0.154803271624636252E+01    0.232250704909758232E+01    0.233523692997485455E+01
    0.708652285360077952E-03    0.557195412141690895E+03   -0.156016073244521269E+01    0.234188356621214977E+01    0.234656559225850714E+01
    0.708194242425646712E-03    0.557191705275256027E+03   -0.156837883821061341E+01    0.233104001214881240E+01    0.236589185895511278E+01
    0.706434496705491224E-03    0.557191681129567996E+03   -0.156516993705884677E+01    0.232028808993925573E+01    0.235868987351117099E+01
    0.708222741621320558E-03    0.557181624792753951E+03   -0.155357042905377440E+01    0.232767108002590817E+01    0.234384683736326593E+01
    0.707512122210505047E-03    0.557178632568330272E+03   -0.157656163980712449E+01    0.234181330110579200E+01    0.237248597588702737E+01
    0.707374400349428611E-03    0.557174021919304437E+03   -0.155603256222396324E+01    0.232577912929686770E+01    0.234817801026067130E+01
    0.707585482147697360E-03    0.557168425204719370E+03   -0.156458700738458800E+01    0.232146910986270205E+01    0.236097171961510455E+01
    0.706519992773923361E-03    0.557166439094685302E+03   -0.157402598920430425E+01    0.232786205841739990E+01    0.237253657904212822E+01
    0.706651160260611728E-03    0.557161067823344752E+03   -0.157348671625052283E+01    0.232722172396833793E+01    0.237196980517874856E+01
    0.706184281090822927E-03    0.557157389645187891E+03   -0.157630527087815353E+01    0.233341661168196124E+01    0.237357228343870119E+01
    0.704600265849342536E-03    0.557156880808379469E+03   -0.155784627665754805E+01    0.232491568944009908E+01    0.235111826427610993E+01
    0.707615898741377198E-03    0.557143339233650863E+03   -0.155056773033772410E+01    0.231728517737878059E+01    0.233745342011245860E+01
    0.707566783789975273E-03    0.557138478056580311E+03   -0.155939064052859733E+01    0.233952605470985864E+01    0.234969363735530479E+01
    0.707339109232764840E-03    0.557134121702381208E+03   -0.155200549917410591E+01    0.231609898719030438E+01    0.234059695724008776E+01
    0.707972254418806407E-03    0.557127332286300657E+03   -0.155134730918333097E+01    0.233520657874377813E+01    0.233696107286588450E+01
    0.707304096037543006E-03    0.557124220704575123E+03   -0.155769228428374995E+01    0.233986568307791609E+01    0.234649375101859547E+01
    0.707467782552191702E-03    0.557118757911900616E+03   -0.157060158586200949E+01    0.233616549026757303E+01    0.236250698731226905E+01
    0.708724341250995980E-03    0.557110208791671994E+03   -0.157717948361626625E+01    0.233856447314403226E+01    0.237417043063351585E+01
    0.707701375872337953E-03    0.557108097656352015E+03   -0.155956982872434624E+01    0.234106982087865445E+01    0.234574297411321098E+01
    0.706019603344948117E-03    0.557107856087033724E+03   -0.156441932905405712E+01    0.234395915175566394E+01    0.235574060080284475E+01
    0.706889027757204996E-03    0.557100394711958529E+03   -0.154723286182771780E+01    0.232074557003324733E+01    0.233363457890274084E+01
    0.705709588666584013E-03    0.557098734484066426E+03   -0.157432324278745939E+01    0.233418825525660845E+01    0.236941056718071152E+01
    0.704558591178661565E-03    0.557096999104966017E+03   -0.157694413958312940E+01    0.234107868142747000E+01    0.237361486275519340E+01
    0.702871412703544394E-03    0.557096794169100463E+03   -0.154930139035598802E+01    0.232627369810124041E+01    0.233672302917281094E+01
    0.704702391579055940E-03    0.557086590946640172E+03   -0.156373468099561097E+01    0.234488364659746518E+01    0.235273274377909303E+01
    0.703161325206847453E-03    0.557085969401654893E+03   -0.155155359941222426E+01    0.232816118087200108E+01    0.234023160534583319E+01
    0.701663043952603649E-03    0.557085235505959986E+03   -0.157400785395744736E+01    0.233004575846466144E+01    0.237300058117623003E+01
    0.704155035127007351E-03    0.557073144990276433E+03   -0.157581555007641105E+01    0.233616034420282004E+01    0.237180265618713904E+01
    0.702541953599755903E-03    0.557072731855101551E+03   -0.156972465680573192E+01    0.232536679842478833E+01    0.236777637663765006E+01
    0.703535807505837078E-03    0.557064904546117305E+03   -0.156675737716909635E+01    0.232355270939651959E+01    0.236390836188106945E+01
    0.704881240663595907E-03    0.557056083423478185E+03   -0.155171366828947765E+01    0.232831687350459093E+01    0.234044082627773875E+01
    0.710104740663203325E-03    0.557036317132372460E+03   -0.155801100170867901E+01    0.233391150099243117E+01    0.234941856513698255E+01
    0.709460168220721289E-03    0.557033133386022541E+03   -0.155863940063814121E+01    0.233946118190184782E+01    0.234436334874597208E+01
    0.708018266271821144E-03    0.557032202308444539E+03   -0.156881002537601244E+01    0.234594526496293554E+01    0.236085933697299133E+01
    0.707380682241934245E-03    0.557029004158230236E+03   -0.155615017449936621E+01    0.232705289609246124E+01    0.234804614445479487E+01
    0.706735507434270278E-03    0.557025829113936538E+03   -0.155779145924358442E+01    0.231843752099276346E+01    0.235093907142807801E+01
    0.707252883156252459E-03    0.557019365521311556E+03   -0.157075102803826727E+01    0.234454145569932004E+01    0.236262736095264714E+01
    0.708435680823290095E-03    0.557011023549150877E+03   -0.156555078231565536E+01    0.233149753991310815E+01    0.235529269249013673E+01
    0.707298539303882344E-03    0.557009236417068564E+03   -0.156615231445456704E+01    0.232698148702004559E+01    0.236304797391561294E+01
    0.707549650621444007E-03    0.557003526485580551E+03   -0.156431588473401462E+01    0.234432289168395247E+01    0.235505963157655174E+01
    0.707233894411317399E-03    0.556999419219218794E+03   -0.154743780579046986E+01    0.232109041365716395E+01    0.233382332058687858E+01
    0.705590895964928956E-03    0.556999070890673693E+03   -0.156393556013303447E+01    0.232130612422934579E+01    0.235611447617124092E+01
    0.703907408398245595E-03    0.556998848444110990E+03   -0.156048439939532724E+01    0.234054299564086055E+01    0.235090718847092539E+01
    0.703314417972967132E-03    0.556995534007678089E+03   -0.155879395930142040E+01    0.233012452325211772E+01    0.235161484691179190E+01
    0.702502091894926378E-03    0.556992845336824530E+03   -0.155089521763509541E+01    0.233047577753384827E+01    0.233429853403816168E+01
    0.703560738868491990E-03    0.556984833672906234E+03   -0.154988519204574660E+01    0.231946209812260884E+01    0.233558711845945055E+01
    0.701816022920951884E-03    0.556984799506670697E+03   -0.156860243038786651E+01    0.233703287489866041E+01    0.236487093194990017E+01
    0.700625373743720076E-03    0.556983195440265149E+03   -0.154897265890310720E+01    0.233190271152507211E+01    0.233334479337622902E+01
    0.699504061026179976E-03    0.556981398895401298E+03   -0.157617025944067235E+01    0.233318146698211226E+01    0.237397986929843086E+01
    0.698132097161611727E-03    0.556980325423195268E+03   -0.155317339123556519E+01    0.231863763282900903E+01    0.234047944300233723E+01
    0.697351748451675120E-03    0.556977562206641210E+03   -0.156198129050806056E+01    0.231817073365442594E+01    0.235511147127662923E+01
    0.695783530177024518E-03    0.556977064910610011E+03   -0.155713565023213452E+01    0.233840687147455162E+01    0.234236366387721873E+01
    0.694779243638826423E-03    0.556974953774692153E+03   -0.156906183815052147E+01    0.234039461250795444E+01    0.235969511597078352E+01
    0.695804535094608225E-03    0.556967004533784120E+03   -0.155413925155419119E+01    0.231642483923229570E+01    0.234370532917689189E+01
    0.694646893932590538E-03    0.556965334794461569E+03   -0.154707531201191451E+01    0.232677482127982449E+01    0.233183074256124812E+01
    0.693206760583975064E-03    0.556964485473780883E+03   -0.156165578340952149E+01    0.232991986179670985E+01    0.235606305930572013E+01
    0.692031227748072532E-03    0.556962879931998145E+03   -0.155633702330274515E+01    0.231927330828208067E+01    0.234487249742672255E+01
    0.691547018347723661E-03    0.556959279807781058E+03   -0.154923045106290425E+01    0.232755574256539699E+01    0.233258451745144590E+01
    0.690897672647760078E-03    0.556956158640987155E+03   -0.156099265641558138E+01    0.231916177256325851E+01    0.235548417904338514E+01
    0.692691965204916805E-03    0.556945971283366134E+03   -0.157520010210922989E+01    0.233461326724216223E+01    0.237119398959141314E+01
    0.691667091509457106E-03    0.556943932578350200E+03   -0.155559292140053462E+01    0.231842245299791339E+01    0.234421975999735466E+01
    0.690146388021244681E-03    0.556943334631520656E+03   -0.155206881953990639E+01    0.233569954032163363E+01    0.233632223867190447E+01
    0.689619107286669497E-03    0.556939863241308444E+03   -0.155479442049218153E+01    0.233886197992314360E+01    0.234046077267574759E+01
    0.689625991975832122E-03    0.556934843274765399E+03   -0.156056662603827156E+01    0.231761924696312782E+01    0.235325705720470424E+01
    0.688483619216587010E-03    0.556933159043008004E+03   -0.157228623050872063E+01    0.232881376669148699E+01    0.236766067571266881E+01
    0.687833435831164018E-03    0.556930048675724265E+03   -0.155125476913054028E+01    0.232398226640859518E+01    0.233588210518371753E+01
    0.687840359040614623E-03    0.556925028545343139E+03   -0.156151721283986156E+01    0.233210283233453186E+01    0.235537772997187744E+01
    0.688951243267641963E-03    0.556916801086761211E+03   -0.155151369565920971E+01    0.231859594350383125E+01    0.233828822193152597E+01
    0.688957700051294301E-03    0.556911782343044706E+03   -0.155934876186226901E+01    0.231857580605092428E+01    0.235301365200974821E+01
    0.689370910078717920E-03    0.556905583180416102E+03   -0.157072644394136218E+01    0.234226796692144035E+01    0.236614833488220810E+01
    0.688067069280711265E-03    0.556904369459600844E+03   -0.157326405567286121E+01    0.234461666943199143E+01    0.236791884683906595E+01
    0.687063401305973605E-03    0.556902288944477277E+03   -0.156450477966580359E+01    0.232033524598836483E+01    0.236018366420172399E+01
    0.686465188779744910E-03    0.556899031063478901E+03   -0.157335273912171769E+01    0.234252294226327340E+01    0.236961207654932338E+01
    0.690074347064020257E-03    0.556883543412494532E+03   -0.154796014483463651E+01    0.232089273257237094E+01    0.233461083468819375E+01
    0.690043112959379148E-03    0.556878633938425992E+03   -0.156687559265056242E+01    0.233304832603486956E+01    0.236317566459284834E+01
    0.689347476067139146E-03    0.556875651168228046E+03   -0.156798361335661940E+01    0.234221700132679622E+01    0.235813323734754121E+01
    0.688198212489128614E-03    0.556873988302826660E+03   -0.156129850236368428E+01    0.233365338541607414E+01    0.234846636142562204E+01
    0.689749902006803585E-03    0.556864483952750675E+03   -0.156019623517104522E+01    0.232682241418810154E+01    0.235425756801996577E+01
    0.689522438581008563E-03    0.556860143614867184E+03   -0.156873236744414735E+01    0.232641059365443015E+01    0.236223042731734978E+01
    0.687875162179792717E-03    0.556859927352505906E+03   -0.155149904384896420E+01    0.233505385091794304E+01    0.233648067216203614E+01
    0.687865479851261009E-03    0.556854955504115992E+03   -0.155288017258735178E+01    0.232845853505216027E+01    0.234222197444604419E+01
    0.690074762526245644E-03    0.556843542208386225E+03   -0.155158636607074607E+01    0.232785970018659238E+01    0.234012535056355375E+01
    0.691385312102912072E-03    0.556834747527688933E+03   -0.157628185711045776E+01    0.233674687381364521E+01    0.237322050529397366E+01
    0.689867668858187627E-03    0.556834142504934562E+03   -0.157430518666379049E+01    0.233287744900288718E+01    0.237014620689071087E+01
    0.689440356640688918E-03    0.556830381712488702E+03   -0.156764771740333053E+01    0.233072497420986302E+01    0.236461852636377934E+01
    0.688365616159173732E-03    0.556828501863571546E+03   -0.155965005972176352E+01    0.232248114753227597E+01    0.234874574859495056E+01
    0.689040410994720600E-03    0.556821542252894005E+03   -0.156314320644107418E+01    0.232855399221426307E+01    0.235840713317657347E+01
    0.687852796336359783E-03    0.556819992382349369E+03   -0.156923156110462436E+01    0.234455213835775211E+01    0.236253075073436136E+01
    0.688118967536867398E-03    0.556814218612971786E+03   -0.156301039414806908E+01    0.234132531818027445E+01    0.235078408284731744E+01
    0.686965342800772570E-03    0.556812574407225497E+03   -0.157311304971841870E+01    0.233583903289862693E+01    0.236716742979693251E+01
    0.685557463371957933E-03    0.556811677449932745E+03   -0.157494487632023961E+01    0.234013787946312224E+01    0.237233860965546661E+01
    0.686474428982482201E-03    0.556804004142549275E+03   -0.156346032926211365E+01    0.232003399029193114E+01    0.235641835244747355E+01
    0.684915766020945810E-03    0.556803550372027530E+03   -0.155617706730614125E+01    0.233603165276686120E+01    0.234534514739084443E+01
    0.683686991564023787E-03    0.556802141698379273E+03   -0.156106214124248011E+01    0.233209747514291310E+01    0.235458233337940648E+01
    0.682658575043905229E-03    0.556800152405888298E+03   -0.154940935838895744E+01    0.232040102544845128E+01    0.233488910464357424E+01
    0.681057640890244515E-03    0.556799848206584670E+03   -0.156222309443193663E+01    0.233305456301560010E+01    0.235615250920123920E+01
    0.679694224205670632E-03    0.556798856041299587E+03   -0.157180022171638312E+01    0.234324503158993691E+01    0.236449981571722034E+01
    0.678056356970205580E-03    0.556798681281082622E+03   -0.156291089594960497E+01    0.231999118429209883E+01    0.235545084367335633E+01
    0.677250235118234570E-03    0.556796060438541758E+03   -0.155098650312810871E+01    0.233247320684379966E+01    0.233729791562169709E+01
    0.675902007399905051E-03    0.556795045882668774E+03   -0.157524072917225899E+01    0.233921384245636377E+01    0.237292273747639548E+01
    0.677798125316154119E-03    0.556784443108138703E+03   -0.157467197215136534E+01    0.233673286138405034E+01    0.236990621230943610E+01
    0.676113245445488257E-03    0.556784420925082372E+03   -0.156809501437457710E+01    0.234426762774722475E+01    0.236093765816307766E+01
    0.674964702568984555E-03    0.556782821300774685E+03   -0.156566445896474460E+01    0.234449240588648777E+01    0.235663084291343417E+01
    0.674024370121435843E-03    0.556780609559386676E+03   -0.155017521708924044E+01    0.232308374784074845E+01    0.233488508169394038E+01
    0.677759946385650403E-03    0.556764555767068714E+03   -0.154988115796032755E+01    0.231916287815228683E+01    0.233622153045445202E+01
    0.677817351630901092E-03    0.556759386377258579E+03   -0.157491935339710798E+01    0.234156166998174697E+01    0.237013683487767146E+01
    0.677447534369942143E-03    0.556755477875382553E+03   -0.156985555106275698E+01    0.232420374749272840E+01    0.236663524605940978E+01
    0.677625453489722179E-03    0.556749952681175614E+03   -0.155086886535088508E+01    0.232282345013165692E+01    0.233590162680795643E+01
    0.676062403770904467E-03    0.556749571324698422E+03   -0.155951259374903084E+01    0.234014671775142258E+01    0.234598259382805807E+01
    0.674803262600770851E-03    0.556748299723653645E+03   -0.155790931062214288E+01    0.232243915910730792E+01    0.234614243346083562E+01
    0.675040526679032108E-03    0.556742596637614838E+03   -0.156755162561285033E+01    0.232551788620528077E+01    0.236066056562877868E+01
    0.674945872551283433E-03    0.556737877097115643E+03   -0.155908703413088157E+01    0.232396911432251096E+01    0.235276135430304301E+01
    0.674399675146748084E-03    0.556734496244813727E+03   -0.156287185105899384E+01    0.234288460554865541E+01    0.235315085784815459E+01
    0.673643666712148191E-03    0.556731739521392115E+03   -0.156360358004758626E+01    0.234384823135042142E+01    0.235305947433345963E+01
    0.672734532492793810E-03    0.556729440499046291E+03   -0.154943111267054601E+01    0.231935332228584334E+01    0.233574118158937871E+01
    0.671411259355291705E-03    0.556728378386061308E+03   -0.154741776971437295E+01    0.232432838578406376E+01    0.233178054242466182E+01
    0.670782742583785996E-03    0.556725251488806634E+03   -0.156774744388529919E+01    0.234449200838164540E+01    0.236001922631593963E+01
    0.669504428604843259E-03    0.556724066534996837E+03   -0.157314293790365056E+01    0.233699458384172010E+01    0.237087893641417580E+01
    0.668192992459690997E-03    0.556722988009448841E+03   -0.157107928511779593E+01    0.232580470270194484E+01    0.236844016181787609E+01
    0.669025103134632303E-03    0.556715498929215528E+03   -0.156777597162770488E+01    0.234442170491497270E+01    0.235862964599684233E+01
    0.667502266411469430E-03    0.556715056523521071E+03   -0.157217680526415782E+01    0.233900957904736106E+01    0.236908965896013868E+01
    0.667306555793732541E-03    0.556710643006366809E+03   -0.156141697413637703E+01    0.232011488395570620E+01    0.235289313285791657E+01
    0.666678943858288052E-03    0.556707524921820550E+03   -0.155502227019852168E+01    0.232441467278426650E+01    0.234636731002855647E+01
    0.666677869479880090E-03    0.556702528144899134E+03   -0.156316179861683002E+01    0.231937015661984969E+01    0.235721534899213125E+01
    0.665275325892315307E-03    0.556701740137064576E+03   -0.154920104333191944E+01    0.232446410314533392E+01    0.233343926073937347E+01
    0.664718713906237635E-03    0.556698414165674990E+03   -0.155965425314930428E+01    0.231875891100856446E+01    0.235310112746190292E+01
    0.663130459198442565E-03    0.556698198611069529E+03   -0.155295539564660068E+01    0.233532559376561943E+01    0.233745944083818280E+01
    0.661864491232242455E-03    0.556697020416884016E+03   -0.156426661177815518E+01    0.232653125360864488E+01    0.236015210997561198E+01
    0.660895999751862128E-03    0.556694949115344684E+03   -0.155009505313731188E+01    0.232467876422441444E+01    0.233447603135063630E+01
    0.659637500658547525E-03    0.556693761209392960E+03   -0.156694898867407306E+01    0.232990058006170164E+01    0.235818863671867263E+01
    0.658880517834411670E-03    0.556691057675263437E+03   -0.156669649335096106E+01    0.232200225776056923E+01    0.236134284410635154E+01
    0.662891636528263779E-03    0.556673919029450303E+03   -0.155748791282620580E+01    0.233386638608732788E+01    0.234309333942153941E+01
    0.661887342036617345E-03    0.556671951368278997E+03   -0.155760898612532950E+01    0.231764700867918760E+01    0.234867172618852216E+01
    0.661861857021266045E-03    0.556667028376870576E+03   -0.154938138735085040E+01    0.233089502347856437E+01    0.233412641186251690E+01
    0.660617714948249536E-03    0.556665791436705831E+03   -0.155216666004005410E+01    0.231941651107913094E+01    0.233914675444568942E+01
    0.659012762587689012E-03    0.556665656292979520E+03   -0.156092918910817846E+01    0.233585940618092813E+01    0.234786619835710475E+01
    0.658218053662455466E-03    0.556663069564858233E+03   -0.156381243373034007E+01    0.232442670249467742E+01    0.235483735395599325E+01
    0.657694205915761664E-03    0.556659661913498667E+03   -0.155070186321669445E+01    0.232964329090573230E+01    0.233454524703754629E+01
    0.656163606631037042E-03    0.556659321778401932E+03   -0.157582721012720262E+01    0.233558213402570836E+01    0.237337791920544916E+01
    0.654820349090032890E-03    0.556658420251171833E+03   -0.156168789901600946E+01    0.234251071943989686E+01    0.235104126287153115E+01
    0.653316255170548242E-03    0.556658019448464870E+03   -0.157415128424007311E+01    0.233316511066354115E+01    0.237248885140754240E+01
    0.653223034250070855E-03    0.556653304846451420E+03   -0.155883428056963624E+01    0.233772671692765899E+01    0.234904410784695195E+01
    0.653210261351656559E-03    0.556648343954145503E+03   -0.157120356821676443E+01    0.232637676723554110E+01    0.236863595370487090E+01
    0.651904227211259923E-03    0.556647346774090579E+03   -0.156657433268699209E+01    0.233411770704788912E+01    0.235670087112864834E+01
    0.651947365821891711E-03    0.556642214432002334E+03   -0.157544206991394775E+01    0.233742211769488906E+01    0.237320065264345814E+01
    0.652711170646278296E-03    0.556634872654777723E+03   -0.156449333622706632E+01    0.233181869437145517E+01    0.235972504199730793E+01
    0.654102877428634896E-03    0.556625612806758681E+03   -0.156720017483063723E+01    0.233136961129871478E+01    0.236372249261950174E+01
    0.653557026109275038E-03    0.556622282511089452E+03   -0.157418179078724862E+01    0.234098591326668171E+01    0.236891876477962882E+01
    0.652211738219582557E-03    0.556621403572650934E+03   -0.155613203125837463E+01    0.232812129267536694E+01    0.234748682955336463E+01
    0.651401922831892086E-03    0.556618888405438611E+03   -0.155671667958437432E+01    0.233887372706648256E+01    0.234261486425938159E+01
    0.651066642878880288E-03    0.556614918080838834E+03   -0.154973087504671070E+01    0.231947840500058966E+01    0.233708501979729810E+01
    0.651569683371160287E-03    0.556608373396394882E+03   -0.156058911298592684E+01    0.233885531663823709E+01    0.235146104505932030E+01
    0.650025871261921914E-03    0.556608117766726309E+03   -0.156281649555809876E+01    0.234176563193568343E+01    0.235090125158254537E+01
    0.648613142159998757E-03    0.556607469182769023E+03   -0.157437182910101781E+01    0.233997700810517806E+01    0.237134018296154281E+01
    0.647365308651103272E-03    0.556606320585988669E+03   -0.156265612323388270E+01    0.234300085179254935E+01    0.235210692935510401E+01
    0.646488306777628008E-03    0.556604031872636028E+03   -0.154778269578590066E+01    0.232362011443790983E+01    0.233276005589134705E+01
    0.645450259098210763E-03    0.556602245796053921E+03   -0.155157439178145928E+01    0.232725813199108655E+01    0.233595336013356913E+01
    0.644233770443143876E-03    0.556601018779165997E+03   -0.155140673146310171E+01    0.233148580944913464E+01    0.233542515358546154E+01
    0.643347413067158987E-03    0.556598772337628361E+03   -0.156757764428515367E+01    0.232801607768678442E+01    0.235989677725697788E+01
    0.644030697915481021E-03    0.556591649309726449E+03   -0.155049714606808697E+01    0.232131529030081474E+01    0.233618887312952950E+01
    0.643501794859190502E-03    0.556588292462311756E+03   -0.156938012222651668E+01    0.232593341111066509E+01    0.236673900911240587E+01
    0.642501465303314400E-03    0.556586403900015284E+03   -0.156071313565832837E+01    0.233017592496384385E+01    0.234838913560529328E+01
    0.643564964324853809E-03    0.556578096141599531E+03   -0.157070143429373155E+01    0.232588882578190237E+01    0.236706879874605747E+01
    0.642618311822623677E-03    0.556576040209340817E+03   -0.157191555689937790E+01    0.234324091475838525E+01    0.236663777316000079E+01
    0.646757805023596586E-03    0.556558198316679750E+03   -0.154945164789316170E+01    0.232073466766034331E+01    0.233676586569953670E+01
    0.648977641376920450E-03    0.556546345564349053E+03   -0.155195082947889151E+01    0.233092151520161206E+01    0.233612369422432131E+01
    0.647810945102805010E-03    0.556544944290004196E+03   -0.156551305588760270E+01    0.232956585850776099E+01    0.236150037515676203E+01
    0.646465068287264662E-03    0.556544103765376462E+03   -0.156019571650828315E+01    0.233990566591542226E+01    0.235014685405469770E+01
    0.646217219133614720E-03    0.556539870695221907E+03   -0.156146589229532262E+01    0.233694231646388229E+01    0.235360806349139651E+01
    0.646346294272488330E-03    0.556534471256005304E+03   -0.156297746017862282E+01    0.231980138632154897E+01    0.235685096020588958E+01
    0.645190623043192580E-03    0.556533050469335535E+03   -0.155091481116293695E+01    0.232011384391988074E+01    0.233740572871149155E+01
    0.643735438814833525E-03    0.556532566429993494E+03   -0.155006372307670137E+01    0.231978563409543925E+01    0.233674062319648712E+01
    0.642572411942570441E-03    0.556531183067141455E+03   -0.155104959671744491E+01    0.232336370187217867E+01    0.233966610289796151E+01
    0.640976109047723349E-03    0.556531157725105004E+03   -0.155126964598543160E+01    0.231871187865839801E+01    0.233934811040177593E+01
    0.639738993435488216E-03    0.556530021553975530E+03   -0.156576044184094454E+01    0.234374602884087668E+01    0.235680818092012601E+01
    0.639918959227005939E-03    0.556524459010548071E+03   -0.156620937843265162E+01    0.234316562613043144E+01    0.235821739135688269E+01
    0.638870437056774385E-03    0.556522738744985190E+03   -0.156730531011137320E+01    0.234143196687803634E+01    0.235747130810755223E+01
    0.641199378095723633E-03    0.556510461193148217E+03   -0.155382604778763245E+01    0.233275146108305975E+01    0.233843133885279286E+01
    0.639717785799520764E-03    0.556510087855975939E+03   -0.155560086824337596E+01    0.231785589320616703E+01    0.234598300639836843E+01
    0.640337228603243586E-03    0.556503152180258667E+03   -0.155288864145348660E+01    0.233166307899755454E+01    0.233729628504052478E+01
    0.638935293887850993E-03    0.556502535719346497E+03   -0.157373416244895648E+01    0.233698698998032928E+01    0.236852877398072259E+01
    0.639125632476170982E-03    0.556496940008810952E+03   -0.157126599772560849E+01    0.234232508574420351E+01    0.236400956192305323E+01
    0.637976109908320894E-03    0.556495540420086400E+03   -0.156820792294245992E+01    0.234258158186566545E+01    0.236169806888211298E+01
    0.639333254309648060E-03    0.556486290408460263E+03   -0.156103087887957481E+01    0.233741948534251609E+01    0.235267041695996504E+01
    0.638635054444910305E-03    0.556483475751960327E+03   -0.157039516090592324E+01    0.234361244406468838E+01    0.236305796616710317E+01
    0.637194402469706106E-03    0.556482992507956851E+03   -0.156129535736961289E+01    0.234108022615105682E+01    0.234895087480316356E+01
    0.637094835032599757E-03    0.556478305050617905E+03   -0.157346887932629786E+01    0.234212520562366500E+01    0.236868446463009796E+01
    0.637846906198867320E-03    0.556470945503576104E+03   -0.156122839796009805E+01    0.232388708893265417E+01    0.235568951424454198E+01
    0.636344999783838025E-03    0.556470660357291763E+03   -0.155486092502194051E+01    0.233457168589619268E+01    0.234322853068555759E+01
    0.636370736898780962E-03    0.556465579468483043E+03   -0.156768497066581247E+01    0.232465445407304561E+01    0.236436983665475431E+01
    0.635891473000309575E-03    0.556462086277118601E+03   -0.154908155952776361E+01    0.232613555165401431E+01    0.233346453445252955E+01
    0.635994576737426882E-03    0.556456762022481598E+03   -0.155250390496845814E+01    0.233418581143878656E+01    0.233867657549855501E+01
    0.635139243391374931E-03    0.556454453583233430E+03   -0.156901460110615765E+01    0.233156746062111786E+01    0.236141896171427845E+01
    0.633658964256063502E-03    0.556454120297918280E+03   -0.156568137242187677E+01    0.233299892883613413E+01    0.236109595689421425E+01
    0.633536467552969730E-03    0.556449506968199444E+03   -0.157166179129093764E+01    0.232946084876315629E+01    0.236692672487088807E+01
    0.632516017790615294E-03    0.556447731005101900E+03   -0.157463550999946822E+01    0.233850468009795964E+01    0.237030557051062907E+01
    0.631471778545383421E-03    0.556446035592332350E+03   -0.155096237957232885E+01    0.232270789687894919E+01    0.233944170616219260E+01
    0.630658569295317246E-03    0.556443612851849139E+03   -0.154928992988901171E+01    0.232896735613178896E+01    0.233380907510638380E+01
    0.629298986045937207E-03    0.556442929136223484E+03   -0.156604964385990209E+01    0.234348464810611334E+01    0.235732955471787875E+01
    0.627839515488933051E-03    0.556442572924353044E+03   -0.156723730621537172E+01    0.234365116025288867E+01    0.235825193881296791E+01
    0.626593192733000291E-03    0.556441547065517739E+03   -0.155064491078269096E+01    0.232077237396134040E+01    0.233881666882834338E+01
    0.625414570832984206E-03    0.556440312608455997E+03   -0.155760379576305175E+01    0.232151383624067398E+01    0.234638007884437272E+01
    0.624173374877996377E-03    0.556439285746537053E+03   -0.157053293533486182E+01    0.233394266646844661E+01    0.236346094019109287E+01
    0.623249935599023692E-03    0.556437246856658817E+03   -0.156067575558699279E+01    0.231914144559123114E+01    0.235370041078502368E+01
    0.621855609718550213E-03    0.556436726240654934E+03   -0.156936522506714304E+01    0.234270480960634053E+01    0.236322029836182779E+01
    0.620702883769087637E-03    0.556435437055996658E+03   -0.155760782083306215E+01    0.232319335194668541E+01    0.234571809646417506E+01
    0.621441045121333890E-03    0.556428059999934248E+03   -0.155334578440222049E+01    0.233548689265470477E+01    0.233923060404553063E+01
    0.622298880937934007E-03    0.556420301108192803E+03   -0.155519043875973639E+01    0.232265352588537377E+01    0.234649306986472794E+01
    0.621091937789927250E-03    0.556419183856911559E+03   -0.156836818944273904E+01    0.232460835784183573E+01    0.236495995220643174E+01
    0.619680506216917074E-03    0.556418734029471011E+03   -0.156097972091796100E+01    0.233187388472759372E+01    0.235420018198627723E+01
    0.618412279215216527E-03    0.556417831387795673E+03   -0.156963055959520048E+01    0.234127548369763439E+01    0.236434383657552694E+01
    0.617252293653598608E-03    0.556416586406521105E+03   -0.155705902888200409E+01    0.231852455827104675E+01    0.234752894644006993E+01
    0.616219668169074855E-03    0.556414935086532410E+03   -0.156618955972332508E+01    0.233243292400117541E+01    0.236191305006499697E+01
    0.616268710201518582E-03    0.556409775922248741E+03   -0.154937413512029742E+01    0.232343006115682771E+01    0.233630669596020724E+01
    0.614876783107604899E-03    0.556409298304678941E+03   -0.155138942524676171E+01    0.233039688008590806E+01    0.233569981992569353E+01
    0.615333131132442279E-03    0.556402814499222700E+03   -0.157374764615699592E+01    0.234101586952059826E+01    0.236955219052618560E+01
    0.613802847704270809E-03    0.556402794531522431E+03   -0.157222902685419519E+01    0.232937131573464695E+01    0.236981639857008020E+01
    0.614016159897541711E-03    0.556397099601099967E+03   -0.155184268452273355E+01    0.232957492776258634E+01    0.233626758847634619E+01
    0.612893242661406257E-03    0.556395760564321336E+03   -0.157255385554740235E+01    0.233528830015596300E+01    0.237004064395194014E+01
    0.613804464850247183E-03    0.556387789262260981E+03   -0.155492004071538381E+01    0.231872116757249680E+01    0.234411037908436271E+01
    0.612378119802407480E-03    0.556387442225723362E+03   -0.155808597254147640E+01    0.233065114520274630E+01    0.234988389821568688E+01
    0.611204224755064886E-03    0.556386279794687198E+03   -0.156787521434434640E+01    0.232834989358158406E+01    0.236472656837998940E+01
    0.611176806754645677E-03    0.556381369514667199E+03   -0.156169048839742941E+01    0.233061166066565395E+01    0.235553251121535823E+01
    0.610025420210004421E-03    0.556380140837255226E+03   -0.155289069280255609E+01    0.232876778011866170E+01    0.234166431657908802E+01
    0.608945432307930073E-03    0.556378684771656708E+03   -0.156616307038108293E+01    0.234165822514012278E+01    0.235598511694843893E+01
    0.607443533469617593E-03    0.556378623651057296E+03   -0.157084902987491182E+01    0.232821130712800883E+01    0.236829980122125150E+01
    0.606506442937034635E-03    0.556376711391860340E+03   -0.156499311240561623E+01    0.232559243143784533E+01    0.236089166957257390E+01
    0.606594826515180962E-03    0.556371419961687025E+03   -0.155344236524629409E+01    0.232140496611242941E+01    0.234361214704929388E+01
    0.605763165944738901E-03    0.556369163905987534E+03   -0.155822352112947149E+01    0.231978349577833942E+01    0.235083294698701550E+01
    0.604810781824698085E-03    0.556367310791209320E+03   -0.155088713846823012E+01    0.232958710119342172E+01    0.233523872704225610E+01
    0.603846871502072336E-03    0.556365500811226411E+03   -0.155905237735553692E+01    0.231949739304782732E+01    0.234999188847789320E+01
    0.603547434804434279E-03    0.556361492820886156E+03   -0.156313725882314447E+01    0.233568733337048773E+01    0.235649898828783222E+01
    0.605861169415041422E-03    0.556348840361906468E+03   -0.155607881056717501E+01    0.233706359954731280E+01    0.234185189445242159E+01
    0.604972938168252131E-03    0.556346774641344382E+03   -0.156824743735657113E+01    0.233320745345620706E+01    0.235985626622085931E+01
    0.604499964354313296E-03    0.556343338872629147E+03   -0.154911319883689891E+01    0.232755738729722861E+01    0.233415891564614597E+01
    0.603360017821841276E-03    0.556342113968708873E+03   -0.156509912043038768E+01    0.232379598906530749E+01    0.236088071873893135E+01
    0.603036583719888768E-03    0.556338186365992783E+03   -0.157105319935590426E+01    0.232737900771981288E+01    0.236739557198572115E+01
    0.602966470463721827E-03    0.556333418913517448E+03   -0.157355418159242499E+01    0.233226197597600393E+01    0.237110994975263978E+01
    0.601580885944982629E-03    0.556333020094608401E+03   -0.156681161621352993E+01    0.234137555668403285E+01    0.235698593880688989E+01
    0.600676381673889725E-03    0.556331029448649701E+03   -0.155128690717735807E+01    0.232849646489149587E+01    0.233579767104986047E+01
    0.601009490869845861E-03    0.556324920642389770E+03   -0.156044885314011461E+01    0.233518298287016757E+01    0.234753071217936871E+01
    0.600715965309422495E-03    0.556320897656115335E+03   -0.155264499896256480E+01    0.232857785974769893E+01    0.234120948820112851E+01
    0.600152472430831932E-03    0.556317774607502315E+03   -0.155102462621664361E+01    0.232117755902160905E+01    0.233928102767524138E+01
    0.599607877484789522E-03    0.556314590286720204E+03   -0.156145775402813358E+01    0.232072172530300724E+01    0.235325411020304287E+01
    0.598667821584492488E-03    0.556312728316119774E+03   -0.154952226255764192E+01    0.232776486594339138E+01    0.233528507746603609E+01
    0.600657116011513756E-03    0.556301093596240321E+03   -0.154976736635589685E+01    0.232867159998927375E+01    0.233447596837722315E+01
    0.601302297632434930E-03    0.556293946496511239E+03   -0.155706630817441871E+01    0.232782746028248066E+01    0.234875389571008064E+01
    0.600517500669904038E-03    0.556291558525619735E+03   -0.155390491362092353E+01    0.231980908122093243E+01    0.234403580881464180E+01
    0.599748397690785893E-03    0.556289121634628941E+03   -0.156034538911528031E+01    0.232943942084421884E+01    0.234823482186894417E+01
    0.599302907176058465E-03    0.556285607777993846E+03   -0.155421692970641390E+01    0.233372992726032669E+01    0.234215229411419479E+01
    0.598984093472878089E-03    0.556281672009552722E+03   -0.155461382180350194E+01    0.233608745191184308E+01    0.234132605229385682E+01
    0.600513475818511872E-03    0.556271571930274376E+03   -0.156782630519911548E+01    0.234256421382395619E+01    0.235896567959631653E+01
    0.599613647757693872E-03    0.556269571039991206E+03   -0.155731407782670117E+01    0.232323740039706550E+01    0.234963456594451259E+01
    0.598494189625452797E-03    0.556268308461358743E+03   -0.156338492334236645E+01    0.233635206857946720E+01    0.235658920804340255E+01
    0.597656531700900117E-03    0.556266109640329205E+03   -0.156946040698928879E+01    0.234231342953590760E+01    0.236321843773362517E+01
    0.596551282045815808E-03    0.556264811675964665E+03   -0.155212065805914623E+01    0.233255993801006367E+01    0.233699581583083393E+01
    0.595370738469435138E-03    0.556263773492063592E+03   -0.157223493124516023E+01    0.233593349449779897E+01    0.236629658731747128E+01
    0.597154812435154872E-03    0.556252789300629274E+03   -0.156041849327608206E+01    0.234057078129232687E+01    0.234933957130310667E+01
    0.597289282797152971E-03    0.556247338981143912E+03   -0.155564848006760537E+01    0.232605371121441662E+01    0.234214675605743139E+01
    0.596135770982805509E-03    0.556246205205235356E+03   -0.156007400850293854E+01    0.233584899770665766E+01    0.234704345072114684E+01
    0.595112582824357749E-03    0.556244640889849052E+03   -0.157187575506085730E+01    0.234193273616207431E+01    0.236637512927234717E+01
    0.593681636148307517E-03    0.556244455675601898E+03   -0.155788553228485482E+01    0.233327850065483222E+01    0.234870016114567193E+01
    0.593196022332211428E-03    0.556241092285204331E+03   -0.157356369901694082E+01    0.233966527930612544E+01    0.236957422266744544E+01
    0.591856223050590889E-03    0.556240614616967150E+03   -0.156738487019521577E+01    0.233425130901122779E+01    0.236310938146048599E+01
    0.590803190050690234E-03    0.556239176194430684E+03   -0.155566097831813854E+01    0.232543640013978870E+01    0.234233689109002619E+01
    0.592669604205311095E-03    0.556227867927063471E+03   -0.157200907440249549E+01    0.232966718348738011E+01    0.236916646444236001E+01
    0.592169604679286163E-03    0.556224555918318288E+03   -0.156970144942331236E+01    0.233226931084510092E+01    0.236266679339196806E+01
    0.592425358257701873E-03    0.556218692319905699E+03   -0.155638302279560703E+01    0.232760590557670044E+01    0.234762189943128696E+01
    0.592389101902333166E-03    0.556213814723392829E+03   -0.157375397262260242E+01    0.233453976583171263E+01    0.237097774527402727E+01
    0.593106535335575819E-03    0.556206394019348750E+03   -0.157319284957801386E+01    0.233623505625570660E+01    0.237026780699209638E+01
    0.591728424149300233E-03    0.556206046521527924E+03   -0.155677669751363257E+01    0.233776014120699172E+01    0.234325898250699183E+01
    0.590391183847673961E-03    0.556205571413469443E+03   -0.156362355293298938E+01    0.232994618525913788E+01    0.235839936204357414E+01
    0.589395286845576633E-03    0.556203947947319875E+03   -0.155580949126839174E+01    0.231988581405856209E+01    0.234492237884412980E+01
    0.588305743975746582E-03    0.556202648523789321E+03   -0.155239310633151195E+01    0.233283483441839090E+01    0.233749319758203100E+01
    0.587209969664945013E-03    0.556201377183867521E+03   -0.156135112176643198E+01    0.233164500304831179E+01    0.234940480564924492E+01
    0.586762731548211660E-03    0.556197901028971955E+03   -0.156954222757674677E+01    0.234226108761528495E+01    0.236181431008615306E+01
    0.585325107120811500E-03    0.556197807231735624E+03   -0.157206473256253298E+01    0.233724392429604055E+01    0.236871780881541127E+01
    0.584587805718371164E-03    0.556195328108262174E+03   -0.155270869153462510E+01    0.231966848786996316E+01    0.234127333190762776E+01
    0.583219180499980794E-03    0.556195015957748069E+03   -0.156242990909999246E+01    0.233656727533790631E+01    0.235047084046872712E+01
    0.582789928021925697E-03    0.556191488510558656E+03   -0.156879814195957623E+01    0.232724448948192020E+01    0.236559665349987469E+01
    0.581463318867292325E-03    0.556191046315253743E+03   -0.155326833200548875E+01    0.233427012047782689E+01    0.233884484216517663E+01
    0.580341854826874060E-03    0.556189907425237152E+03   -0.156299418948438662E+01    0.232195214024542063E+01    0.235755339019272547E+01
    0.579279126212723901E-03    0.556188573205449984E+03   -0.155629851566432964E+01    0.233707563773391502E+01    0.234395548724282143E+01
    0.578592299065413119E-03    0.556185945929097443E+03   -0.155061597201699275E+01    0.232890386175327890E+01    0.233539787834938650E+01
    0.580817392918180813E-03    0.556173269275710936E+03   -0.155385172431679663E+01    0.231976253067111271E+01    0.234234771118567764E+01
    0.579459284581701462E-03    0.556172951293312735E+03   -0.156559310270171159E+01    0.234073560694760285E+01    0.235815307019124454E+01
    0.578221559310258663E-03    0.556172227863144713E+03   -0.155066627572120752E+01    0.232139399964791737E+01    0.233764565273516034E+01
    0.577688335695066067E-03    0.556169073071513708E+03   -0.156634121991552311E+01    0.233511930118404987E+01    0.235661232353564287E+01
    0.578313108769426521E-03    0.556161911229456564E+03   -0.156431782678415665E+01    0.233919862768707398E+01    0.235329348580742170E+01
    0.577266550418842231E-03    0.556160533856865641E+03   -0.157156429147005650E+01    0.234127858317112114E+01    0.236520775323458565E+01
    0.576484663677558594E-03    0.556158244621028530E+03   -0.156673777606374554E+01    0.233828522101157077E+01    0.236095102082875030E+01
    0.576962766740786513E-03    0.556151586624043148E+03   -0.157111880539279802E+01    0.233895389669574172E+01    0.236415561998621904E+01
    0.575869612352018063E-03    0.556150379559551311E+03   -0.156890644133171864E+01    0.233811670260161186E+01    0.236045911337939174E+01
    0.574589030168952538E-03    0.556149831984574234E+03   -0.155223673943488127E+01    0.233259317401019617E+01    0.233755834221250680E+01
    0.573291302777656215E-03    0.556149354156117511E+03   -0.156757302207655957E+01    0.234265830632426431E+01    0.235924822539657519E+01
    0.572545155691893772E-03    0.556146958881026421E+03   -0.156514694373800123E+01    0.232529681233570473E+01    0.235730966846206869E+01
    0.571501457164864425E-03    0.556145608028901506E+03   -0.156082715235207670E+01    0.233588545624331356E+01    0.235255153404719586E+01
    0.570382147972260775E-03    0.556144528952351379E+03   -0.157287995465312957E+01    0.233550247032590708E+01    0.236993654852320290E+01
    0.569011916436286467E-03    0.556144339341449609E+03   -0.156404960841810614E+01    0.233464229873943063E+01    0.235799477678031444E+01
    0.568353515453057581E-03    0.556141654871844139E+03   -0.156720897224336086E+01    0.233926156593836732E+01    0.235771931613863828E+01
    0.567199374816686913E-03    0.556140720348824289E+03   -0.155311873069695605E+01    0.233171595323270253E+01    0.234074214613776022E+01
    0.566214934939300888E-03    0.556139194595148751E+03   -0.156466227055369056E+01    0.232553564647524480E+01    0.236016230571503982E+01
    0.566444019413115687E-03    0.556133385580304207E+03   -0.156198775386863065E+01    0.233661317888721420E+01    0.234988951613821229E+01
    0.566241999819299064E-03    0.556129098998118252E+03   -0.156821141562415201E+01    0.232875335508996661E+01    0.236127107707783068E+01
    0.565434735665144329E-03    0.556126952336941144E+03   -0.156374672667888293E+01    0.232800321126861398E+01    0.235403730295065827E+01
    0.564248319596539929E-03    0.556126153219655180E+03   -0.155318754895453948E+01    0.232921349273063427E+01    0.233833550589113059E+01
    0.565072120098455500E-03    0.556118235356419632E+03   -0.156036958601389442E+01    0.233015749776526615E+01    0.234827775957419504E+01
    0.563683724040116752E-03    0.556118155452349129E+03   -0.156928426393802245E+01    0.234008546591163880E+01    0.236111185174971716E+01
    0.562450321791081449E-03    0.556117536468079152E+03   -0.156272258944382303E+01    0.232416131076195143E+01    0.235742316277755037E+01
    0.561415536825181100E-03    0.556116219417428965E+03   -0.156446971408465396E+01    0.232357377834006629E+01    0.235705673127677784E+01
    0.560022087081495849E-03    0.556116189646467546E+03   -0.156059522501222525E+01    0.233066336056529311E+01    0.235360261721400832E+01
    0.558970459847162081E-03    0.556114948840563443E+03   -0.155335559276224555E+01    0.232834291267944193E+01    0.233867954818191670E+01
    0.558677933436401894E-03    0.556110995775965307E+03   -0.156462607406211673E+01    0.232444612029795961E+01    0.235686247616725630E+01
    0.557510110270734052E-03    0.556110180818434969E+03   -0.156134182385789089E+01    0.233953049201355245E+01    0.235166676699261146E+01
    0.557083131562261728E-03    0.556106713139692147E+03   -0.156086203523088773E+01    0.232223947397151864E+01    0.235164256794485560E+01
    0.555932576784104828E-03    0.556105848050563054E+03   -0.155424141991868625E+01    0.233381081660499046E+01    0.233962757582981595E+01
    0.554622995071393289E-03    0.556105564905272217E+03   -0.156451780476274260E+01    0.232608899519438239E+01    0.235992803996436962E+01
    0.554445513185036331E-03    0.556101205016812855E+03   -0.156753823737739584E+01    0.232493545768130661E+01    0.236346374214688915E+01
    0.553618564945319337E-03    0.556099190217432806E+03   -0.155318637332199616E+01    0.233147759137395827E+01    0.233826087338368893E+01
    0.552881048874116418E-03    0.556096856341021862E+03   -0.156815667324512154E+01    0.232736288091726484E+01    0.236179262288904113E+01
    0.551653936908299463E-03    0.556096300247232080E+03   -0.156713656394324108E+01    0.233551306400631908E+01    0.235790571590481512E+01
    0.551929171476787895E-03    0.556090302643799646E+03   -0.156758079532147820E+01    0.233197320307186073E+01    0.235928709595982866E+01
    0.551429598062117823E-03    0.556087113744459316E+03   -0.154988949281284749E+01    0.232594497437651437E+01    0.233545071846107888E+01
    0.550896414203745676E-03    0.556084048503846248E+03   -0.156266550830206574E+01    0.233872251050003666E+01    0.235097426141476618E+01
    0.549851018499471341E-03    0.556082847362648977E+03   -0.156864537533093640E+01    0.233044303872646852E+01    0.236152099089865075E+01
    0.548599880727883619E-03    0.556082403372620888E+03   -0.155713880064653321E+01    0.233291916421106871E+01    0.234327789095473449E+01
    0.547908358645148464E-03    0.556079926006376354E+03   -0.156465077219328474E+01    0.233101322260854626E+01    0.235961780587764558E+01
    0.547504957180703820E-03    0.556076399063082363E+03   -0.156618505573470768E+01    0.232977447597581033E+01    0.236198187965841555E+01
    0.547435964316437661E-03    0.556071651105409046E+03   -0.155450944456390738E+01    0.232729977469421367E+01    0.234442973878569383E+01
    0.547441671055753356E-03    0.556066630256542794E+03   -0.155573667004773242E+01    0.232159360582962560E+01    0.234686850589167939E+01
    0.546852092305746720E-03    0.556063785359045596E+03   -0.155955491608681740E+01    0.232925838954300168E+01    0.234729358742819905E+01
    0.546183143659181771E-03    0.556061233399906882E+03   -0.155839561027380036E+01    0.233178105228340016E+01    0.234979121746275865E+01
    0.544883650096170710E-03    0.556060997523184710E+03   -0.156030184696374485E+01    0.232043850504072724E+01    0.235220919323320388E+01
    0.543578604427795106E-03    0.556060793449872335E+03   -0.155022126561268458E+01    0.232755095869029871E+01    0.233570723274596403E+01
    0.542335725474029501E-03    0.556060371636059813E+03   -0.156015374887010472E+01    0.233906574166435144E+01    0.234972782800958235E+01
    0.541292043600906055E-03    0.556059224184787809E+03   -0.156484643141596713E+01    0.232715534130958046E+01    0.236030141379749381E+01
    0.541086630118790455E-03    0.556054983303530889E+03   -0.155986506169974826E+01    0.233954075512513660E+01    0.234864184246466756E+01
    0.540225865174860003E-03    0.556053167452903040E+03   -0.157118921725418836E+01    0.233255188182652917E+01    0.236550905394176780E+01
    0.539178329343036424E-03    0.556052049357998499E+03   -0.155021583416930397E+01    0.232505779729678874E+01    0.233682594769878627E+01
    0.538501095277661344E-03    0.556049563033731943E+03   -0.157004472866510714E+01    0.233095626248063725E+01    0.236390094016606156E+01
    0.537159636703955236E-03    0.556049551444033682E+03   -0.157255795506437090E+01    0.233963575197822049E+01    0.236795005514797197E+01
    0.536524862276020580E-03    0.556046916289581759E+03   -0.156952058013616869E+01    0.233531505461193900E+01    0.236192602502995719E+01
    0.536893070304485958E-03    0.556040544193842720E+03   -0.155535494127743679E+01    0.233024508105853512E+01    0.234115675057857331E+01
    0.536592665101236904E-03    0.556036663557430643E+03   -0.156416464515157694E+01    0.232756182953153434E+01    0.235494323722105925E+01
    0.535318568750352925E-03    0.556036418044222614E+03   -0.155100708268635090E+01    0.232644131357947703E+01    0.233824046557630894E+01
    0.534139853121718008E-03    0.556035826690998761E+03   -0.155990258112508040E+01    0.232367776366083101E+01    0.234952051568370734E+01
    0.533394603576140209E-03    0.556033619105470962E+03   -0.157055166648400446E+01    0.234045201536584946E+01    0.236527631663716598E+01
    0.533563508622233551E-03    0.556027985884557893E+03   -0.156655271226409987E+01    0.234134936369872326E+01    0.235718994094413858E+01
    0.533022772138711659E-03    0.556025013799372118E+03   -0.156785848114232440E+01    0.234209370387556248E+01    0.236015251896729339E+01
    0.531790559678485281E-03    0.556024642640779120E+03   -0.155832870566112636E+01    0.233646541888615289E+01    0.234497180962014440E+01
    0.531142308113185645E-03    0.556022082123705331E+03   -0.155176577076374222E+01    0.232146610366571160E+01    0.233975817616287607E+01
    0.529865942744953632E-03    0.556021894022134575E+03   -0.155485558296767890E+01    0.232891983696548266E+01    0.234069092828203829E+01
    0.530419106034710165E-03    0.556014807174487032E+03   -0.155312459484101506E+01    0.233289494239467432E+01    0.233974496761559436E+01
    0.529382460761015396E-03    0.556013719777135634E+03   -0.155107398885601189E+01    0.232956659147121004E+01    0.233655650181621510E+01
    0.528500510066999595E-03    0.556012054553940516E+03   -0.155330606993752873E+01    0.233073895609468362E+01    0.234127846026532893E+01
    0.527674067141934051E-03    0.556010184502763650E+03   -0.157331999956354052E+01    0.233536089616911680E+01    0.236961106285381540E+01
    0.526472729825681386E-03    0.556009743024744807E+03   -0.155764295540155095E+01    0.233786928540641714E+01    0.234481094566136861E+01
    0.525251864968580718E-03    0.556009386314105996E+03   -0.156490290942879140E+01    0.232560452881984325E+01    0.235694110404743995E+01
    0.524468211209285677E-03    0.556007372458403552E+03   -0.155356744447818595E+01    0.233297674081444883E+01    0.233903298755217648E+01
    0.523594398475720792E-03    0.556005707423043873E+03   -0.155029473797520456E+01    0.232683112851853391E+01    0.233611581544515268E+01
    0.523256034329001711E-03    0.556002000307482376E+03   -0.156386500548579255E+01    0.232255435507912944E+01    0.235695972740234438E+01
    0.522706607980908842E-03    0.555999101439497622E+03   -0.155542353756240725E+01    0.233354159479998380E+01    0.234403216768621192E+01
    0.521967238334212092E-03    0.555996932446601932E+03   -0.155058689360187452E+01    0.232338775180263646E+01    0.233715463194472228E+01
    0.521465978224085864E-03    0.555993854026788313E+03   -0.157207310254703869E+01    0.233610998421629956E+01    0.236862017141405445E+01
    0.520198054953742873E-03    0.555993722866860139E+03   -0.156933725088711995E+01    0.234097415930132158E+01    0.236159588682485833E+01
    0.519150553055438592E-03    0.555992754246687468E+03   -0.155452534387438357E+01    0.232374919018533577E+01    0.234482262981215150E+01
    0.518605062534313013E-03    0.555989856824840444E+03   -0.155334651351904718E+01    0.232093440051489130E+01    0.234134234827853405E+01
    0.517675886693561341E-03    0.555988443404678492E+03   -0.156701820198868891E+01    0.232476551074623483E+01    0.236253451903478506E+01
    0.516651045718076051E-03    0.555987406721416050E+03   -0.156917109770220420E+01    0.233102560503306266E+01    0.236239209027291963E+01
    0.515945958764316820E-03    0.555985138036964258E+03   -0.155553046664830830E+01    0.233522084080659598E+01    0.234326456159295660E+01
    0.515341713323686250E-03    0.555982481691508610E+03   -0.155594408991404998E+01    0.232978945656597114E+01    0.234208775481683062E+01
    0.514490699298613416E-03    0.555980787138912888E+03   -0.156333906863759164E+01    0.233129434071011898E+01    0.235272211224316408E+01
    0.513651297749675453E-03    0.555979052842435749E+03   -0.155479625094879292E+01    0.232802849159870728E+01    0.234465348017110564E+01
    0.512467687815553168E-03    0.555978666773083887E+03   -0.156814609633594704E+01    0.233971969587416551E+01    0.235946863123030148E+01
    0.511777846633042688E-03    0.555976360819632760E+03   -0.156728119290922718E+01    0.233707753805803042E+01    0.236193783947739711E+01
    0.510549452042229177E-03    0.555976167089341402E+03   -0.157140763634950109E+01    0.233030961480544674E+01    0.236717241235471398E+01
    0.510929597185000588E-03    0.555969678482558493E+03   -0.156618585933535148E+01    0.233795009713526136E+01    0.236001245573469376E+01
    0.510346379716510143E-03    0.555966962752609220E+03   -0.155803013067274332E+01    0.233408717356061546E+01    0.234835629624635800E+01
    0.509122622801365800E-03    0.555966764301258195E+03   -0.155198797462249649E+01    0.232646891303622327E+01    0.234000036702440006E+01
    0.508016019367090528E-03    0.555966116132267302E+03   -0.157024948363481309E+01    0.233981580393933930E+01    0.236505752376246114E+01
    0.740048378813859824E-03    0.555213708889797886E+03   -0.156484964920201675E+01    0.233416384952821199E+01    0.235815135273853826E+01
    0.542957193944179021E-03    0.555833079042849022E+03   -0.155996758730141583E+01    0.232107230800348585E+01    0.235203778341834280E+01
    0.856187854953129024E-03    0.554922160393900185E+03   -0.155933667302987367E+01    0.232726019833245079E+01    0.235034485597256904E+01
    0.749566182063876357E-03    0.555188150780943602E+03   -0.155623398679702762E+01    0.232987272909477872E+01    0.234534157592594816E+01
    0.602420282393830646E-03    0.555625229321008646E+03   -0.155988598010696777E+01    0.232682244615732881E+01    0.235259994132721850E+01
    0.679017273799967908E-03    0.555385846876883420E+03   -0.156306919576049119E+01    0.232916992582085181E+01    0.235348547616421655E+01
    0.831857824430033547E-03    0.554979816927230672E+03   -0.155853442680211929E+01    0.232876589481786844E+01    0.234746372184647711E+01
    0.918583447800713662E-03    0.554781474505894835E+03   -0.156349187096429665E+01    0.233016684469944790E+01    0.235561681427118330E+01
    0.688880754465172091E-03    0.555357003640285711E+03   -0.156620204245594241E+01    0.233863908472834137E+01    0.235814685996114193E+01
    0.560571612670933569E-03    0.555769226011383580E+03   -0.155132554802320044E+01    0.232584319683065788E+01    0.233791234989945451E+01
    0.746594619613483949E-03    0.555196095291598795E+03   -0.156578467167039381E+01    0.233143264313634013E+01    0.236001871382409867E+01
    0.572101934597373115E-03    0.555728505645789710E+03   -0.155802864608911240E+01    0.232753340787063934E+01    0.234578643800875675E+01
    0.700630406858637430E-03    0.555323178989491225E+03   -0.156290061599065644E+01    0.233379918322571189E+01    0.235243462543573756E+01
    0.756014315814828339E-03    0.555171019386944863E+03   -0.156791365701208107E+01    0.233143690111913315E+01    0.236241040564217641E+01
    0.559832400822367392E-03    0.555771865102093443E+03   -0.155989455829423274E+01    0.233335034106065287E+01    0.235146109389530800E+01
    0.670267510886653184E-03    0.555411786206115266E+03   -0.155838029544168388E+01    0.232275511267195300E+01    0.234931686073169210E+01
    0.716311354779419459E-03    0.555278910160504665E+03   -0.156502964986119064E+01    0.233168448587568333E+01    0.235618424155755513E+01
    0.731036887556882060E-03    0.555238212170969859E+03   -0.156581832365281426E+01    0.233446415461310242E+01    0.235708468479203503E+01
    0.798380705495575923E-03    0.555061968894987785E+03   -0.156551788581425466E+01    0.233270321586058893E+01    0.235720751487666291E+01
    0.550299523560334597E-03    0.555806214574904061E+03   -0.155924357676298286E+01    0.233191317774001394E+01    0.235085903367792426E+01
    0.597198581681492317E-03    0.555642640630041456E+03   -0.155570089549231771E+01    0.232163863255204816E+01    0.234532542141558942E+01
    0.513779400704536407E-03    0.555943552027827877E+03   -0.157257701821514240E+01    0.233581218825884074E+01    0.236905286675553484E+01
    0.567182812182344550E-03    0.555745776667798850E+03   -0.155523605719936198E+01    0.232498774204985814E+01    0.234555249172178293E+01
    0.768690261412352093E-03    0.555137763796732656E+03   -0.156222538702602476E+01    0.233343741423626794E+01    0.235424972738237592E+01
    0.664955514902120458E-03    0.555427699724402828E+03   -0.155923241502057630E+01    0.232497438367215814E+01    0.234884041970507162E+01
    0.545997601035351043E-03    0.555821910847417143E+03   -0.156885782066980339E+01    0.234077509141096129E+01    0.236132181909509065E+01
    0.811218824929620542E-03    0.555030064333787664E+03   -0.156509934325383360E+01    0.233605508536334616E+01    0.235714300834578339E+01
    0.509078891508197282E-03    0.555961934016110945E+03   -0.156199649308345223E+01    0.234045606676314888E+01    0.235104418685217098E+01
    0.553831281805788845E-03    0.555793419821697398E+03   -0.156255128796335208E+01    0.233759359304744985E+01    0.235115111537542099E+01
    0.749062169157383730E-03    0.555189496045565306E+03   -0.156012746692376947E+01    0.232986462782930648E+01    0.235193851560686440E+01
    0.722514386954809938E-03    0.555261665346414247E+03   -0.156148676949461973E+01    0.232601746706421952E+01    0.235227143971028063E+01
    0.826112050201289463E-03    0.554993679174836302E+03   -0.156336449785492149E+01    0.232830250069195754E+01    0.235505343688262414E+01
    0.513319195097227906E-03    0.555945344282787573E+03   -0.155361743187452417E+01    0.232806545533022602E+01    0.234256191198814534E+01
    0.625317313692648697E-03    0.555550621565856090E+03   -0.155827005095577986E+01    0.232203623210634857E+01    0.234905314656932873E+01
    0.560901768849515129E-03    0.555768048431269563E+03   -0.155774211703697363E+01    0.232992866115493458E+01    0.234482914141032595E+01
    0.554569135002670375E-03    0.555790757053641073E+03   -0.156359728728709979E+01    0.233434238776600811E+01    0.235702093986683003E+01
    0.552219994051521387E-03    0.555799246997812247E+03   -0.155248150146349362E+01    0.232316692241378098E+01    0.233954403601421212E+01
    0.817948229148377664E-03    0.555013541921370916E+03   -0.156061036308415035E+01    0.232694900349779932E+01    0.235105364042634157E+01
    0.746637138987026072E-03    0.555195981392672365E+03   -0.156698951480563720E+01    0.232976162200571313E+01    0.236150935226952008E+01
    0.702415493356446587E-03    0.555318089811836444E+03   -0.156632815428978445E+01    0.232747875660064274E+01    0.236061982740490350E+01
    0.524784048942438571E-03    0.555901166326226758E+03   -0.156220399823003797E+01    0.234032031622251635E+01    0.235141791617788343E+01
    0.675287540289011014E-03    0.555396862839911819E+03   -0.156879181863218364E+01    0.233790599950178191E+01    0.236199702865687300E+01
    0.738705758427662560E-03    0.555217340651755649E+03   -0.155684527195286027E+01    0.232987938072338707E+01    0.234653584876937060E+01
    0.528671180891199569E-03    0.555886406706718390E+03   -0.156554705841159159E+01    0.233853372200975329E+01    0.235869906666072637E+01
    0.851431836575999705E-03    0.554933301119668499E+03   -0.155847776366015101E+01    0.233124718668814790E+01    0.234818560912521335E+01
    0.744610922184579284E-03    0.555201416351756961E+03   -0.156773710304261682E+01    0.233529769903720563E+01    0.236039530047898971E+01
    0.579566791373464047E-03    0.555702578185395168E+03   -0.156554762334912434E+01    0.232614679877485964E+01    0.235831749231982712E+01
    0.577895656101163561E-03    0.555708353358273143E+03   -0.157115479811609715E+01    0.233764000566678609E+01    0.236638076359719385E+01
    0.517256782650734920E-03    0.555930061152579583E+03   -0.155176800595816511E+01    0.232715414046804980E+01    0.233934085112378121E+01
    0.733970381302481907E-03    0.555230202660768555E+03   -0.156428237581739094E+01    0.232617488653260951E+01    0.235762275089797413E+01
    0.762538131422020723E-03    0.555153834980164334E+03   -0.156591454201894331E+01    0.232831110723564949E+01    0.235942886247073780E+01
    0.802464977164741937E-03    0.555051763587692335E+03   -0.156161460314331180E+01    0.233108152823606396E+01    0.235130817683912419E+01
    0.631963062510504403E-03    0.555529478117383178E+03   -0.156577382125158238E+01    0.233785183604737679E+01    0.235639986629186993E+01
    0.600516939958923245E-03    0.555631558309713569E+03   -0.155513646831700947E+01    0.232917788293637784E+01    0.234156354430526470E+01
    0.596591601818794717E-03    0.555644674420981914E+03   -0.157004290749903963E+01    0.233089773441978121E+01    0.236606817734224428E+01
    0.519082884103753668E-03    0.555923012871397077E+03   -0.155136296014054520E+01    0.232735184364396996E+01    0.233682570096110531E+01
    0.561651579382873526E-03    0.555765376627221940E+03   -0.155401801298527831E+01    0.232824206288009083E+01    0.234295659536128298E+01
    0.890694580403144742E-03    0.554843136839930708E+03   -0.155875956358938494E+01    0.232883882457507863E+01    0.234829322663919982E+01
    0.617027564549906416E-03    0.555577312615413575E+03   -0.157024406520220294E+01    0.233705025541036671E+01    0.236388830726138188E+01
    0.578318885164977097E-03    0.555706889169517126E+03   -0.156615546932913796E+01    0.233993894892835552E+01    0.235696689882985488E+01
    0.568038299048537220E-03    0.555742762322770659E+03   -0.156330313369517682E+01    0.233874907077385696E+01    0.235244361293822735E+01
    0.868375388858339849E-03    0.554893891817845429E+03   -0.156395357389668277E+01    0.233158049308945925E+01    0.235525675585973460E+01
    0.672761608377123437E-03    0.555404357922329496E+03   -0.156526450867399780E+01    0.232805627198887599E+01    0.235748910453373206E+01
    0.820513221485035210E-03    0.555007279962797384E+03   -0.156020813590463314E+01    0.233186793961325156E+01    0.235123204354907500E+01
    0.532648701216814581E-03    0.555871415792048083E+03   -0.156949653900331709E+01    0.233102362870536872E+01    0.236315551296349824E+01
    0.681285163386849196E-03    0.555379178090219170E+03   -0.156481024359848675E+01    0.233381111025074439E+01    0.235846209440522969E+01
    0.680246714705831212E-03    0.555382228915246742E+03   -0.155592742352528712E+01    0.233267990539685011E+01    0.234395937685200906E+01
    0.683551418729179058E-03    0.555372536247657763E+03   -0.155531838263348776E+01    0.232708863168950364E+01    0.234478039151911233E+01
    0.755921831487337101E-03    0.555171264064811112E+03   -0.156854606013041509E+01    0.233467644690884502E+01    0.236247010871754171E+01
    0.522619969137032986E-03    0.555909430884496487E+03   -0.156390599839863742E+01    0.233482875807551338E+01    0.235311817489219521E+01
    0.887743305091771482E-03    0.554849774750750271E+03   -0.156179998165318223E+01    0.232780093171719837E+01    0.235337083587888429E+01
    0.509837397676074977E-03    0.555958956317879824E+03   -0.156360656036935297E+01    0.234049074150329917E+01    0.235287685092930410E+01
    0.803428331373869228E-03    0.555049364040176783E+03   -0.155645913669960545E+01    0.233007090698806607E+01    0.234507635228411360E+01
    0.591013745296920575E-03    0.555663461461812858E+03   -0.156010298780338719E+01    0.232349798743172631E+01    0.235298487376837606E+01
    0.580860945343885629E-03    0.555698117228573778E+03   -0.155963008651195456E+01    0.233559725397814821E+01    0.235010186716062464E+01
    0.622573595364059773E-03    0.555559416317800924E+03   -0.155253783464677020E+01    0.232631568783871057E+01    0.233991328937597665E+01
    0.512363205334301591E-03    0.555949072493545032E+03   -0.155096380346693530E+01    0.232310448241094880E+01    0.233782904061994401E+01
    0.509653193708701851E-03    0.555959679047332884E+03   -0.155183376226916048E+01    0.232690197076066285E+01    0.233728532957356094E+01
    0.869453057613066836E-03    0.554891411322385579E+03   -0.156431760206829673E+01    0.233390708152214810E+01    0.235561710534675051E+01
    0.585850623519360231E-03    0.555681010314646869E+03   -0.157144656860399135E+01    0.233686612411649852E+01    0.236680436025516094E+01
    0.541919090121059568E-03    0.555836906591317756E+03   -0.155124679387614517E+01    0.232432864961226304E+01    0.233781073411169160E+01
    0.569300318366192039E-03    0.555738323821109702E+03   -0.156347681732608845E+01    0.232826180486729406E+01    0.235394796901012526E+01
    0.681368489576206844E-03    0.555378933490458166E+03   -0.156821822479360362E+01    0.232937942521701435E+01    0.236281192437522591E+01
    0.777295703306269889E-03    0.555115498314461774E+03   -0.155764303514187086E+01    0.233290824618764603E+01    0.234621406507766750E+01
    0.633863258986865834E-03    0.555523473508784264E+03   -0.155652461803340403E+01    0.233123281040118968E+01    0.234613705943392503E+01
    0.563742310975273091E-03    0.555757945508160105E+03   -0.157070369367131857E+01    0.233321828889319427E+01    0.236704234284081316E+01
    0.821972075154938720E-03    0.555003727166175054E+03   -0.156070551649721612E+01    0.232703690666003338E+01    0.235270884228343569E+01
    0.509830303272717665E-03    0.555958984148136096E+03   -0.155410285767961165E+01    0.232083497828601804E+01    0.234247801664825950E+01
    0.562441372867457184E-03    0.555762566206204838E+03   -0.156328573450169950E+01    0.232545523163903445E+01    0.235777138531036279E+01
    0.779409946392861435E-03    0.555110065702620318E+03   -0.156213759927370965E+01    0.232575180622587929E+01    0.235409476484466396E+01
    0.823690596954121412E-03    0.554999550070946498E+03   -0.155983622978226322E+01    0.232729883186129705E+01    0.235139765602362516E+01
    0.649723448603326740E-03    0.555474046394137076E+03   -0.156054735182600135E+01    0.232711204299034025E+01    0.235337590311092981E+01
    0.738948359192286171E-03    0.555216683933071863E+03   -0.156495622645845645E+01    0.233710651777086253E+01    0.235708838796296405E+01
    0.594871277504357781E-03    0.555650449927847603E+03   -0.155829591052405725E+01    0.232311442386100175E+01    0.235025064568771036E+01
    0.780856974805472365E-03    0.555106356007034719E+03   -0.156667951757469637E+01    0.233614581880315075E+01    0.235894329579033268E+01
    0.696383097879022667E-03    0.555335340137688149E+03   -0.155971355779831011E+01    0.232596214490757847E+01    0.235195816709603633E+01
    0.881155252225039468E-03    0.554864672345190002E+03   -0.156213655924333028E+01    0.233240605982058335E+01    0.235378576251993721E+01
    0.579452219773120974E-03    0.555702973594269793E+03   -0.155772787259509871E+01    0.233533304962683319E+01    0.234465527194982037E+01
    0.817180413070053781E-03    0.555015420222845023E+03   -0.155796068548661681E+01    0.233156890050853871E+01    0.234738989295069267E+01
    0.581590248821432310E-03    0.555695607691564760E+03   -0.155337027570956288E+01    0.232318232409311243E+01    0.234221035074046746E+01
    0.824176837302371566E-03    0.554998369780949247E+03   -0.156685002041714538E+01    0.233201304395826670E+01    0.236013010279001456E+01
    0.524209296056715149E-03    0.555903357962411974E+03   -0.155821691063762424E+01    0.233245502566071439E+01    0.234913723634359073E+01
    0.703904590218902061E-03    0.555313854368038506E+03   -0.155897454026125581E+01    0.233508032418400147E+01    0.234707500049203333E+01
    0.518113576431961684E-03    0.555926751055977775E+03   -0.155957401473685708E+01    0.232716107529068328E+01    0.235243138102867633E+01
    0.865521864817511938E-03    0.554900474737591026E+03   -0.156382490547368813E+01    0.233482712669729020E+01    0.235501835219801769E+01
    0.608706817169689537E-03    0.555604466541485181E+03   -0.156977492812116326E+01    0.233603761181533232E+01    0.236509390555558952E+01
    0.640516108897257468E-03    0.555502591468424043E+03   -0.156493358823204742E+01    0.233757680616773067E+01    0.235753725415063187E+01
    0.804961361252388443E-03    0.555045551455826626E+03   -0.156184766457131685E+01    0.232636813935404829E+01    0.235431968428466831E+01
    0.645871092225473037E-03    0.555485940139007880E+03   -0.155976947034070368E+01    0.232373370589055206E+01    0.235217180220766942E+01
    0.743185050265998226E-03    0.555205249867592556E+03   -0.156679977218321564E+01    0.233596817542540292E+01    0.235872077134855473E+01
    0.684772465783755366E-03    0.555368966778784170E+03   -0.156516792543437222E+01    0.233230448246519373E+01    0.235930685988301470E+01
    0.653529201239384881E-03    0.555462365578588447E+03   -0.156572807079792486E+01    0.233923699424453835E+01    0.235744913384594312E+01
    0.683601752940290563E-03    0.555372388980439496E+03   -0.156916668035890972E+01    0.233587046330386938E+01    0.236378997400588808E+01
    0.824110914579384633E-03    0.554998529759625171E+03   -0.155742559347390630E+01    0.232759202801641729E+01    0.234740886090564516E+01
    0.595336499191522449E-03    0.555648886430381140E+03   -0.156151562733982296E+01    0.232241649983183995E+01    0.235402514544889918E+01
    0.557808803823209407E-03    0.555779107495097719E+03   -0.156575157273507837E+01    0.232438996833164868E+01    0.236025276829396624E+01
    0.721872851365333297E-03    0.555263441976987110E+03   -0.156891460901654134E+01    0.233212857702026133E+01    0.236343630610639188E+01
    0.602748043524661587E-03    0.555624141469189567E+03   -0.155212805458189562E+01    0.232623822347542042E+01    0.233882685566400284E+01
    0.538277568437244090E-03    0.555850391304309824E+03   -0.156189032982139242E+01    0.233476558800850276E+01    0.235430830765063881E+01
    0.915437745280034475E-03    0.554788335289439374E+03   -0.156413742497795893E+01    0.233196088500788701E+01    0.235641686429087116E+01
    0.784895199815733918E-03    0.555096039600570180E+03   -0.155729009037989918E+01    0.232609565200692670E+01    0.234754475435249077E+01
    0.576971491652821444E-03    0.555711554296657823E+03   -0.156642437774046517E+01    0.232547601554180705E+01    0.236052520459956838E+01
    0.578401208533064386E-03    0.555706604490903260E+03   -0.156902512659584814E+01    0.234011055861307593E+01    0.236240757760197972E+01
    0.828376981596291363E-03    0.554988203326362623E+03   -0.156501232990537820E+01    0.233565663385303823E+01    0.235705919116663054E+01
    0.667208167907102148E-03    0.555420935825398146E+03   -0.156598607388755795E+01    0.233900858918026033E+01    0.235748010610869940E+01
    0.628279353502324343E-03    0.555541170215514967E+03   -0.155770363479748886E+01    0.232864848435643346E+01    0.234880192252716391E+01
    0.539853924135784468E-03    0.555844542827263354E+03   -0.156211140908017732E+01    0.233832926517903950E+01    0.235052723052176837E+01
    0.534201324586779320E-03    0.555865594450983963E+03   -0.156712147300833138E+01    0.234044026384841120E+01    0.236008802430924369E+01
    0.580290880739793287E-03    0.555700081018793412E+03   -0.156498513111313198E+01    0.233125500847683309E+01    0.235966224559159876E+01
    0.541431381482551373E-03    0.555838707333309344E+03   -0.157039963720375586E+01    0.233623308907575433E+01    0.236628396061986734E+01
    0.634330593320731745E-03    0.555521999493264730E+03   -0.157019881073396728E+01    0.233683665710381527E+01    0.236400465938771909E+01
    0.657432295699175218E-03    0.555450456438612832E+03   -0.155954217322286870E+01    0.232271823069158367E+01    0.235103607023317807E+01
    0.734995156150715953E-03    0.555227412193631380E+03   -0.156350911009027405E+01    0.233087750477468258E+01    0.235399117831149596E+01
    0.580384625240176234E-03    0.555699757950028356E+03   -0.155815917714841423E+01    0.232828765876439547E+01    0.234583200879911757E+01
    0.622798356316638666E-03    0.555558694409925238E+03   -0.156218587055198821E+01    0.232312841928999037E+01    0.235503812785908551E+01
    0.568179901013972344E-03    0.555742263820049402E+03   -0.155921431714525394E+01    0.232290135858074631E+01    0.235176176665633285E+01
    0.600891094018640519E-03    0.555630312591152574E+03   -0.156375069598158745E+01    0.233002203707533440E+01    0.235403107489293362E+01
    0.913460131363709785E-03    0.554792660549394782E+03   -0.156012617872671466E+01    0.232877823426569508E+01    0.235100989270203620E+01
    0.639915840015803242E-03    0.555504466676008292E+03   -0.156363890496836633E+01    0.233033548077617958E+01    0.235761708903665124E+01
    0.638634916599337132E-03    0.555508474100315539E+03   -0.155337325758755096E+01    0.232427735173224237E+01    0.234113604516333140E+01
    0.683412171010242854E-03    0.555372943713432164E+03   -0.156770113577450365E+01    0.233639646314154126E+01    0.236178117852686320E+01
    0.763033181612768211E-03    0.555152536974089116E+03   -0.156511905764417691E+01    0.233043912171576961E+01    0.235914585561467760E+01
    0.588337799004703629E-03    0.555672537469377858E+03   -0.157032432185263504E+01    0.233673822220601535E+01    0.236377882272375395E+01
    0.645216612354998736E-03    0.555487967824421389E+03   -0.155982279057094275E+01    0.233700656769540016E+01    0.234905836604927032E+01
    0.562745471972840388E-03    0.555761485144462313E+03   -0.156913602197241131E+01    0.233604599252028100E+01    0.236455327312929242E+01
    0.623050957338132697E-03    0.555557883393625957E+03   -0.156331079019924646E+01    0.232378778037735234E+01    0.235631929635678361E+01
    0.877734589902802735E-03    0.554872451494407528E+03   -0.156088168323884702E+01    0.232720196483232744E+01    0.235210063120051416E+01
    0.513094279972711211E-03    0.555946220791654923E+03   -0.156905403937957777E+01    0.232949198184761208E+01    0.236561998695159303E+01
    0.626467122204039223E-03    0.555546947422603353E+03   -0.155452325027958249E+01    0.232581358029038121E+01    0.234390980261930082E+01
    0.759677178024679252E-03    0.555161352856901658E+03   -0.156388263443279696E+01    0.232951360169481347E+01    0.235754584971728320E+01
    0.593183305032771342E-03    0.555656133079555275E+03   -0.155327860186339439E+01    0.232550962950195128E+01    0.234192645385828868E+01
    0.601512348573550026E-03    0.555628245881799671E+03   -0.156818373926736410E+01    0.233255809082731025E+01    0.236379910964768314E+01
    0.819907127987153572E-03    0.555008757860887727E+03   -0.156603498762130156E+01    0.233359881742060127E+01    0.235811103562113367E+01
    0.542107512710607699E-03    0.555836211322065310E+03   -0.156907114864141795E+01    0.232920301359028104E+01    0.236542775112616965E+01
    0.706459727632976326E-03    0.555306607615756889E+03   -0.155539648889657078E+01    0.232418287229758791E+01    0.234452688682205768E+01
    0.884477186364911400E-03    0.554857146570318719E+03   -0.156517199451043032E+01    0.233258687600251902E+01    0.235798308557331637E+01
    0.513427202399793542E-03    0.555944923507791032E+03   -0.155451371517302728E+01    0.232776743277175413E+01    0.234052622826037293E+01
    0.815760529331327477E-03    0.555018898325597434E+03   -0.155884539278089851E+01    0.232736934231551018E+01    0.234988863786243840E+01
    0.871382094210005438E-03    0.554886978881130062E+03   -0.156582603599770009E+01    0.233307856564350580E+01    0.235867393538907422E+01
    0.839180758716577871E-03    0.554962287754085082E+03   -0.155690653830528314E+01    0.232806302256132547E+01    0.234608259257884377E+01
    0.754761771799544365E-03    0.555174335680636659E+03   -0.155584867882809097E+01    0.233066475146742302E+01    0.234409710418654882E+01
    0.716859007669101603E-03    0.555277381652992403E+03   -0.155907879419359485E+01    0.232815548299754438E+01    0.235070702329230130E+01
    0.525013111687410686E-03    0.555900293537626453E+03   -0.156651323305438783E+01    0.233442545859826334E+01    0.235727096251087609E+01
    0.857944375373777442E-03    0.554918061477831998E+03   -0.156597108981196809E+01    0.233231470515932315E+01    0.235926966621554257E+01
    0.637589746217179665E-03    0.555511749920463103E+03   -0.156099687294680245E+01    0.232348806302669297E+01    0.235232492830691342E+01
    0.830164674075132723E-03    0.554983891844248092E+03   -0.156227216538737435E+01    0.232934824304968302E+01    0.235489496788511943E+01
    0.559081647754642360E-03    0.555774548965724762E+03   -0.155326409582474345E+01    0.232194403174091857E+01    0.234187028477842851E+01
    0.509052913926054157E-03    0.555962036075911101E+03   -0.156982618329268186E+01    0.234117903404832406E+01    0.236266569307847263E+01
    0.840930186455780652E-03    0.554958122723492352E+03   -0.156298950648513246E+01    0.232897483526921523E+01    0.235423397570322024E+01
    0.558197482769755022E-03    0.555777714388385220E+03   -0.155551980123639266E+01    0.233431665265457511E+01    0.234185403591180830E+01
    0.571113812056661761E-03    0.555731962990703551E+03   -0.157003719828019817E+01    0.233305096480700280E+01    0.236378232342292094E+01
    0.602768192017229427E-03    0.555624074614867823E+03   -0.155281618123968457E+01    0.232859330931229236E+01    0.234021134274997067E+01
    0.608631773178456366E-03    0.555604713125276817E+03   -0.156046422862236867E+01    0.233652678381821532E+01    0.234848619314636053E+01
    0.714922537531553878E-03    0.555282791616054965E+03   -0.156702750380421807E+01    0.232855563853497038E+01    0.236110397075226786E+01
    0.685901045176543541E-03    0.555365673274856931E+03   -0.156553671081646950E+01    0.233084383205218382E+01    0.236005436447315908E+01
    0.575156337905144790E-03    0.555717856219770624E+03   -0.155765589697449047E+01    0.233244429430032207E+01    0.234797436980873186E+01
    0.521427547749031117E-03    0.555913999342874831E+03   -0.157109721751824272E+01    0.233063476389258639E+01    0.236776754542009016E+01
    0.606346849724112590E-03    0.555612235648241494E+03   -0.155865134645748116E+01    0.233680224620231813E+01    0.234646338792192033E+01
    0.555127820053500460E-03    0.555788743224205973E+03   -0.157007550283901942E+01    0.233524675909284252E+01    0.236327743189536932E+01
    0.634348704824384260E-03    0.555521942389775518E+03   -0.156512674750343983E+01    0.233146033517906215E+01    0.235603880614588235E+01
    0.514362923763919395E-03    0.555941281824148291E+03   -0.155400917543368466E+01    0.232112374494563056E+01    0.234218760681445914E+01
    0.593483995708871050E-03    0.555655119515998422E+03   -0.155513810201495040E+01    0.233074169179373003E+01    0.234137319412075051E+01
    0.573533857187040409E-03    0.555723506069674499E+03   -0.156624404126032468E+01    0.233031650152239855E+01    0.235790975796705737E+01
    0.744931547557188501E-03    0.555200555348102284E+03   -0.155942671254609011E+01    0.232435018426210771E+01    0.235016078475651646E+01
    0.620096450946444242E-03    0.555567389947506058E+03   -0.155726509851700379E+01    0.233032945395517022E+01    0.234435300428170912E+01
    0.586180450711078216E-03    0.555679884654388616E+03   -0.155413352027987228E+01    0.233260471771551803E+01    0.234068466719456580E+01
    0.799006525514612187E-03    0.555060401785801218E+03   -0.156593403208738358E+01    0.233186118202837100E+01    0.235811341973477262E+01
    0.884705536514139926E-03    0.554856630286392715E+03   -0.155924714199826475E+01    0.233149892289517613E+01    0.234913796770101513E+01
    0.741040375328299032E-03    0.555211029788602900E+03   -0.155698264355812510E+01    0.232455838609118848E+01    0.234720376257818231E+01
    0.906462718900103099E-03    0.554808040205613338E+03   -0.156262524068114406E+01    0.233090619936595500E+01    0.235470255446640842E+01
    0.630855580781351333E-03    0.555532986085907282E+03   -0.155695767633839877E+01    0.232517011607681878E+01    0.234801883968597203E+01
    0.548092831328798251E-03    0.555814250665798454E+03   -0.155521954159277698E+01    0.232874707925910585E+01    0.234147191540986022E+01
    0.859272981325910948E-03    0.554914966689133166E+03   -0.156045874409709562E+01    0.233321160118867654E+01    0.234989111544111218E+01
    0.629098956246802797E-03    0.555538562876564697E+03   -0.156519681268486943E+01    0.232560483499346971E+01    0.235841663312657879E+01
    0.508885202869521574E-03    0.555962695098518793E+03   -0.155337488051204531E+01    0.232988434464933469E+01    0.234163096453299957E+01
    0.527677929704241594E-03    0.555890167779529293E+03   -0.156216993921057901E+01    0.232310614654385539E+01    0.235371548711475320E+01
    0.637863541832792624E-03    0.555510891259084019E+03   -0.155596039879078774E+01    0.232866669447156660E+01    0.234292192693798818E+01
    0.551654236992562674E-03    0.555801297075955517E+03   -0.156079545496656280E+01    0.233919684679289785E+01    0.234990436092705046E+01
    0.524098588004548883E-03    0.555903780388129690E+03   -0.155076417712445780E+01    0.232523906410742009E+01    0.233742928825278895E+01
    0.880937792479274734E-03    0.554865165984836381E+03   -0.155892095765665140E+01    0.232860102030868132E+01    0.234939578067852395E+01
    0.527490819869124447E-03    0.555890877087257195E+03   -0.156707129272383061E+01    0.232528977815777527E+01    0.236253923327880244E+01
    0.676434642819337103E-03    0.555393468347108410E+03   -0.156725396333438116E+01    0.233056392355957476E+01    0.236239681296190263E+01
    0.745410167171253789E-03    0.555199270757794466E+03   -0.156245409065764918E+01    0.232528778271060421E+01    0.235522433043638024E+01
    0.631053876000633161E-03    0.555532357529809701E+03   -0.156576717901735152E+01    0.233050696265136770E+01    0.235731605111675968E+01
    0.726922246417380604E-03    0.555249500970409372E+03   -0.156136724272509397E+01    0.233127130260202708E+01    0.235056839407443974E+01
    0.621375779772239691E-03    0.555563267972815083E+03   -0.155302358403933116E+01    0.232951832493554445E+01    0.233969001584770098E+01
    0.623121834170425361E-03    0.555557655891203012E+03   -0.156078315727288608E+01    0.233159669815127257E+01    0.234922842561920220E+01
    0.527060180095237753E-03    0.555892510539969635E+03   -0.155945753120935993E+01    0.232786395202079843E+01    0.235212075897401363E+01
    0.707122257801031523E-03    0.555304732860069862E+03   -0.155667882290369386E+01    0.232660606733389974E+01    0.234704507471037260E+01
    0.679303950349857536E-03    0.555385002668461880E+03   -0.156592958785696412E+01    0.233499974908085406E+01    0.235694989786436260E+01
    0.572951738713076424E-03    0.555725537036399487E+03   -0.155668351074266842E+01    0.232560379652280158E+01    0.234783420544172117E+01
    0.586207840604508466E-03    0.555679791204484218E+03   -0.157012317823362513E+01    0.233604825778272973E+01    0.236345520057738767E+01
    0.564537169642557535E-03    0.555755127558131107E+03   -0.156955671474628078E+01    0.234007136591416209E+01    0.236252453153591446E+01
    0.626775527493051614E-03    0.555545963079163357E+03   -0.156177565387540751E+01    0.232733615255918647E+01    0.235528299395794782E+01
    0.628319463000589487E-03    0.555541042539130899E+03   -0.156811019283957020E+01    0.233941112197512835E+01    0.236107186846670913E+01
    0.650375774590838973E-03    0.555472039390269629E+03   -0.156452187762835404E+01    0.232586498750994952E+01    0.235887635960641617E+01
    0.508304251194585752E-03    0.555964979635527243E+03   -0.155608505354815163E+01    0.232021769670271283E+01    0.234676157529649210E+01
    0.736853057076353180E-03    0.555222363026480252E+03   -0.156527552599861730E+01    0.233775529765927059E+01    0.235689383533629027E+01
    0.691423021109493314E-03    0.555349636364867024E+03   -0.156367402422957147E+01    0.233150598011523780E+01    0.235726211823515897E+01
    0.654123659784596801E-03    0.555460547179825653E+03   -0.156410334272404627E+01    0.233884666702163546E+01    0.235523013475238230E+01
    0.561762580600828096E-03    0.555764981399095859E+03   -0.155921955186205308E+01    0.232375600474031696E+01    0.234879104879336609E+01
    0.543378150281970422E-03    0.555831529037646305E+03   -0.155308381924880434E+01    0.232666529944351508E+01    0.233905524960433375E+01
    0.719363637103252415E-03    0.555270406043793400E+03   -0.155445525504628490E+01    0.232675285758654882E+01    0.234213817696464943E+01
    0.805209512152761805E-03    0.555044934997271980E+03   -0.156090553527693165E+01    0.233378807188816584E+01    0.235177081620656026E+01
    0.629398715619177069E-03    0.555537610123501281E+03   -0.156181544532008720E+01    0.233772529710879029E+01    0.235242996031641383E+01
    0.587199755723662956E-03    0.555676409888874787E+03   -0.156466871151180964E+01    0.232785763255010636E+01    0.235955082159503071E+01
    0.563580638641036046E-03    0.555758519158631429E+03   -0.155811554481347980E+01    0.233715531721871583E+01    0.234567424412544234E+01
    0.531270423987889422E-03    0.555876597682164743E+03   -0.157119422494676786E+01    0.233984957972158325E+01    0.236515904602464566E+01
    0.766135366340572389E-03    0.555144422266295351E+03   -0.156648800517879350E+01    0.233336968137669309E+01    0.235855286478203929E+01
    0.823855053919927841E-03    0.554999150793472722E+03   -0.155984024066671623E+01    0.232856958416055049E+01    0.234932953693526514E+01
    0.527688871791727682E-03    0.555890126307360674E+03   -0.156076110193503403E+01    0.233689922232038061E+01    0.235172418858186560E+01
    0.831077699293440914E-03    0.554981693428592735E+03   -0.155942347317276653E+01    0.232634950904763649E+01    0.235060791796921009E+01
    0.520931831854028996E-03    0.555915901627027779E+03   -0.156704711999904034E+01    0.232942247002429781E+01    0.235929297102572733E+01
    0.820606348698911417E-03    0.555007052978205479E+03   -0.156060280824594821E+01    0.232915077306825102E+01    0.235245962978261502E+01
    0.568396746749071742E-03    0.555741500666105821E+03   -0.155251353948225090E+01    0.232477882821355042E+01    0.234075181118500453E+01
    0.665828707134828051E-03    0.555425075129540460E+03   -0.156820872750503559E+01    0.233724988315820115E+01    0.236058304603814051E+01
    0.593720194245661711E-03    0.555654323701624094E+03   -0.156400699590389269E+01    0.233595772410772140E+01    0.235698779424687643E+01
    0.634388089224061026E-03    0.555521818220917567E+03   -0.156048052447874941E+01    0.232266018098685834E+01    0.235268343713187988E+01
    0.653290772443952173E-03    0.555463095377039281E+03   -0.155303148928495682E+01    0.232618533026963448E+01    0.234037680877126775E+01
    0.683950236423414492E-03    0.555371369689053495E+03   -0.156202192938168549E+01    0.233281303900830572E+01    0.235114828760649885E+01
    0.529903651775003189E-03    0.555881749609637836E+03   -0.155425081650676633E+01    0.232076126272723826E+01    0.234358062026331382E+01
    0.516435855522936007E-03    0.555933237831101110E+03   -0.155328123763438208E+01    0.232576010540987266E+01    0.234241169084734757E+01
    0.641913298499101012E-03    0.555498233520464964E+03   -0.155756243610362888E+01    0.232468393532418416E+01    0.234632079664240756E+01
    0.570304102137396515E-03    0.555734800549305078E+03   -0.157019492639764002E+01    0.233870249698343269E+01    0.236493644194769814E+01
    0.775972861286946159E-03    0.555118904917464761E+03   -0.156811881599257585E+01    0.233306227044376380E+01    0.236220662623584587E+01
    0.876981204140004256E-03    0.554874168891177192E+03   -0.156368125176908968E+01    0.232970676893931117E+01    0.235542408876170839E+01
    0.548450097513827764E-03    0.555812947420158821E+03   -0.157115786345407304E+01    0.233218381463140911E+01    0.236767603113373148E+01
    0.548213404874031631E-03    0.555813810739282530E+03   -0.156011922428962579E+01    0.232119816719237892E+01    0.235218406005079572E+01
    0.873440010830722996E-03    0.554882261110604304E+03   -0.155909499046607358E+01    0.232954593424798651E+01    0.234962823189037273E+01
    0.697218598614214396E-03    0.555332942032584242E+03   -0.156565371603296999E+01    0.233243139928494836E+01    0.235696532279043680E+01
    0.800572773556826930E-03    0.555056485134607556E+03   -0.155701523251525531E+01    0.233139448258370319E+01    0.234558518246727310E+01
    0.613960836493354601E-03    0.555587277727671221E+03   -0.156490895323756862E+01    0.232722661136752551E+01    0.235689144225302449E+01
    0.825825165160402257E-03    0.554994373838146998E+03   -0.155911183931481712E+01    0.232583084605130264E+01    0.234996920948826293E+01
    0.512146532737253182E-03    0.555949918449780398E+03   -0.155961017182199457E+01    0.233195289434071640E+01    0.234701518778492435E+01
    0.578101718833580794E-03    0.555707640336811096E+03   -0.157079116951898135E+01    0.233330628779400939E+01    0.236700534609665070E+01
    0.853968613432555491E-03    0.554927351130086777E+03   -0.156501283487458709E+01    0.233433004868560801E+01    0.235663282302346744E+01
    0.751041501357447780E-03    0.555184218188074169E+03   -0.156617057105718072E+01    0.233145162796176519E+01    0.236050412313536384E+01
    0.708186097113037961E-03    0.555301726195101992E+03   -0.156288647014943471E+01    0.232700898355522146E+01    0.235405997407407241E+01
    0.776524996304383945E-03    0.555117482345348435E+03   -0.155576817397561085E+01    0.232874649403968803E+01    0.234449234918006510E+01
    0.558163369960357897E-03    0.555777836616997320E+03   -0.155186609805980424E+01    0.232819480231775522E+01    0.233876633444536175E+01
    0.808857319142076655E-03    0.555035894942351888E+03   -0.155792600146505356E+01    0.232567195815813621E+01    0.234823059274627965E+01
    0.664961810754081863E-03    0.555427680788332623E+03   -0.155441018430956968E+01    0.233025044121646374E+01    0.234227266872139595E+01
    0.870938697732348923E-03    0.554887996825676851E+03   -0.156088404468934150E+01    0.233182076537081295E+01    0.235051447549759551E+01
    0.532959103955171136E-03    0.555870250625105314E+03   -0.156447276276107017E+01    0.233964931816692312E+01    0.235403066089783941E+01
    0.673875175231397855E-03    0.555401050223856828E+03   -0.155957911876527344E+01    0.233653453390685906E+01    0.234815215640328390E+01
    0.519834101332829982E-03    0.555920120561922772E+03   -0.156251865600581819E+01    0.233487840234247868E+01    0.235100465167873907E+01
    0.618452738408514801E-03    0.555572698460133779E+03   -0.156725653857890901E+01    0.233298400844269826E+01    0.236240132302247829E+01
    0.580217697359443796E-03    0.555700333264685696E+03   -0.155236233211605090E+01    0.232354194108321011E+01    0.233976598658379764E+01
    0.510418524996057808E-03    0.555956677958617547E+03   -0.157191198696923840E+01    0.233754363878356397E+01    0.236797395782097553E+01
    0.602938143958919566E-03    0.555623510789539068E+03   -0.155688384408166769E+01    0.233434936590977582E+01    0.234564187991081852E+01
    0.572050083408551712E-03    0.555728686919564666E+03   -0.155647162756589164E+01    0.232983788500844646E+01    0.234674578505972065E+01
    0.616662144587025538E-03    0.555578497418920847E+03   -0.156157803547446550E+01    0.233827509726945415E+01    0.235045423152544508E+01
    0.515261044781595247E-03    0.555937792700845421E+03   -0.156739370414713419E+01    0.232511709612450668E+01    0.236271417321804122E+01
    0.831108703972724514E-03    0.554981618816794139E+03   -0.156010870332123330E+01    0.232725185773641785E+01    0.235176091102703388E+01
    0.725780942838273580E-03    0.555252643536137498E+03   -0.156181978241378316E+01    0.232470795436234612E+01    0.235377007536023974E+01
    0.586290080243927767E-03    0.555679510642316586E+03   -0.156808888624215204E+01    0.234034469378174270E+01    0.236056246021744975E+01
    0.567979750095097503E-03    0.555742968477782142E+03   -0.156924873800167353E+01    0.233014198439708187E+01    0.236325840529898024E+01
    0.693038264034992642E-03    0.555344969586024718E+03   -0.156539033356348822E+01    0.233300231205381969E+01    0.235640947320549010E+01
    0.671508570548162123E-03    0.555408086453130863E+03   -0.156762324812911857E+01    0.233681030129287715E+01    0.235960300863313677E+01
    0.633248996894925976E-03    0.555525412601827384E+03   -0.155569574670529387E+01    0.232944844950469143E+01    0.234242776480721915E+01
    0.722456773423053910E-03    0.555261824833422338E+03   -0.155666792171580814E+01    0.232900378485131077E+01    0.234654421712336969E+01
    0.760075929016870299E-03    0.555160303341688973E+03   -0.155552856576380449E+01    0.232591340520799239E+01    0.234415628500600981E+01
    0.614527920222388544E-03    0.555585431284173183E+03   -0.155773105787672206E+01    0.232281898834871026E+01    0.234920010446843008E+01
    0.520134783570781181E-03    0.555918964057143853E+03   -0.156072882125292023E+01    0.233753741261927361E+01    0.234841659331464570E+01
    0.749610352264945567E-03    0.555188032929042720E+03   -0.155775195141299294E+01    0.232644858286767198E+01    0.234858088861458114E+01
    0.535093618518948781E-03    0.555862256572524757E+03   -0.156314859815069074E+01    0.232261203816515893E+01    0.235595027914906829E+01
    0.746162450627276680E-03    0.555197253334007428E+03   -0.156285771869400869E+01    0.232575847538752623E+01    0.235596978185058425E+01
    0.602453725289608076E-03    0.555625118295638117E+03   -0.155365422544650666E+01    0.233050688843294651E+01    0.234119065455702646E+01
    0.591812217592109090E-03    0.555660761242367130E+03   -0.156355283107408227E+01    0.232342190296019036E+01    0.235682693527237674E+01
    0.889791567010662725E-03    0.554845165529614633E+03   -0.156156313406586178E+01    0.233362095664798375E+01    0.235190048386919415E+01
    0.597602791620494987E-03    0.555641287401083218E+03   -0.157084206042232233E+01    0.233598380891841062E+01    0.236493599044905345E+01
    0.673070767238155392E-03    0.555403439059409948E+03   -0.156715983597991504E+01    0.233734666843682826E+01    0.236071980461418818E+01
    0.660705139989810038E-03    0.555440524694235705E+03   -0.156847754009805884E+01    0.233500959083308501E+01    0.236112825409997562E+01
    0.591007939781339610E-03    0.555663481107867256E+03   -0.156860764781678963E+01    0.233552771476636600E+01    0.236382299761634052E+01
    0.547412382807264454E-03    0.555816735176507336E+03   -0.155576966673106720E+01    0.232449883660472123E+01    0.234656964891555830E+01
    0.521868107727975180E-03    0.555912310233933113E+03   -0.156103195983385890E+01    0.232300117694362518E+01    0.235182498779200699E+01
    0.862717261339753265E-03    0.554906965982690849E+03   -0.155758597364517848E+01    0.232934508936618911E+01    0.234655010885521875E+01
    0.776345625564273025E-03    0.555117944381884854E+03   -0.156197851717806424E+01    0.233585309018894938E+01    0.235267922329742696E+01
    0.825351011077988996E-03    0.554995522483827017E+03   -0.156319677379072086E+01    0.233530089652067074E+01    0.235364344393296854E+01
    0.872913245579291829E-03    0.554883467659772919E+03   -0.156535902311360053E+01    0.233394630918334922E+01    0.235784311847787009E+01
    0.744499446844025243E-03    0.555201715793203562E+03   -0.156581270193051081E+01    0.233671066170052688E+01    0.235715798076240901E+01
    0.687720790184386194E-03    0.555360374156786520E+03   -0.155666964172722677E+01    0.232620035225820931E+01    0.234474687011686100E+01
    0.516937366993443529E-03    0.555931296571161511E+03   -0.156085307175211163E+01    0.233961831681427324E+01    0.235015848708702535E+01
    0.757881101386361400E-03    0.555166086981452395E+03   -0.155963095599745816E+01    0.233060522248059776E+01    0.235094862519712322E+01
    0.755781846962307545E-03    0.555171634466834803E+03   -0.156221348853390918E+01    0.232551589775524592E+01    0.235411403365326422E+01
    0.734698813183366013E-03    0.555228218736973190E+03   -0.155814724482020628E+01    0.233382959038847826E+01    0.234612006740617929E+01
    0.859708626916625860E-03    0.554913952959613425E+03   -0.156537731788673762E+01    0.233393741322909509E+01    0.235732420460361780E+01
    0.514080856585668049E-03    0.555942378888239546E+03   -0.156577969940405715E+01    0.234163081758263480E+01    0.235675739629577308E+01
    0.594305853763743780E-03    0.555652351827130246E+03   -0.155829138553528201E+01    0.233548415994647263E+01    0.234546712310346450E+01
    0.607038426610580152E-03    0.555609955821792823E+03   -0.156028877608240202E+01    0.232730077161089444E+01    0.235314625922826082E+01
    0.645737698475245159E-03    0.555486353247842885E+03   -0.155932165469207051E+01    0.232702261792666265E+01    0.234815269958969708E+01
    0.757262473045520047E-03    0.555167720168922301E+03   -0.155794953568705119E+01    0.232435308400974572E+01    0.234832825656010868E+01
    0.637404149462877348E-03    0.555512332187582160E+03   -0.155587384685442931E+01    0.232443539181466008E+01    0.234397978217936398E+01
    0.755470193808703734E-03    0.555172459354145758E+03   -0.155749756873483625E+01    0.232937286673737365E+01    0.234547577812668706E+01
    0.673028710332250371E-03    0.555403564033549287E+03   -0.156468433407547547E+01    0.233219935753097696E+01    0.235533112101856545E+01
    0.513209569478377254E-03    0.555945771452967506E+03   -0.156258899770204884E+01    0.232169170982467543E+01    0.235602953872564669E+01
    0.744029974778451101E-03    0.555202977366066875E+03   -0.155646897130766515E+01    0.232451336385215068E+01    0.234588328733839013E+01
    0.541194576164295035E-03    0.555839582262717272E+03   -0.156188364654381284E+01    0.233984214288237702E+01    0.235159481902503487E+01
    0.758724215282319974E-03    0.555163863294185717E+03   -0.156504356191613780E+01    0.232835616454365457E+01    0.235908831924004403E+01
    0.746805478383942827E-03    0.555195530516567260E+03   -0.156412960450481631E+01    0.232844611322282713E+01    0.235800081122228633E+01
    0.606688150371463304E-03    0.555611110204519491E+03   -0.156025253848719192E+01    0.232221567950718466E+01    0.235252543992253926E+01
    0.586196754546203388E-03    0.555679829027803407E+03   -0.156237758439030583E+01    0.232721115284863656E+01    0.235258535933125223E+01
    0.558865613119781369E-03    0.555775321934701424E+03   -0.156473453650910166E+01    0.232585193240298249E+01    0.235689049409642593E+01
    0.614598588746343181E-03    0.555585201304513589E+03   -0.156234994886893763E+01    0.233905286660773903E+01    0.235209853738838781E+01
    0.840148174869201673E-03    0.554959983461601837E+03   -0.155975508098450466E+01    0.233324098895804699E+01    0.234885625411545895E+01
    0.581142821256011317E-03    0.555697146918749468E+03   -0.156722803091724705E+01    0.233284498525702988E+01    0.235896910622584066E+01
    0.584697034030535676E-03    0.555684952366403081E+03   -0.155526421672406090E+01    0.233137119912117008E+01    0.234145046332128715E+01
    0.907858329311848509E-03    0.554804963328588997E+03   -0.156301573951872230E+01    0.233213593318575363E+01    0.235396347766888425E+01
    0.730020218838132355E-03    0.555240995549876516E+03   -0.156311629354958903E+01    0.232973282103259693E+01    0.235362501320357786E+01
    0.524544869076635470E-03    0.555902078070355174E+03   -0.156317044633493940E+01    0.232521314699117720E+01    0.235433248217223579E+01
    0.738897396237989112E-03    0.555216821871565458E+03   -0.155720768172889179E+01    0.232639237385805853E+01    0.234573456749694742E+01
    0.510217384886129679E-03    0.555957466251918163E+03   -0.155894100028580640E+01    0.233417901649972981E+01    0.234583817765660108E+01
    0.551063678687422416E-03    0.555803439267909425E+03   -0.156994240456050482E+01    0.233896775581659977E+01    0.236278271684344432E+01
    0.568962564801311845E-03    0.555739510729968060E+03   -0.157027424168304663E+01    0.233039320698138530E+01    0.236527955283916391E+01
    0.628394870840495636E-03    0.555540802523280149E+03   -0.156279441194721702E+01    0.232368848645633941E+01    0.235539107199766384E+01
    0.540942902841652661E-03    0.555840512544985700E+03   -0.156447479387426425E+01    0.232426407253895784E+01    0.235717968091048036E+01
    0.515896346505122076E-03    0.555935328278598035E+03   -0.156703317994786850E+01    0.232683890961878070E+01    0.236024754126458447E+01
    0.519855775100011032E-03    0.555920037176414553E+03   -0.157141654924724961E+01    0.233180268681509295E+01    0.236651854382254001E+01
    0.564961123367731287E-03    0.555753626170310667E+03   -0.156953420470571148E+01    0.233570321709611406E+01    0.236231173954909224E+01
    0.647992260687757092E-03    0.555479382505675630E+03   -0.156710352880717707E+01    0.233022539606178736E+01    0.236238791829889294E+01
    0.639819807392758900E-03    0.555504766839947365E+03   -0.156402070146606498E+01    0.233871503113235013E+01    0.235540748634052832E+01
    0.603572283576461711E-03    0.555621408396848665E+03   -0.155963971566571891E+01    0.233770091192580853E+01    0.234839786149639451E+01
    0.663000579891238504E-03    0.555433588281805555E+03   -0.155537193276421415E+01    0.232897398212823425E+01    0.234224554076892844E+01
    0.592726110678282203E-03    0.555657675168254741E+03   -0.155766677610907189E+01    0.233236728389711567E+01    0.234456845120210922E+01
    0.865753368667059476E-03    0.554899939862843325E+03   -0.155964525182169012E+01    0.232678102173037082E+01    0.235023886464139586E+01
    0.523237231904519640E-03    0.555907070092455115E+03   -0.155625330200943224E+01    0.233615461087961940E+01    0.234294701655792537E+01
    0.704706493868193667E-03    0.555311577220726576E+03   -0.155800291181679973E+01    0.233451751222496595E+01    0.234590872841577536E+01
    0.729564994338810871E-03    0.555242243094754258E+03   -0.156002634453926281E+01    0.232698201108898139E+01    0.234961774507386423E+01
    0.519384112910442294E-03    0.555921852588726551E+03   -0.156279013610133410E+01    0.232829441128988801E+01    0.235712116791831683E+01
    0.715565579431243258E-03    0.555280993511099382E+03   -0.155751804149895112E+01    0.232549859892574107E+01    0.234636205333176129E+01
    0.581605691539310962E-03    0.555695554587122615E+03   -0.157109740576588752E+01    0.233240487495880000E+01    0.236630382799047823E+01
    0.691213112029792653E-03    0.555350243636950495E+03   -0.155422640955793567E+01    0.232958171990965113E+01    0.234173956966567509E+01
    0.576396902852498887E-03    0.555713547029771007E+03   -0.155434745864782986E+01    0.232166001290331270E+01    0.234323850867230377E+01
    0.644453672631730063E-03    0.555490334134077898E+03   -0.156951748168035876E+01    0.233760988502775469E+01    0.236386159668773566E+01
    0.613092414464505120E-03    0.555590108646942781E+03   -0.156860577361753406E+01    0.233963260306100818E+01    0.236158970986338801E+01
    0.553240124289613739E-03    0.555795555754643033E+03   -0.156125566530688564E+01    0.232174758965441885E+01    0.235355032173617928E+01
    0.625809600346579047E-03    0.555549047667400828E+03   -0.156248868259740581E+01    0.233372511119554638E+01    0.235150633212842664E+01
    0.573002629688993521E-03    0.555725359399392801E+03   -0.155986190002923664E+01    0.233541507929881176E+01    0.234739490487667979E+01
    0.607508594804815412E-03    0.555608407365588391E+03   -0.155693560934433650E+01    0.232584446489106167E+01    0.234805332013938184E+01
    0.604953099745477482E-03    0.555616838143583209E+03   -0.156765401019037975E+01    0.232722026103130375E+01    0.236294445275784781E+01
    0.832648137967929142E-03    0.554977917712412250E+03   -0.155924036296321256E+01    0.233039906461621316E+01    0.234996723016148756E+01
    0.603084831840096955E-03    0.555623024271836357E+03   -0.156608861789087217E+01    0.233185400174120705E+01    0.236104174705132941E+01
    0.602026610565599353E-03    0.555626536715612929E+03   -0.156077340148306432E+01    0.233190653908975642E+01    0.235309489093166846E+01
    0.743206126427299238E-03    0.555205193149921911E+03   -0.156609570294417777E+01    0.233755731272241007E+01    0.235819418142764547E+01
    0.691718603238084505E-03    0.555348781551078218E+03   -0.156521653866725430E+01    0.232680232505998941E+01    0.235819708103834813E+01
    0.660010155568910230E-03    0.555442629567215931E+03   -0.156473309742773870E+01    0.233579902793927152E+01    0.235491428753589460E+01
    0.715212294291806970E-03    0.555281981184037591E+03   -0.155782193395982871E+01    0.233440912143806534E+01    0.234605969249383328E+01
    0.519257767360476667E-03    0.555922339168568897E+03   -0.156927214040170604E+01    0.233189892470535343E+01    0.236240515312552013E+01
    0.577393539380807968E-03    0.555710091855452674E+03   -0.156600610402046025E+01    0.233977787519832825E+01    0.235843004341564466E+01
    0.557786326147154967E-03    0.555779188089483455E+03   -0.156331824056030344E+01    0.232370655836017148E+01    0.235759848838224073E+01
    0.555986583881804193E-03    0.555785651682970411E+03   -0.156933416832541406E+01    0.233663048645989013E+01    0.236469459045732577E+01
    0.556561513480408705E-03    0.555783584609551667E+03   -0.156952288737917289E+01    0.233250131683896234E+01    0.236289742289466531E+01
    0.651716877042627643E-03    0.555467919551564364E+03   -0.155960032131443072E+01    0.232970926593254113E+01    0.234792644295371566E+01
    0.556473574297467366E-03    0.555783900643373386E+03   -0.155380501782245672E+01    0.232428245121385357E+01    0.234072181333866602E+01
    0.535512173643075970E-03    0.555860692765758472E+03   -0.156417734550687482E+01    0.233025893391637107E+01    0.235439439953348817E+01
    0.556422507454071486E-03    0.555784084189148302E+03   -0.156525389740939636E+01    0.233533190990124417E+01    0.235529180823952800E+01
    0.591489749975874861E-03    0.555661851302666378E+03   -0.156179095525778289E+01    0.233564844645135583E+01    0.235020520907197294E+01
    0.663643972513553739E-03    0.555431648372063819E+03   -0.156687690055199180E+01    0.233892905283270691E+01    0.235874812341274520E+01
    0.793525861948618820E-03    0.555074167748105083E+03   -0.156019121702814267E+01    0.232642424673385140E+01    0.235046529206699262E+01
    0.607400080965950001E-03    0.555608764639649621E+03   -0.156710993257586084E+01    0.233654936416336367E+01    0.236135155782032591E+01
    0.584604620386830411E-03    0.555685268499177027E+03   -0.155539858137653453E+01    0.233104411805769374E+01    0.234446995554501925E+01
    0.584437874700549339E-03    0.555685839036819971E+03   -0.155692041467519671E+01    0.233562895977297602E+01    0.234494116939246311E+01
    0.570513422817158487E-03    0.555734066617094072E+03   -0.155572073960967172E+01    0.233187931818224659E+01    0.234192232670689116E+01
    0.522038510377825240E-03    0.555911657291808183E+03   -0.155588318668697845E+01    0.232049615828589451E+01    0.234540478392061225E+01
    0.717921799306457014E-03    0.555274418714468084E+03   -0.155871629180916038E+01    0.233398938586859606E+01    0.234664954785518987E+01
    0.897806767003180386E-03    0.554827230284198549E+03   -0.155881690381252591E+01    0.233041681757602204E+01    0.234832134136854265E+01
    0.641415308904283552E-03    0.555499785701619317E+03   -0.155941504851295187E+01    0.232664052600668603E+01    0.235172861039412595E+01
    0.632442505793808733E-03    0.555527961378392774E+03   -0.156286461059497617E+01    0.232421479636676631E+01    0.235505295520622759E+01
    0.696259701993491619E-03    0.555335694559901413E+03   -0.155509285184367063E+01    0.233122025403670063E+01    0.234278318246477113E+01
    0.524865274347137466E-03    0.555900856792735681E+03   -0.156447358163646388E+01    0.233223494900725425E+01    0.235895475852879599E+01
    0.521194943123314903E-03    0.555914891725809639E+03   -0.157254734575475741E+01    0.233374070535827993E+01    0.236837696474735182E+01
    0.521204615248501606E-03    0.555914854610962038E+03   -0.155748797070882228E+01    0.233242775270438507E+01    0.234398839435996642E+01
    0.852246773902972168E-03    0.554931387760225903E+03   -0.156507674283188969E+01    0.233506575251392157E+01    0.235708507744891094E+01
    0.520362133132864558E-03    0.555918090053340279E+03   -0.155349923420769453E+01    0.233179334684259887E+01    0.233898522316521706E+01
    0.769078589715693891E-03    0.555136753688324461E+03   -0.155955646579306362E+01    0.233017371508149962E+01    0.234827612697733201E+01
    0.762172504034891929E-03    0.555154794184843922E+03   -0.156350918974852249E+01    0.233696056049704115E+01    0.235454212690387799E+01
    0.719278293545801443E-03    0.555270643333019393E+03   -0.155587503776152003E+01    0.232893644505623820E+01    0.234516864588923291E+01
    0.621196965312783450E-03    0.555563843599349298E+03   -0.155897228235697027E+01    0.232350903171139089E+01    0.234887913700019269E+01
    0.632314353645518283E-03    0.555528366680479962E+03   -0.156902812489305976E+01    0.233585897182960345E+01    0.236404254004761682E+01
    0.724437041325410626E-03    0.555256350294465506E+03   -0.156363288325912753E+01    0.233443749583972071E+01    0.235632077608141266E+01
