{
    "modes": [
        {
            "index": 0,
            "strictly local log-evidence": -296.938516556339,
            "strictly local log-evidence error": 0.01975781099609143,
            "local log-evidence": -296.938516556339,
            "local log-evidence error": 0.01975781099609143,
            "mean": [
                -1.5619176385968137,
                2.6899047667836924,
                2.352991783436716
            ],
            "sigma": [
                0.010566740809577018,
                0.017720749809626724,
                0.015417585700311216
            ],
            "maximum": [
                -1.5630253453951646,
                2.691220966743096,
                2.354469157672032
            ],
            "maximum a posterior": [
                -1.5630253453951646,
                2.691220966743096,
                2.354469157672032
            ]
        }
    ],
    "nested sampling global log-evidence": -296.51044404396885,
    "nested sampling global log-evidence error": 0.20969768809556807,
    "global evidence": -296.938516556339,
    "global evidence error": 0.01975781099609143,
    "nested importance sampling global log-evidence": -296.938516556339,
    "nested importance sampling global log-evidence error": 0.01975781099609143,
    "marginals": [
        {
            "median": -1.5619147087008058,
            "sigma": 0.010553978631915428,
            "1sigma": [
                -1.5723095021452589,
                -1.551201544881428
            ],
            "2sigma": [
                -1.5828061273373017,
                -1.5405548045476565
            ],
            "3sigma": [
                -1.5924017256715155,
                -1.5311847334402287
            ],
            "5sigma": [
                -1.6102772248979191,
                -1.5094461658423342
            ],
            "q75%": -1.5550587247140837,
            "q25%": -1.5691125552015397,
            "q99%": -1.536809747983352,
            "q01%": -1.5858224208858887,
            "q90%": -1.548208765908919,
            "q10%": -1.5752217398274815
        },
        {
            "median": 2.6900806315170556,
            "sigma": 0.017735446841031788,
            "1sigma": [
                2.6720813334713975,
                2.707552227153461
            ],
            "2sigma": [
                2.6552253802984365,
                2.7243667841552877
            ],
            "3sigma": [
                2.638009050192522,
                2.740575850242452
            ],
            "5sigma": [
                2.6111381644535276,
                2.7813452099686784
            ],
            "q75%": 2.7018858188245956,
            "q25%": 2.6780178849072227,
            "q99%": 2.731150558390988,
            "q01%": 2.648506155659328,
            "q90%": 2.7124347943478284,
            "q10%": 2.6664656279444854
        },
        {
            "median": 2.353005395217615,
            "sigma": 0.015131551587077352,
            "1sigma": [
                2.3375832299568255,
                2.3678463331309803
            ],
            "2sigma": [
                2.3219229508664863,
                2.3833885653556095
            ],
            "3sigma": [
                2.308908852628729,
                2.396895809264904
            ],
            "5sigma": [
                2.277206619135898,
                2.423028452332274
            ],
            "q75%": 2.3635002630885564,
            "q25%": 2.342946238555508,
            "q99%": 2.3890512772474883,
            "q01%": 2.316612910793856,
            "q90%": 2.372610736462897,
            "q10%": 2.332947603451091
        }
    ]
}