{
    "modes": [
        {
            "index": 0,
            "strictly local log-evidence": -295.83272544886427,
            "strictly local log-evidence error": 0.018781385373951735,
            "local log-evidence": -295.83272544886427,
            "local log-evidence error": 0.018781385373951735,
            "mean": [
                -1.561791183913651,
                2.3312456571808875,
                2.3527904691184682
            ],
            "sigma": [
                0.009933506320807773,
                0.009670285665420539,
                0.014536402578992613
            ],
            "maximum": [
                -1.562121542026397,
                2.330401444105315,
                2.353232378829343
            ],
            "maximum a posterior": [
                -1.562121542026397,
                2.330401444105315,
                2.353232378829343
            ]
        }
    ],
    "nested sampling global log-evidence": -295.42032692234227,
    "nested sampling global log-evidence error": 0.20375126582764044,
    "global evidence": -295.83272544886427,
    "global evidence error": 0.018781385373951735,
    "nested importance sampling global log-evidence": -295.83272544886427,
    "nested importance sampling global log-evidence error": 0.018781385373951735,
    "marginals": [
        {
            "median": -1.5618916417623796,
            "sigma": 0.009578478885669761,
            "1sigma": [
                -1.5713717915618466,
                -1.552214833790507
            ],
            "2sigma": [
                -1.5821147542132419,
                -1.5420796610331073
            ],
            "3sigma": [
                -1.593283777418845,
                -1.5310270574888918
            ],
            "5sigma": [
                -1.6104932351258092,
                -1.5098518084479011
            ],
            "q75%": -1.5551004686290457,
            "q25%": -1.568392474771113,
            "q99%": -1.5385001226245656,
            "q01%": -1.5860514163940307,
            "q90%": -1.5491165152330828,
            "q10%": -1.5745238242871449
        },
        {
            "median": 2.330849518002066,
            "sigma": 0.009480858186032615,
            "1sigma": [
                2.3217826537051844,
                2.3407443700772497
            ],
            "2sigma": [
                2.312482529332377,
                2.350335980695306
            ],
            "3sigma": [
                2.3029247117480405,
                2.3614727126080823
            ],
            "5sigma": [
                2.2838158184861905,
                2.3800431216733404
            ],
            "q75%": 2.337495259437956,
            "q25%": 2.3249401502182763,
            "q99%": 2.354064346088881,
            "q01%": 2.3083024249621675,
            "q90%": 2.34403602200836,
            "q10%": 2.3191634406031336
        },
        {
            "median": 2.3529121121541925,
            "sigma": 0.01414156454267168,
            "1sigma": [
                2.3383171250982664,
                2.3666002541836098
            ],
            "2sigma": [
                2.324146282535097,
                2.3825128739933206
            ],
            "3sigma": [
                2.3079316060639754,
                2.398860408368334
            ],
            "5sigma": [
                2.278748061472808,
                2.423764279320063
            ],
            "q75%": 2.3624929477341245,
            "q25%": 2.3431600856403083,
            "q99%": 2.388210064265299,
            "q01%": 2.319510106857085,
            "q90%": 2.371267293940825,
            "q10%": 2.334179149103669
        }
    ]
}