{
    "modes": [
        {
            "index": 0,
            "strictly local log-evidence": -295.84704162035933,
            "strictly local log-evidence error": 0.020136990793687044,
            "local log-evidence": -295.84704162035933,
            "local log-evidence error": 0.020136990793687044,
            "mean": [
                -1.5621221017324916,
                2.3311880358892316,
                2.353228178929163
            ],
            "sigma": [
                0.010328545092619726,
                0.009976706727794394,
                0.015094472178676592
            ],
            "maximum": [
                -1.5603423634638804,
                2.331552597297527,
                2.350290411351203
            ],
            "maximum a posterior": [
                -1.5603423634638804,
                2.331552597297527,
                2.350290411351203
            ]
        }
    ],
    "nested sampling global log-evidence": -295.4681833834392,
    "nested sampling global log-evidence error": 0.20348423448708355,
    "global evidence": -295.84704162035933,
    "global evidence error": 0.020136990793687044,
    "nested importance sampling global log-evidence": -295.84704162035933,
    "nested importance sampling global log-evidence error": 0.020136990793687044,
    "marginals": [
        {
            "median": -1.5619083023881462,
            "sigma": 0.010350196524064548,
            "1sigma": [
                -1.5727643608546424,
                -1.5520639678065133
            ],
            "2sigma": [
                -1.5824538043383438,
                -1.5418647808459907
            ],
            "3sigma": [
                -1.5921353028879974,
                -1.532127813674444
            ],
            "5sigma": [
                -1.6138191045985308,
                -1.5087318649229797
            ],
            "q75%": -1.5551498519541351,
            "q25%": -1.5691880133437552,
            "q99%": -1.5389875164257503,
            "q01%": -1.5853154322975056,
            "q90%": -1.5485185971941826,
            "q10%": -1.5757165931151527
        },
        {
            "median": 2.3310573923844005,
            "sigma": 0.010042372399978516,
            "1sigma": [
                2.3210584860379915,
                2.3411432308379485
            ],
            "2sigma": [
                2.311824263021527,
                2.350234457668191
            ],
            "3sigma": [
                2.3023297428766365,
                2.361129798895873
            ],
            "5sigma": [
                2.282800641276287,
                2.384079264054633
            ],
            "q75%": 2.3381225830667427,
            "q25%": 2.324397831375195,
            "q99%": 2.3552557961509257,
            "q01%": 2.3079262696338767,
            "q90%": 2.3441762677475375,
            "q10%": 2.318284630037064
        },
        {
            "median": 2.352988439180032,
            "sigma": 0.015343803510629694,
            "1sigma": [
                2.337987803483312,
                2.3686754105045713
            ],
            "2sigma": [
                2.3232271112959553,
                2.382681658967728
            ],
            "3sigma": [
                2.308503846167319,
                2.3972027420383415
            ],
            "5sigma": [
                2.2752934120354666,
                2.427928072092803
            ],
            "q75%": 2.3633588006863695,
            "q25%": 2.3433452080683717,
            "q99%": 2.3871635853019977,
            "q01%": 2.3189267170773507,
            "q90%": 2.372966730768554,
            "q10%": 2.3335646085557
        }
    ]
}