{
    "modes": [
        {
            "index": 0,
            "strictly local log-evidence": -295.8228448488732,
            "strictly local log-evidence error": 0.019872486678772578,
            "local log-evidence": -295.8228448488732,
            "local log-evidence error": 0.019872486678772578,
            "mean": [
                -1.5621051755006505,
                2.3310043739438395,
                2.353256956833836
            ],
            "sigma": [
                0.010273098848353868,
                0.00996472849344501,
                0.014987687252252803
            ],
            "maximum": [
                -1.5608703895040685,
                2.3301931980870374,
                2.351182852877642
            ],
            "maximum a posterior": [
                -1.5608703895040685,
                2.3301931980870374,
                2.351182852877642
            ]
        }
    ],
    "nested sampling global log-evidence": -295.456082044778,
    "nested sampling global log-evidence error": 0.20352472327801255,
    "global evidence": -295.8228448488732,
    "global evidence error": 0.019872486678772578,
    "nested importance sampling global log-evidence": -295.8228448488732,
    "nested importance sampling global log-evidence error": 0.019872486678772578,
    "marginals": [
        {
            "median": -1.5622651060998711,
            "sigma": 0.010247866095195679,
            "1sigma": [
                -1.5724550866413953,
                -1.551959354451004
            ],
            "2sigma": [
                -1.5822442816218294,
                -1.5419059161051716
            ],
            "3sigma": [
                -1.5924744913174005,
                -1.530720584838067
            ],
            "5sigma": [
                -1.612268368969467,
                -1.5102818322619833
            ],
            "q75%": -1.5551062406826608,
            "q25%": -1.569065259651408,
            "q99%": -1.5388943435147149,
            "q01%": -1.5854768784843212,
            "q90%": -1.548672420636083,
            "q10%": -1.57522420859224
        },
        {
            "median": 2.3306128631767566,
            "sigma": 0.010020778300166455,
            "1sigma": [
                2.3211991845694375,
                2.3412407411697704
            ],
            "2sigma": [
                2.3120194027737986,
                2.350784402886436
            ],
            "3sigma": [
                2.3025139102790937,
                2.3611179940125093
            ],
            "5sigma": [
                2.283698895195144,
                2.3837276917538874
            ],
            "q75%": 2.3375275835449454,
            "q25%": 2.324250341438833,
            "q99%": 2.354687742734261,
            "q01%": 2.3080701206295413,
            "q90%": 2.3442316348531427,
            "q10%": 2.318813911106128
        },
        {
            "median": 2.3534168733759464,
            "sigma": 0.015318240992752363,
            "1sigma": [
                2.3377451882904055,
                2.36838167027591
            ],
            "2sigma": [
                2.3234792106533675,
                2.38171886922274
            ],
            "3sigma": [
                2.3079654285345694,
                2.3970348276431284
            ],
            "5sigma": [
                2.280031497617853,
                2.4275131557772114
            ],
            "q75%": 2.3635179547706944,
            "q25%": 2.3429483706272687,
            "q99%": 2.387129587566423,
            "q01%": 2.3190914186883074,
            "q90%": 2.3722535939222418,
            "q10%": 2.3335127515585103
        }
    ]
}