{
    "modes": [
        {
            "index": 0,
            "strictly local log-evidence": -296.9583676234397,
            "strictly local log-evidence error": 0.021845511848712335,
            "local log-evidence": -296.9583676234397,
            "local log-evidence error": 0.021845511848712335,
            "mean": [
                -1.5618601736659106,
                2.6895558769207573,
                2.35291591311763
            ],
            "sigma": [
                0.010218261151507738,
                0.0172704497567527,
                0.01492764321735895
            ],
            "maximum": [
                -1.5630320674303926,
                2.690684009283564,
                2.3545531656047576
            ],
            "maximum a posterior": [
                -1.5630320674303926,
                2.690684009283564,
                2.3545531656047576
            ]
        }
    ],
    "nested sampling global log-evidence": -296.96917191490337,
    "nested sampling global log-evidence error": 0.21240928148084443,
    "global evidence": -296.9583676234397,
    "global evidence error": 0.021845511848712335,
    "nested importance sampling global log-evidence": -296.9583676234397,
    "nested importance sampling global log-evidence error": 0.021845511848712335,
    "marginals": [
        {
            "median": -1.5618973035563166,
            "sigma": 0.010237699732709382,
            "1sigma": [
                -1.5719245423557846,
                -1.5514491428903658
            ],
            "2sigma": [
                -1.5821921766394174,
                -1.5416977453102063
            ],
            "3sigma": [
                -1.5917833158282164,
                -1.5310781514752432
            ],
            "5sigma": [
                -1.611988161872014,
                -1.5089936794387708
            ],
            "q75%": -1.5550240263297168,
            "q25%": -1.568493904688985,
            "q99%": -1.5379202500750468,
            "q01%": -1.5858757736074487,
            "q90%": -1.5487983853034342,
            "q10%": -1.5750605314149047
        },
        {
            "median": 2.689469830052648,
            "sigma": 0.017230845469092593,
            "1sigma": [
                2.6721405867444856,
                2.706602277682671
            ],
            "2sigma": [
                2.656119544833957,
                2.7240152985893977
            ],
            "3sigma": [
                2.64018050216772,
                2.7433456010640724
            ],
            "5sigma": [
                2.6055257818169406,
                2.780768613275207
            ],
            "q75%": 2.7009863100828713,
            "q25%": 2.677993669200283,
            "q99%": 2.730258045216603,
            "q01%": 2.650287950239224,
            "q90%": 2.7123932678678466,
            "q10%": 2.6674555600733023
        },
        {
            "median": 2.3529195339788265,
            "sigma": 0.014937409727674877,
            "1sigma": [
                2.337795362311393,
                2.367670181766743
            ],
            "2sigma": [
                2.322600878848411,
                2.382859466846773
            ],
            "3sigma": [
                2.308201898904745,
                2.39644921205432
            ],
            "5sigma": [
                2.277836763332792,
                2.427261484924508
            ],
            "q75%": 2.3624811058771766,
            "q25%": 2.3429520848823633,
            "q99%": 2.388005056814109,
            "q01%": 2.3176929196971363,
            "q90%": 2.3723851655000407,
            "q10%": 2.3341424868953125
        }
    ]
}