{
    "modes": [
        {
            "index": 0,
            "strictly local log-evidence": -295.8436859003095,
            "strictly local log-evidence error": 0.019613693746834894,
            "local log-evidence": -295.8436859003095,
            "local log-evidence error": 0.019613693746834894,
            "mean": [
                -1.5617986384332643,
                2.3310747550458983,
                2.352826505125508
            ],
            "sigma": [
                0.010168386489122709,
                0.009895762362146489,
                0.014736267482987772
            ],
            "maximum": [
                -1.5609173570044494,
                2.330240715455129,
                2.3517269531617764
            ],
            "maximum a posterior": [
                -1.5609173570044494,
                2.330240715455129,
                2.3517269531617764
            ]
        }
    ],
    "nested sampling global log-evidence": -295.6193890202027,
    "nested sampling global log-evidence error": 0.20488839823877267,
    "global evidence": -295.8436859003095,
    "global evidence error": 0.019613693746834894,
    "nested importance sampling global log-evidence": -295.8436859003095,
    "nested importance sampling global log-evidence error": 0.019613693746834894,
    "marginals": [
        {
            "median": -1.5617780547924565,
            "sigma": 0.010096010746057371,
            "1sigma": [
                -1.5719380899456032,
                -1.5517460684534885
            ],
            "2sigma": [
                -1.5821017534077935,
                -1.541622721969803
            ],
            "3sigma": [
                -1.5909222671125545,
                -1.5319925182443495
            ],
            "5sigma": [
                -1.612889992160652,
                -1.5110782733598478
            ],
            "q75%": -1.5549811840178875,
            "q25%": -1.568458859895813,
            "q99%": -1.5381132147058487,
            "q01%": -1.585189073817284,
            "q90%": -1.5490380207428949,
            "q10%": -1.5752605931542147
        },
        {
            "median": 2.3311833749216713,
            "sigma": 0.009969980179939775,
            "1sigma": [
                2.320982759836011,
                2.3409227201958904
            ],
            "2sigma": [
                2.311777891305849,
                2.3501669142271804
            ],
            "3sigma": [
                2.3030513727533988,
                2.361465612936961
            ],
            "5sigma": [
                2.2847623555071364,
                2.3821210414907523
            ],
            "q75%": 2.3375409122807866,
            "q25%": 2.324327425513182,
            "q99%": 2.3541918605824166,
            "q01%": 2.308676835757554,
            "q90%": 2.343938458123498,
            "q10%": 2.317985311881063
        },
        {
            "median": 2.353004014801547,
            "sigma": 0.014523564473561734,
            "1sigma": [
                2.3384568713974123,
                2.367504000344536
            ],
            "2sigma": [
                2.323719683801794,
                2.3820640584508714
            ],
            "3sigma": [
                2.308520055647976,
                2.3950082370359578
            ],
            "5sigma": [
                2.278388307242454,
                2.4271024840989783
            ],
            "q75%": 2.362614445837028,
            "q25%": 2.3430154924176914,
            "q99%": 2.3871766308314277,
            "q01%": 2.3191565842231467,
            "q90%": 2.37214191316048,
            "q10%": 2.333927388801004
        }
    ]
}