{
    "modes": [
        {
            "index": 0,
            "strictly local log-evidence": -295.8356857073724,
            "strictly local log-evidence error": 0.020433222356193423,
            "local log-evidence": -295.8356857073724,
            "local log-evidence error": 0.020433222356193423,
            "mean": [
                -1.5621438846355462,
                2.3310126503518718,
                2.353392658086514
            ],
            "sigma": [
                0.010316602659018294,
                0.010022871190462926,
                0.014946975961507833
            ],
            "maximum": [
                -1.5604707185764537,
                2.3302645532377255,
                2.350977787828981
            ],
            "maximum a posterior": [
                -1.5604707185764537,
                2.3302645532377255,
                2.350977787828981
            ]
        }
    ],
    "nested sampling global log-evidence": -295.67398566611666,
    "nested sampling global log-evidence error": 0.20490470998734753,
    "global evidence": -295.8356857073724,
    "global evidence error": 0.020433222356193423,
    "nested importance sampling global log-evidence": -295.8356857073724,
    "nested importance sampling global log-evidence error": 0.020433222356193423,
    "marginals": [
        {
            "median": -1.5625115409453059,
            "sigma": 0.010250245354387344,
            "1sigma": [
                -1.5724293813696697,
                -1.551928890660895
            ],
            "2sigma": [
                -1.582105315470421,
                -1.5419831029037758
            ],
            "3sigma": [
                -1.5919576312741346,
                -1.5313317393886323
            ],
            "5sigma": [
                -1.6096825932539258,
                -1.5110547500607228
            ],
            "q75%": -1.5549128875856872,
            "q25%": -1.5693549409992888,
            "q99%": -1.5376828950549912,
            "q01%": -1.5857234462358571,
            "q90%": -1.5488450751644083,
            "q10%": -1.5752912150813683
        },
        {
            "median": 2.3307707579797237,
            "sigma": 0.00990944493582413,
            "1sigma": [
                2.3211008913669504,
                2.3409197812385987
            ],
            "2sigma": [
                2.311551250322103,
                2.351478943022865
            ],
            "3sigma": [
                2.3026735502076225,
                2.3618693421038066
            ],
            "5sigma": [
                2.2839181129322075,
                2.383215852031372
            ],
            "q75%": 2.3376880111901412,
            "q25%": 2.324382185810168,
            "q99%": 2.3549009074270635,
            "q01%": 2.3081814416849538,
            "q90%": 2.343634892017248,
            "q10%": 2.3184029936277804
        },
        {
            "median": 2.353390250861367,
            "sigma": 0.015048467932016418,
            "1sigma": [
                2.338210498911479,
                2.3683074347755118
            ],
            "2sigma": [
                2.3237014947751704,
                2.3826944542452657
            ],
            "3sigma": [
                2.3083101753526822,
                2.397647589952004
            ],
            "5sigma": [
                2.2781540296307976,
                2.4238251613973927
            ],
            "q75%": 2.363809715206443,
            "q25%": 2.3430224191455595,
            "q99%": 2.3877662319908706,
            "q01%": 2.318346769993382,
            "q90%": 2.372111336416941,
            "q10%": 2.3343521926853326
        }
    ]
}