{
    "modes": [
        {
            "index": 0,
            "strictly local log-evidence": -296.3361919796878,
            "strictly local log-evidence error": 0.0212987227452439,
            "local log-evidence": -296.3361919796878,
            "local log-evidence error": 0.0212987227452439,
            "mean": [
                -1.562023603542211,
                2.6900493665793426,
                -0.7709461931314741
            ],
            "sigma": [
                0.010302486821932069,
                0.017508111064282645,
                0.006495499289732499
            ],
            "maximum": [
                -1.5628690932751077,
                2.6899584349617665,
                -0.7713317345038222
            ],
            "maximum a posterior": [
                -1.5628690932751077,
                2.6899584349617665,
                -0.7713317345038222
            ]
        }
    ],
    "nested sampling global log-evidence": -296.285705561798,
    "nested sampling global log-evidence error": 0.2087472439794894,
    "global evidence": -296.3361919796878,
    "global evidence error": 0.0212987227452439,
    "nested importance sampling global log-evidence": -296.3361919796878,
    "nested importance sampling global log-evidence error": 0.0212987227452439,
    "marginals": [
        {
            "median": -1.5621047389999536,
            "sigma": 0.01045686228550391,
            "1sigma": [
                -1.572378351605255,
                -1.5514646270342471
            ],
            "2sigma": [
                -1.581986788713541,
                -1.5423573641061818
            ],
            "3sigma": [
                -1.593031176028472,
                -1.531786803100609
            ],
            "5sigma": [
                -1.6122531109045626,
                -1.5098912983104864
            ],
            "q75%": -1.5548993726209146,
            "q25%": -1.5689221226015446,
            "q99%": -1.538001917054308,
            "q01%": -1.5853487423381551,
            "q90%": -1.5489111729524319,
            "q10%": -1.5756227260104918
        },
        {
            "median": 2.689611230275771,
            "sigma": 0.0178808344945407,
            "1sigma": [
                2.672091223954376,
                2.7078528929434573
            ],
            "2sigma": [
                2.65659355930656,
                2.724499960209435
            ],
            "3sigma": [
                2.6415768399849227,
                2.7419505032796403
            ],
            "5sigma": [
                2.6060970934089442,
                2.7803328768465465
            ],
            "q75%": 2.7018524742349523,
            "q25%": 2.6778279911909535,
            "q99%": 2.7307838587403976,
            "q01%": 2.6521563901184244,
            "q90%": 2.713099555327013,
            "q10%": 2.6673732023775427
        },
        {
            "median": -0.770855766847191,
            "sigma": 0.0065281496701190544,
            "1sigma": [
                -0.777503377989166,
                -0.7644470786489279
            ],
            "2sigma": [
                -0.7837013175336535,
                -0.7582613576550565
            ],
            "3sigma": [
                -0.7897790516151799,
                -0.7520599381056132
            ],
            "5sigma": [
                -0.8029667116778574,
                -0.7393797664847446
            ],
            "q75%": -0.7666169252649593,
            "q25%": -0.7753816441904883,
            "q99%": -0.7562721952399005,
            "q01%": -0.7860660920473341,
            "q90%": -0.7624524512599198,
            "q10%": -0.7791845236935865
        }
    ]
}