{
    "modes": [
        {
            "index": 0,
            "strictly local log-evidence": -295.84393016307035,
            "strictly local log-evidence error": 0.020422787297340348,
            "local log-evidence": -295.84393016307035,
            "local log-evidence error": 0.020422787297340348,
            "mean": [
                -1.5622090066668346,
                2.331041218794959,
                2.3534378040791433
            ],
            "sigma": [
                0.010299510400363181,
                0.010082708462732858,
                0.015011189406632815
            ],
            "maximum": [
                -1.5615906939377566,
                2.3302524998968,
                2.3529520152287695
            ],
            "maximum a posterior": [
                -1.5615906939377566,
                2.3302524998968,
                2.3529520152287695
            ]
        }
    ],
    "nested sampling global log-evidence": -295.5773818487099,
    "nested sampling global log-evidence error": 0.20424160832900373,
    "global evidence": -295.84393016307035,
    "global evidence error": 0.020422787297340348,
    "nested importance sampling global log-evidence": -295.84393016307035,
    "nested importance sampling global log-evidence error": 0.020422787297340348,
    "marginals": [
        {
            "median": -1.5622126964793595,
            "sigma": 0.010623811544632988,
            "1sigma": [
                -1.5729637052969212,
                -1.5517160822076552
            ],
            "2sigma": [
                -1.5824754451303644,
                -1.5422324124706355
            ],
            "3sigma": [
                -1.5920487870972513,
                -1.5306276561486283
            ],
            "5sigma": [
                -1.6126007938033036,
                -1.510861947476073
            ],
            "q75%": -1.5551349327776705,
            "q25%": -1.5693163138585204,
            "q99%": -1.5388553579287332,
            "q01%": -1.586269392352496,
            "q90%": -1.549027842030091,
            "q10%": -1.5754040349270026
        },
        {
            "median": 2.3311047001252727,
            "sigma": 0.010007231795835292,
            "1sigma": [
                2.3210492271635754,
                2.341063690755246
            ],
            "2sigma": [
                2.3108670800681206,
                2.350847461240408
            ],
            "3sigma": [
                2.302848617649546,
                2.3619669234887377
            ],
            "5sigma": [
                2.285342554870946,
                2.384803287261996
            ],
            "q75%": 2.3381572032809115,
            "q25%": 2.3239490697730556,
            "q99%": 2.354392771335006,
            "q01%": 2.3082015022603155,
            "q90%": 2.344001356629806,
            "q10%": 2.317725172721294
        },
        {
            "median": 2.353394688235153,
            "sigma": 0.015017534427046675,
            "1sigma": [
                2.338606961265097,
                2.36864203011919
            ],
            "2sigma": [
                2.324060724313371,
                2.3825805782339455
            ],
            "3sigma": [
                2.3081468741546907,
                2.39648031948279
            ],
            "5sigma": [
                2.2774914647555202,
                2.426057968109861
            ],
            "q75%": 2.3637901403666075,
            "q25%": 2.342718374783635,
            "q99%": 2.388123833148542,
            "q01%": 2.3195461019610257,
            "q90%": 2.372400487340023,
            "q10%": 2.3343907102334636
        }
    ]
}