   -0.158331232824816426E+01    0.231630941034871674E+01    0.239342901573254707E+01   -0.286123838975254671E+03
   -0.155176310168014009E+01    0.234428037367235387E+01    0.232770464932939625E+01   -0.285450938952741296E+03
   -0.155874887496809178E+01    0.234769343345053594E+01    0.235196480538750663E+01   -0.285030798955521902E+03
   -0.158953430024224618E+01    0.234831231755897729E+01    0.238615112230481152E+01   -0.284767804976194043E+03
   -0.152627125571604760E+01    0.231098318868016550E+01    0.229970021124918311E+01   -0.284431840147867547E+03
   -0.153721152590862520E+01    0.231307565460564923E+01    0.231299210754798246E+01   -0.284379669803395871E+03
   -0.155535203990837223E+01    0.235858691341555549E+01    0.233569484679153305E+01   -0.284276255241775516E+03
   -0.156732904525118077E+01    0.236524527150492503E+01    0.235613093303235743E+01   -0.284215200404762015E+03
   -0.156211310334486875E+01    0.234914532066666926E+01    0.234327163792139004E+01   -0.284016535515293867E+03
   -0.155928066575916802E+01    0.230676619712874897E+01    0.234857308876453175E+01   -0.283932624671165172E+03
   -0.156168922513816488E+01    0.231813353368802666E+01    0.236231790161211919E+01   -0.283840919787698624E+03
   -0.153695605512466105E+01    0.230847433293356596E+01    0.231463727167109923E+01   -0.283823968924977237E+03
   -0.157600301809604648E+01    0.236624983841644054E+01    0.236835509301238289E+01   -0.283456139957354196E+03
   -0.153416340370309268E+01    0.232950787733220332E+01    0.231468099618776613E+01   -0.283408033285157956E+03
   -0.155346421248453570E+01    0.234456216545708784E+01    0.234295864511820184E+01   -0.283137197692736322E+03
   -0.153815127358012749E+01    0.234048491129761560E+01    0.231432197243953475E+01   -0.283012323819762912E+03
   -0.156634741555766732E+01    0.235587644050653644E+01    0.235930593364505015E+01   -0.282872625736204270E+03
   -0.158234672463353432E+01    0.236187573520889238E+01    0.237594755998799556E+01   -0.282826210968100725E+03
   -0.157081621980400810E+01    0.234897370496696656E+01    0.236914035363770203E+01   -0.282825830367025105E+03
   -0.156862515232308875E+01    0.235266858121444500E+01    0.236435542206540816E+01   -0.282791861254988930E+03
   -0.159418015136511726E+01    0.235336926795743562E+01    0.239822008792245001E+01   -0.282730416559797959E+03
   -0.158625269670948343E+01    0.232544595603107274E+01    0.238866252964057502E+01   -0.282664970542595881E+03
   -0.154874439331667135E+01    0.235019968777192156E+01    0.232871997544019216E+01   -0.282640708049901775E+03
   -0.154667356331397143E+01    0.232127251303393756E+01    0.233786349340261523E+01   -0.282533759030856118E+03
   -0.155316301878468410E+01    0.230156091621736669E+01    0.234415129239232556E+01   -0.282495826875811872E+03
   -0.158319747192329596E+01    0.233308015608038000E+01    0.238992926089129654E+01   -0.282472092827048300E+03
   -0.155217974889814725E+01    0.231077068817690012E+01    0.233707642471306976E+01   -0.282365782442557588E+03
   -0.156009401642819667E+01    0.231338446257389041E+01    0.235911149637489004E+01   -0.282352502805860468E+03
   -0.155840392769164238E+01    0.230834216169955297E+01    0.234803105798096468E+01   -0.282269824963876147E+03
   -0.156628739688359975E+01    0.235989261197166433E+01    0.235509134589261215E+01   -0.282262338413130010E+03
   -0.156290594856896359E+01    0.233634030523640712E+01    0.236007718465970306E+01   -0.282199278312717411E+03
   -0.157251660507142232E+01    0.231527865815478817E+01    0.237593965863739953E+01   -0.282142000248369072E+03
   -0.154737072159033207E+01    0.230353186210744720E+01    0.233889236931782918E+01   -0.282093048670023336E+03
   -0.159137036909138585E+01    0.234266283022847688E+01    0.239372590005482344E+01   -0.282081469686885555E+03
   -0.158010571779549691E+01    0.234856117705311318E+01    0.237255865969905244E+01   -0.282058400844941275E+03
   -0.154503041803502961E+01    0.231908653380771801E+01    0.232413051467062104E+01   -0.282052200416766425E+03
   -0.156300814159718282E+01    0.231067141283726185E+01    0.235462923762181831E+01   -0.282028503207505651E+03
   -0.158521262208200753E+01    0.232404043512205494E+01    0.238916384060245512E+01   -0.282022013690778977E+03
   -0.156709839946939877E+01    0.233084614594235617E+01    0.236742307387605422E+01   -0.282014172663767170E+03
   -0.156187205814122088E+01    0.230763003292403646E+01    0.236054082300831247E+01   -0.281972096863936883E+03
   -0.155594714727325245E+01    0.234103421211805429E+01    0.234742355117804635E+01   -0.281931472422087438E+03
   -0.158364418301877241E+01    0.235304067901153724E+01    0.237845635400616651E+01   -0.281914855612463157E+03
   -0.154660671617326240E+01    0.230623940995466281E+01    0.233138546695384363E+01   -0.281909742182498519E+03
   -0.154539828830640591E+01    0.234052136033861702E+01    0.232906559842113836E+01   -0.281848871346170256E+03
   -0.153734571917549689E+01    0.230538939031457835E+01    0.232002453281753063E+01   -0.281825646966351769E+03
   -0.156410270970943754E+01    0.235577990436640228E+01    0.234899503817959321E+01   -0.281812282477898691E+03
   -0.155047190765624388E+01    0.234427542156203428E+01    0.232917803557919711E+01   -0.281807751771447101E+03
   -0.154508199506213906E+01    0.231099293150117902E+01    0.233577619951793558E+01   -0.281790305202833338E+03
   -0.159015104400304930E+01    0.235378334602140393E+01    0.239174164572493630E+01   -0.281777733478682649E+03
   -0.158642339080025052E+01    0.235804754882525636E+01    0.238613896680013049E+01   -0.281775242871689954E+03
   -0.158179567042595393E+01    0.232641230887483230E+01    0.238069823840005235E+01   -0.281768881215315275E+03
   -0.158354841533224389E+01    0.233625015254854773E+01    0.238071584922095170E+01   -0.281753445264090942E+03
   -0.153475191059701288E+01    0.232634653919245338E+01    0.231024357776315625E+01   -0.281753362631919458E+03
   -0.154312927555546087E+01    0.230336507920273981E+01    0.233092964137039793E+01   -0.281752487335121032E+03
   -0.157021524758359599E+01    0.233311036660974791E+01    0.237140498723715787E+01   -0.281743119861826358E+03
   -0.155844572474837539E+01    0.234257243210987642E+01    0.233999931134237293E+01   -0.281727260189413528E+03
   -0.156063297283057434E+01    0.232630491895024472E+01    0.235826658518833732E+01   -0.281696237552532693E+03
   -0.153522067832714804E+01    0.230869593047014909E+01    0.231800878057131676E+01   -0.281603489840934913E+03
   -0.158018961424426996E+01    0.236016819840724068E+01    0.237563314768893363E+01   -0.281598988645055044E+03
   -0.156055654685929213E+01    0.231307502378877583E+01    0.234992654496291031E+01   -0.281596308032004117E+03
   -0.155930799449980606E+01    0.230722180870980109E+01    0.235123140545659304E+01   -0.281558724454682476E+03
   -0.153958482264106200E+01    0.231288064466976095E+01    0.232629727532835773E+01   -0.281557767698462101E+03
   -0.156713309067177975E+01    0.233100113326101610E+01    0.235480669341961857E+01   -0.281555374982793296E+03
   -0.157045280919176133E+01    0.231385377356555866E+01    0.237231827130000283E+01   -0.281549255185128857E+03
   -0.156745390323900580E+01    0.234017662752634825E+01    0.235377710760917935E+01   -0.281514697809901179E+03
   -0.156613998924201403E+01    0.235126100736997179E+01    0.235965871956704021E+01   -0.281472674052555988E+03
   -0.155481849810862394E+01    0.233348399797129114E+01    0.233581287508066104E+01   -0.281464706099057821E+03
   -0.154046926391083128E+01    0.230525698653854993E+01    0.232499569322344968E+01   -0.281443577210881813E+03
   -0.155774727571342297E+01    0.234911776183081500E+01    0.234643217327393749E+01   -0.281392789150999590E+03
   -0.157059637000744967E+01    0.231139981581458409E+01    0.236997110865912930E+01   -0.281373403119533805E+03
   -0.154051836885663573E+01    0.233231365218173758E+01    0.231702023529792811E+01   -0.281348394996653838E+03
   -0.155658460895301776E+01    0.230783315679745327E+01    0.234662721963684540E+01   -0.281340969804650911E+03
   -0.157153335220127333E+01    0.235554385130315058E+01    0.236596181761594693E+01   -0.281324691734198950E+03
   -0.157375905901251834E+01    0.231454282043518011E+01    0.237306374524067110E+01   -0.281295809072330826E+03
   -0.154438268039500493E+01    0.230453215379283272E+01    0.233210249105383127E+01   -0.281292905980642217E+03
   -0.156385946710951718E+01    0.235533843788366015E+01    0.234965850350455874E+01   -0.281290698926507162E+03
   -0.153592833485981717E+01    0.232277383829840112E+01    0.231247765907752623E+01   -0.281283760842588208E+03
   -0.154111654941451870E+01    0.230581521382820664E+01    0.232735333568103009E+01   -0.281281688533466195E+03
   -0.154409957532423348E+01    0.233314805760723942E+01    0.232140250197074494E+01   -0.281249224667799126E+03
   -0.155697511272486633E+01    0.235200904226095098E+01    0.234216946132056947E+01   -0.281246222327534269E+03
   -0.155901668910415925E+01    0.231875343336881246E+01    0.235635567135077650E+01   -0.281225273438594456E+03
   -0.155449191287952093E+01    0.230559386473176531E+01    0.234538141865323979E+01   -0.281204037791897520E+03
   -0.157234434724227201E+01    0.231565056010765735E+01    0.236936638272018207E+01   -0.281193349900509077E+03
   -0.156899692366738552E+01    0.232789778268396619E+01    0.235881324376976842E+01   -0.281189294696306774E+03
   -0.156644633919674869E+01    0.231012923645565582E+01    0.236254388937756410E+01   -0.281189217660584973E+03
   -0.156498822589261888E+01    0.235043212443036476E+01    0.235782481823332013E+01   -0.281181420251157078E+03
   -0.155524679347647621E+01    0.230687776134078071E+01    0.234545602805944675E+01   -0.281173449410578371E+03
   -0.156824240817392591E+01    0.235725075970090892E+01    0.235679073536711137E+01   -0.281165483153620812E+03
   -0.153889177626661122E+01    0.233311325388436019E+01    0.231860039490386427E+01   -0.281159590123700013E+03
   -0.153723328570229612E+01    0.232204905467447809E+01    0.232007770880342434E+01   -0.281156716107328521E+03
   -0.156960466635050389E+01    0.235607959619743035E+01    0.235777607387932164E+01   -0.281150420925555409E+03
   -0.157693238590766471E+01    0.235114566268877434E+01    0.237599658159852112E+01   -0.281143582219153018E+03
   -0.155982753941829611E+01    0.234571256780286630E+01    0.235134486917030650E+01   -0.281143135394956175E+03
   -0.153613750666267945E+01    0.232602465199208597E+01    0.231643092704523212E+01   -0.281140340613157548E+03
   -0.155771663347961331E+01    0.230595708510430608E+01    0.235201953854171464E+01   -0.281127920577176894E+03
   -0.158362283179482977E+01    0.234313562752077154E+01    0.238753982325677683E+01   -0.281126423241234022E+03
   -0.153677557827616207E+01    0.233006476862008860E+01    0.231485795481861878E+01   -0.281122134161016163E+03
   -0.156510566971662923E+01    0.232244641642219207E+01    0.236490383878641097E+01   -0.281119018233807935E+03
   -0.156629823089805442E+01    0.234379492422336400E+01    0.235203811515409633E+01   -0.281086964021749452E+03
   -0.158038627425408040E+01    0.232153385221134778E+01    0.238265360420500549E+01   -0.281082169546928071E+03
   -0.155073596794255653E+01    0.234498125673043489E+01    0.233542766128388735E+01   -0.281077800280472218E+03
   -0.156555715061570289E+01    0.233506285633052579E+01    0.235194417380360221E+01   -0.281075472246874881E+03
   -0.154055519399436713E+01    0.233238137183256145E+01    0.231753141679996766E+01   -0.281074644735863728E+03
   -0.155415026074832641E+01    0.234841050548767649E+01    0.233575955761529030E+01   -0.281071318757153108E+03
   -0.158682293471243385E+01    0.235145074206215776E+01    0.238579922091636121E+01   -0.281066767700774506E+03
   -0.154280185351827881E+01    0.231072393420082056E+01    0.233111856726867472E+01   -0.281062085920679863E+03
   -0.154007524487899095E+01    0.230734744998147034E+01    0.232522671608036369E+01   -0.281025104726394773E+03
   -0.154852647208231065E+01    0.232207637019050583E+01    0.233947261055759270E+01   -0.281020482486450703E+03
   -0.153846583861137520E+01    0.232684140372058046E+01    0.232072204027713980E+01   -0.281016403965193888E+03
   -0.157279049910365121E+01    0.233259312646912331E+01    0.236399455018924698E+01   -0.280992735163454540E+03
   -0.153539505696015000E+01    0.232536071798748356E+01    0.231301725383570655E+01   -0.280987044242557772E+03
   -0.155646162792547926E+01    0.230950495695138258E+01    0.234592261046905826E+01   -0.280983306752936755E+03
   -0.156157791856570616E+01    0.230844077901983091E+01    0.235553177883247322E+01   -0.280973510580690117E+03
   -0.158542863471441464E+01    0.234841847193293951E+01    0.238317468805981925E+01   -0.280961952437256855E+03
   -0.157436933162383541E+01    0.232531744705754884E+01    0.237741790564116329E+01   -0.280945088450116941E+03
   -0.154709223569413634E+01    0.232690806369003900E+01    0.232634076790171740E+01   -0.280936319696853218E+03
   -0.156472273834755837E+01    0.235510130691377384E+01    0.235167268345738734E+01   -0.280932542969676945E+03
   -0.153919208098170590E+01    0.231484285279676172E+01    0.231873169163714188E+01   -0.280931832487947418E+03
   -0.153512573140556530E+01    0.231370276596031665E+01    0.231604500543016556E+01   -0.280926177971613697E+03
   -0.157495969581679240E+01    0.234817576508083548E+01    0.236540688147506373E+01   -0.280910664431825353E+03
   -0.156618173303809960E+01    0.231096018306588036E+01    0.236194976832858217E+01   -0.280902151731863626E+03
   -0.155595312280798237E+01    0.231775556189232645E+01    0.235152477096307422E+01   -0.280892581278608702E+03
   -0.157184482152920602E+01    0.232628725684737780E+01    0.236422327581216685E+01   -0.280878066476250297E+03
   -0.154088101203922134E+01    0.233376714438754718E+01    0.232203655579920820E+01   -0.280869841928978644E+03
   -0.154877687379889961E+01    0.233250173228979740E+01    0.233725844096234248E+01   -0.280865030261849768E+03
   -0.155692368101061129E+01    0.234603549561747515E+01    0.233890097589833879E+01   -0.280845055415032448E+03
   -0.154782766613434219E+01    0.230567034275204064E+01    0.233669933237450067E+01   -0.280838854743252341E+03
   -0.155197260276861493E+01    0.234541901170840150E+01    0.233705071602596703E+01   -0.280821632243447141E+03
   -0.156380237935933608E+01    0.232909924099548027E+01    0.235060300209276107E+01   -0.280818743161122427E+03
   -0.154511253367732460E+01    0.231232218555205504E+01    0.232773388541118109E+01   -0.280817896312220284E+03
   -0.154601453638797404E+01    0.232320187137474532E+01    0.232567824964896985E+01   -0.280817072505363399E+03
   -0.157924043281723914E+01    0.233943885647102601E+01    0.237352657621913821E+01   -0.280812909575448714E+03
   -0.156633792217416978E+01    0.235029514417700103E+01    0.235962146244104076E+01   -0.280800731455513699E+03
   -0.158590598744972056E+01    0.235045513022927244E+01    0.238743476865495019E+01   -0.280784262727561497E+03
   -0.154151168802387017E+01    0.232129100984776837E+01    0.232010649614074183E+01   -0.280783423590297389E+03
   -0.154937621655557578E+01    0.231118319024896435E+01    0.233442558155540070E+01   -0.280777360307738491E+03
   -0.157440185757067685E+01    0.231867433539462064E+01    0.237669579264130348E+01   -0.280774864104976132E+03
   -0.155900817532006730E+01    0.234212553657456057E+01    0.234171309898401603E+01   -0.280773405796041743E+03
   -0.155230624296188702E+01    0.230638754990589323E+01    0.234228625114497824E+01   -0.280773135971533975E+03
   -0.154281113618479426E+01    0.232432042331432953E+01    0.232121715097628467E+01   -0.280770651295366633E+03
   -0.158079177834048190E+01    0.233046540595713836E+01    0.238514491557874564E+01   -0.280765586172498956E+03
   -0.154714213067225659E+01    0.232157808053836012E+01    0.233704741885421186E+01   -0.280762846658671492E+03
   -0.158058235844697403E+01    0.233173601281554665E+01    0.238483088983341851E+01   -0.280754704066144939E+03
   -0.154557142733823683E+01    0.230685929822358693E+01    0.233190766210461753E+01   -0.280749736703643066E+03
   -0.157969652265012805E+01    0.234123009881696431E+01    0.238234207642489260E+01   -0.280747670119097563E+03
   -0.155520325566067408E+01    0.234905855172526090E+01    0.234010343071464355E+01   -0.280740594367048516E+03
   -0.154530211425475938E+01    0.231903195449277355E+01    0.232579096500708005E+01   -0.280740305897970927E+03
   -0.154437202688514374E+01    0.230701848712274815E+01    0.233200304071423759E+01   -0.280721228708210617E+03
   -0.154036390148390279E+01    0.232382215800836489E+01    0.231831099619473413E+01   -0.280700225991476884E+03
   -0.154490848306517581E+01    0.232841436988375206E+01    0.232344175058950597E+01   -0.280696461493403888E+03
   -0.158028585185874659E+01    0.235535398052852463E+01    0.237543230522809168E+01   -0.280662963492938729E+03
   -0.156882687083914996E+01    0.234601487856002100E+01    0.236513716729812629E+01   -0.280649805957348690E+03
   -0.154918337712106879E+01    0.233077284624158665E+01    0.232893842942221596E+01   -0.280649783103582763E+03
   -0.154638981743283810E+01    0.230683005691224796E+01    0.233348742679237020E+01   -0.280649574835016438E+03
   -0.157884170125204992E+01    0.232632086958543827E+01    0.238261795571216695E+01   -0.280648951925954748E+03
   -0.155587431728118886E+01    0.233459718171355268E+01    0.233790574707107979E+01   -0.280639701066586326E+03
   -0.157328903398904241E+01    0.232419540860263529E+01    0.237567641092207005E+01   -0.280636587051750723E+03
   -0.153950362188335332E+01    0.231801550004351542E+01    0.231859929647119856E+01   -0.280634982397565182E+03
   -0.154241106672166239E+01    0.231869050240484587E+01    0.232211163923264508E+01   -0.280627603445796183E+03
   -0.153672847214513997E+01    0.231625983365864974E+01    0.231900951411636846E+01   -0.280615446101516852E+03
   -0.156315642971907476E+01    0.234879990352412715E+01    0.234800379712778096E+01   -0.280612890067954595E+03
   -0.156477670287735871E+01    0.231043986234703302E+01    0.236115546018330846E+01   -0.280600209046092800E+03
   -0.156140503548429210E+01    0.234578669102859561E+01    0.234532848719801734E+01   -0.280596578537478138E+03
   -0.156340575884881616E+01    0.234676907375368504E+01    0.234822557481871641E+01   -0.280592045694694377E+03
   -0.155453887780352895E+01    0.234337334183249180E+01    0.233585115549560385E+01   -0.280583732021629430E+03
   -0.155947905268127118E+01    0.231225246610775903E+01    0.235622921893782866E+01   -0.280576439473769938E+03
   -0.155023941429469536E+01    0.230732066616030584E+01    0.233862886541621151E+01   -0.280575630698297800E+03
   -0.156788459453627693E+01    0.231274377993148761E+01    0.236456039116225725E+01   -0.280574644653869086E+03
   -0.156633202978837671E+01    0.235404669137949840E+01    0.235668690114653856E+01   -0.280560719290938607E+03
   -0.158332468201786125E+01    0.234015903057873098E+01    0.238096623954938735E+01   -0.280552867067452496E+03
   -0.157308916470556293E+01    0.233087660175213562E+01    0.236532311055712441E+01   -0.280547180260079074E+03
   -0.158489743230970137E+01    0.233947352924434915E+01    0.238879796689119672E+01   -0.280541045177257558E+03
   -0.156836645855368273E+01    0.234624852486535573E+01    0.236421709752465681E+01   -0.280533256886034735E+03
   -0.153776431819983173E+01    0.232691331884893859E+01    0.231600903465166041E+01   -0.280526404948111065E+03
   -0.154690149927056741E+01    0.230740154733133318E+01    0.233397648769175525E+01   -0.280519092721625384E+03
   -0.155866513288532538E+01    0.231922150210853584E+01    0.234563171611568322E+01   -0.280516705289977722E+03
   -0.155846558587899175E+01    0.231181318679125791E+01    0.235464161960365637E+01   -0.280514458471387911E+03
   -0.155721104956654210E+01    0.231554037837492110E+01    0.235309152353486795E+01   -0.280508090295486113E+03
   -0.156906471372144773E+01    0.231742334678668582E+01    0.236968289668216769E+01   -0.280507235114788955E+03
   -0.154042305544452018E+01    0.230974935890963362E+01    0.232424287432489507E+01   -0.280503170057263219E+03
   -0.154519308886721984E+01    0.232243189487448376E+01    0.233335274892955091E+01   -0.280494152462587977E+03
   -0.155983789867856304E+01    0.234896293191352701E+01    0.234884078698183885E+01   -0.280493219684675580E+03
   -0.154157835281338640E+01    0.232376973511601426E+01    0.232673437569344799E+01   -0.280492628647349761E+03
   -0.156796794290297736E+01    0.232125939203701970E+01    0.235987249679215338E+01   -0.280491510874091205E+03
   -0.154106587513721349E+01    0.231075600195771713E+01    0.232691190464614728E+01   -0.280491303419035091E+03
   -0.154891874830428344E+01    0.230969855099596089E+01    0.234000601324655655E+01   -0.280471898830309101E+03
   -0.153929241000044326E+01    0.232135334408622995E+01    0.231786078736008960E+01   -0.280460979346975932E+03
   -0.156536783384745037E+01    0.231249893479988522E+01    0.236007392124376736E+01   -0.280458253615779711E+03
   -0.156593254838815299E+01    0.235249752675805146E+01    0.235709106293692372E+01   -0.280458246904820044E+03
   -0.154946962744279237E+01    0.234245530678670022E+01    0.233000823585801697E+01   -0.280458177447380365E+03
   -0.156375630170294233E+01    0.234439393227454707E+01    0.234885611460594390E+01   -0.280455994246284206E+03
   -0.157260432860538057E+01    0.231723403849670317E+01    0.237354369291838907E+01   -0.280441397478634997E+03
   -0.156807931234636477E+01    0.234276200714381622E+01    0.235545302457801498E+01   -0.280423686932723513E+03
   -0.157059216765788556E+01    0.231546805106138365E+01    0.237062327952996199E+01   -0.280410841573245591E+03
   -0.154718559198842365E+01    0.230779091354425647E+01    0.233434975926807020E+01   -0.280409315150403359E+03
   -0.158232339097455466E+01    0.234557825825291832E+01    0.238425119316749878E+01   -0.280400411531613770E+03
   -0.158419241972438352E+01    0.234535920693043654E+01    0.238211472473955510E+01   -0.280398095642762314E+03
   -0.158216935957857174E+01    0.234183032950799719E+01    0.237878316613285179E+01   -0.280396763141244833E+03
   -0.154486355219659366E+01    0.232877122843324136E+01    0.232370866687234390E+01   -0.280395684309210196E+03
   -0.154803819333716008E+01    0.231165965391472250E+01    0.233875390263990823E+01   -0.280394952257022112E+03
   -0.155555617693402981E+01    0.234814530751550787E+01    0.234069032829541968E+01   -0.280389703461826230E+03
   -0.154477524688367973E+01    0.233026703720663431E+01    0.232348125760425184E+01   -0.280386481788311983E+03
   -0.156320178046685232E+01    0.235226999931938963E+01    0.234961692865270066E+01   -0.280379703163713771E+03
   -0.155728193687765804E+01    0.234788908262417362E+01    0.234055884212581944E+01   -0.280376984502478649E+03
   -0.154319317548993462E+01    0.230880296733221302E+01    0.232868875636438588E+01   -0.280367994345346801E+03
   -0.154863462542016528E+01    0.231056882512437101E+01    0.233952009641008019E+01   -0.280364439748799612E+03
   -0.157166505894860720E+01    0.233520856568504964E+01    0.236219201062421646E+01   -0.280363021133132179E+03
   -0.155444494727548088E+01    0.234143450635915285E+01    0.233588223666827410E+01   -0.280362369396003203E+03
   -0.156318255236676240E+01    0.232713193397936191E+01    0.236087808293381229E+01   -0.280351591861952272E+03
   -0.154695881497886001E+01    0.232271405599151937E+01    0.232758309009050279E+01   -0.280350888070910173E+03
   -0.154566052321506153E+01    0.233616736403329517E+01    0.232950207809051513E+01   -0.280349143554870011E+03
   -0.156015065711938528E+01    0.233186371041161955E+01    0.234488360174188415E+01   -0.280330046046987604E+03
   -0.158021208508269373E+01    0.232784438414080119E+01    0.237936618156667024E+01   -0.280329953985604618E+03
   -0.155803489847901755E+01    0.234181322953974957E+01    0.234082526344430875E+01   -0.280327143372296575E+03
   -0.156251196683022076E+01    0.233867471091097823E+01    0.234748272975061134E+01   -0.280326145760620079E+03
   -0.157366863747638464E+01    0.232065427669270274E+01    0.237037859566235909E+01   -0.280318296337427682E+03
   -0.158618275013783427E+01    0.234456586944106027E+01    0.238823023086589714E+01   -0.280317695551916415E+03
   -0.154043937125509167E+01    0.233145481958488920E+01    0.232048670161589321E+01   -0.280299794257377130E+03
   -0.155632802178670970E+01    0.234503819899250932E+01    0.234455699296357523E+01   -0.280288203395660275E+03
   -0.154115630579748819E+01    0.231203798975536223E+01    0.232370764181756329E+01   -0.280286166894283213E+03
   -0.154164257855324527E+01    0.233150325252625645E+01    0.232361005286666433E+01   -0.280281369563441672E+03
   -0.153746924995954259E+01    0.232295167742912723E+01    0.231658842231750839E+01   -0.280278358839984662E+03
   -0.157537289015810611E+01    0.232596140187159106E+01    0.237109949265293984E+01   -0.280274784020371101E+03
   -0.156558671656500703E+01    0.231433126984644977E+01    0.236429011092258179E+01   -0.280271662083234787E+03
   -0.153830907045407561E+01    0.232411219716803652E+01    0.231703198400801824E+01   -0.280260320226905492E+03
   -0.155462388158574427E+01    0.230962755040212597E+01    0.234814813580457127E+01   -0.280258190947356923E+03
   -0.156298115132561288E+01    0.235227876279177917E+01    0.235038348404979303E+01   -0.280253025457544652E+03
   -0.154556830686722346E+01    0.233520911687383403E+01    0.232964281204528767E+01   -0.280249443204246973E+03
   -0.155159542613454504E+01    0.234448780097605836E+01    0.233376907940140477E+01   -0.280244326258062586E+03
   -0.156744884394146178E+01    0.234749132177654340E+01    0.236193302442846154E+01   -0.280226023663942840E+03
   -0.156435701745855726E+01    0.231153061544136262E+01    0.236084255230508511E+01   -0.280224908572047468E+03
   -0.156243445469917575E+01    0.235178784246631301E+01    0.235031110777477537E+01   -0.280222543738809918E+03
   -0.158376677473862126E+01    0.234950941913701916E+01    0.238395163917643060E+01   -0.280221308666883658E+03
   -0.157687504603858120E+01    0.232128924255713009E+01    0.237747982615692344E+01   -0.280215135641522011E+03
   -0.156932166387304628E+01    0.232193973368070328E+01    0.236991637832564450E+01   -0.280214476067383771E+03
   -0.154606183146137655E+01    0.232927293547129288E+01    0.232543490768405192E+01   -0.280210224797183514E+03
   -0.156110685518633097E+01    0.231982863355867597E+01    0.234957002995048292E+01   -0.280203336753185226E+03
   -0.156258454585343820E+01    0.232668935584290315E+01    0.234982928245560707E+01   -0.280201650492346175E+03
   -0.155339127919974951E+01    0.232607182140395485E+01    0.234582071185499785E+01   -0.280200858635320401E+03
   -0.155804833813844690E+01    0.231758273619802146E+01    0.235395903401595064E+01   -0.280192741822003882E+03
   -0.157594259137648485E+01    0.232337265515843105E+01    0.237347240248659119E+01   -0.280191882688173166E+03
   -0.155794779460309352E+01    0.234293698591037369E+01    0.234089757656714781E+01   -0.280186079022255797E+03
   -0.154008111274265058E+01    0.231867934679482479E+01    0.231992208814238943E+01   -0.280183058479575095E+03
   -0.154789488891365323E+01    0.232148663633636376E+01    0.233768475292774269E+01   -0.280178661385131250E+03
   -0.157136807215784025E+01    0.231622930476404321E+01    0.237051215543615790E+01   -0.280177804288616073E+03
   -0.157868430613753796E+01    0.232740051649191582E+01    0.238168966604366084E+01   -0.280173002826349830E+03
   -0.156138825906625023E+01    0.232866790764690013E+01    0.235776459069778710E+01   -0.280163311443299165E+03
   -0.154409140873471351E+01    0.233376748003249634E+01    0.232313758531590686E+01   -0.280157258022302585E+03
   -0.154693042902401556E+01    0.231917311753069599E+01    0.232870116106739999E+01   -0.280143476259462034E+03
   -0.157555788845727229E+01    0.232811523298356748E+01    0.237081921738561974E+01   -0.280141376814847831E+03
   -0.155024102610641146E+01    0.234297279028658689E+01    0.233325520808715936E+01   -0.280138243747935121E+03
   -0.156164352461140488E+01    0.234946175851916106E+01    0.234693515130078012E+01   -0.280136033622137120E+03
   -0.153917503568791036E+01    0.232463031148861088E+01    0.232107923452197262E+01   -0.280135295451702291E+03
   -0.157360192106652552E+01    0.232002412163117588E+01    0.237103849384044985E+01   -0.280134005602712818E+03
   -0.158261373825750074E+01    0.234163501750856096E+01    0.238509419215554530E+01   -0.280121533662562115E+03
   -0.157237362979992268E+01    0.233358744625559744E+01    0.237300002472879257E+01   -0.280116349064621602E+03
   -0.157788006724659313E+01    0.235134551595369778E+01    0.237146937953598425E+01   -0.280113676875973738E+03
   -0.153786576616313075E+01    0.231758957941233712E+01    0.231891182235398396E+01   -0.280111317750736816E+03
   -0.155598795912491417E+01    0.232579574821392576E+01    0.234988714315123737E+01   -0.280109044286251219E+03
   -0.155489965667217644E+01    0.234298586567325007E+01    0.233698967483262088E+01   -0.280099790448717954E+03
   -0.155009242971985972E+01    0.230886768974274359E+01    0.234051538571845796E+01   -0.280097560435694390E+03
   -0.154789543637034144E+01    0.231372335442003640E+01    0.233210455222225121E+01   -0.280085661019539771E+03
   -0.154595234397175640E+01    0.233010840183948531E+01    0.233218193787220684E+01   -0.280073431749935423E+03
   -0.154820952488698360E+01    0.233564409644072102E+01    0.232808531372420013E+01   -0.280070600980056156E+03
   -0.155761486640327851E+01    0.232850464131604662E+01    0.234196308268772313E+01   -0.280070515547205957E+03
   -0.156609276785583384E+01    0.235075091763565824E+01    0.235776106665957563E+01   -0.280060679368430158E+03
   -0.155051231170583437E+01    0.234141954209921899E+01    0.233532839090047162E+01   -0.280058837286826304E+03
   -0.156646570269386665E+01    0.231328616095707762E+01    0.236340726541008905E+01   -0.280055472575042131E+03
   -0.156724702341361999E+01    0.234982890873364481E+01    0.236022208045975646E+01   -0.280047513549169537E+03
   -0.155352694739540054E+01    0.233349248673292076E+01    0.233527885045248595E+01   -0.280045451088173650E+03
   -0.157077019434412302E+01    0.233417647302458775E+01    0.237054401840799223E+01   -0.280042254599084004E+03
   -0.158384728880974013E+01    0.233565587952081577E+01    0.238443483718358173E+01   -0.280042191636824384E+03
   -0.157827718255168281E+01    0.234677004101072395E+01    0.237800342865758552E+01   -0.280041747268861968E+03
   -0.155279860688063875E+01    0.232622879792588044E+01    0.234467990442805529E+01   -0.280038527636332390E+03
   -0.158282027237752310E+01    0.234536464121399124E+01    0.238419998390395094E+01   -0.280037868086891876E+03
   -0.154426321506812103E+01    0.231322166348634006E+01    0.233196739214356974E+01   -0.280033871295359063E+03
   -0.157451433614785019E+01    0.232724793140595754E+01    0.236942428607439481E+01   -0.280033525504557247E+03
   -0.157680800015422262E+01    0.235373776874544616E+01    0.237186798570032842E+01   -0.280030261580026263E+03
   -0.156348894554897000E+01    0.234668336969881741E+01    0.235562302915752930E+01   -0.280019296815133885E+03
   -0.158480348282382222E+01    0.233778046255422600E+01    0.238682056519865249E+01   -0.280015738264959282E+03
   -0.158065379800874783E+01    0.232792804373592643E+01    0.238141641197017684E+01   -0.280000555123233994E+03
   -0.156980337197563724E+01    0.235122358710630230E+01    0.236343895252058722E+01   -0.279999227098575034E+03
   -0.155343796488826036E+01    0.234459792719269533E+01    0.233606364322684001E+01   -0.279999197387950630E+03
   -0.157722499096312752E+01    0.232294190541333689E+01    0.237727853344705409E+01   -0.279998315684732233E+03
   -0.158002335314351861E+01    0.235068922443931649E+01    0.237542605417018038E+01   -0.279997485968162437E+03
   -0.156863763008342594E+01    0.234403932315299679E+01    0.236481246732854977E+01   -0.279994407924750419E+03
   -0.158120921370867129E+01    0.233139871115557185E+01    0.238056086376629139E+01   -0.279978207902730844E+03
   -0.153964461527664098E+01    0.232023219149821669E+01    0.232286992164823225E+01   -0.279973047474154384E+03
   -0.158301929836374078E+01    0.234802453677475498E+01    0.238311015995826381E+01   -0.279968408912023619E+03
   -0.158273625018522401E+01    0.233413383265688745E+01    0.238274613398209922E+01   -0.279961055751454921E+03
   -0.154759287394900458E+01    0.232425257040145050E+01    0.232857334485949607E+01   -0.279957235347966844E+03
   -0.154124114974832072E+01    0.231258436044241078E+01    0.232504557025302638E+01   -0.279955329672711514E+03
   -0.154534287394817582E+01    0.231007390785820022E+01    0.233248525628077630E+01   -0.279949952980768899E+03
   -0.155690429343970460E+01    0.230996547629550442E+01    0.234888162655585120E+01   -0.279933391308918829E+03
   -0.154603142404649518E+01    0.232639541687650153E+01    0.233322688103300635E+01   -0.279933222185642478E+03
   -0.154211968947249689E+01    0.232599625485142258E+01    0.232139067717808167E+01   -0.279921635979251448E+03
   -0.154438789430522672E+01    0.233005582442115111E+01    0.232908221282692196E+01   -0.279919361771639785E+03
   -0.155582588980084258E+01    0.232097445514373568E+01    0.235007502587676775E+01   -0.279898633193851424E+03
   -0.154868188078135249E+01    0.231223790521538808E+01    0.233897956585036226E+01   -0.279898543037377351E+03
   -0.156081705020484462E+01    0.234978153801911205E+01    0.234799789758740118E+01   -0.279891148437134973E+03
   -0.154820468584903503E+01    0.231095603439067210E+01    0.233451767842447033E+01   -0.279875419294345079E+03
   -0.154151198124344813E+01    0.232002990681669630E+01    0.232636415019866050E+01   -0.279869290358007618E+03
   -0.154791808540801989E+01    0.231114858866691897E+01    0.233402434777979551E+01   -0.279858000364325335E+03
   -0.155673195981217227E+01    0.232556688328670047E+01    0.234151251199234878E+01   -0.279851173499149297E+03
   -0.154445944248634448E+01    0.232692366410841212E+01    0.232417221958549369E+01   -0.279850960603228771E+03
   -0.155372795781420026E+01    0.233226687289788526E+01    0.234456782807800579E+01   -0.279846850084088715E+03
   -0.156715261093371039E+01    0.231823497363491260E+01    0.236067604294141198E+01   -0.279846409777734038E+03
   -0.157883302906853196E+01    0.233276642517795274E+01    0.237565202097567152E+01   -0.279838810826106112E+03
   -0.154742251719759594E+01    0.231014014335679319E+01    0.233586246046674972E+01   -0.279835893592320417E+03
   -0.158045154514442654E+01    0.234333893929550729E+01    0.238155815840135787E+01   -0.279834090400876676E+03
   -0.158100612462310752E+01    0.234164946249197392E+01    0.238265307651399816E+01   -0.279833129645337635E+03
   -0.158100612462310752E+01    0.234164946249197392E+01    0.238265307651399816E+01   -0.279833129645337635E+03
   -0.157868943922218508E+01    0.233246233144642368E+01    0.238109935510198589E+01   -0.279807962055790370E+03
   -0.154049577001735249E+01    0.232380903925783944E+01    0.232330251049788217E+01   -0.279806178024721021E+03
   -0.157208575694755481E+01    0.233250270346543020E+01    0.237243226483217207E+01   -0.279806020054138571E+03
   -0.157222639926324148E+01    0.234765104106813993E+01    0.236249776320120297E+01   -0.279804978484564231E+03
   -0.154747807503572909E+01    0.231742620063858951E+01    0.233047123069749418E+01   -0.279803838571482686E+03
   -0.156486921436202819E+01    0.231440724019512345E+01    0.235923507354013040E+01   -0.279794399124758286E+03
   -0.156520506083852506E+01    0.233299056894277523E+01    0.236235815421576945E+01   -0.279792356820210784E+03
   -0.156532912768842580E+01    0.232473149514656008E+01    0.235513114044249861E+01   -0.279790968843896508E+03
   -0.156532912768842580E+01    0.232473149514656008E+01    0.235513114044249861E+01   -0.279790968843896508E+03
   -0.156343041017177020E+01    0.231795691600364862E+01    0.236120967237529733E+01   -0.279790831046030689E+03
   -0.158123440358450873E+01    0.233430129701092959E+01    0.237990951704566100E+01   -0.279785560863627438E+03
   -0.157105732285570854E+01    0.232152529775459726E+01    0.236606024830852846E+01   -0.279767704178677263E+03
   -0.156224812687655845E+01    0.233309783657294467E+01    0.234837809199634329E+01   -0.279763051399151550E+03
   -0.154014019619421649E+01    0.231817710033511881E+01    0.232348050184354094E+01   -0.279761917008642001E+03
   -0.154014019619421649E+01    0.231817710033511881E+01    0.232348050184354094E+01   -0.279761917008642001E+03
   -0.156989589243485161E+01    0.232182255178574426E+01    0.236386342642274805E+01   -0.279760944323096339E+03
   -0.156136087526957956E+01    0.234784112588353633E+01    0.234690427771979770E+01   -0.279749178839823799E+03
   -0.153947573161456663E+01    0.232050354602883191E+01    0.232033031524215438E+01   -0.279749050799068925E+03
   -0.155681984053358380E+01    0.234372714519619763E+01    0.234525239807117458E+01   -0.279744971511538779E+03
   -0.155329208739708746E+01    0.232680162130406964E+01    0.233629864953207900E+01   -0.279744682239194560E+03
   -0.154242126020711279E+01    0.232131775713234045E+01    0.232758639189772509E+01   -0.279735714619938506E+03
   -0.156346161943918238E+01    0.235040815725840391E+01    0.235204160293253040E+01   -0.279731577301066068E+03
   -0.156105372465757331E+01    0.232069437907763731E+01    0.234971421771899003E+01   -0.279726173579793112E+03
   -0.153978715590367488E+01    0.231843798571335702E+01    0.232126934765301485E+01   -0.279725436710676092E+03
   -0.158143540786153314E+01    0.233151795533841488E+01    0.238333925900507104E+01   -0.279722770495539635E+03
   -0.156012435945903727E+01    0.231194182693480954E+01    0.235504909291100617E+01   -0.279720551888920511E+03
   -0.156012435945903727E+01    0.231194182693480954E+01    0.235504909291100617E+01   -0.279720551888920511E+03
   -0.155518674109491273E+01    0.232495696427537357E+01    0.233950150915545940E+01   -0.279718952623054804E+03
   -0.155241134225958444E+01    0.234051370449316920E+01    0.233426462115022382E+01   -0.279705407829903038E+03
   -0.157223189537608987E+01    0.232097524596988913E+01    0.236870008959191303E+01   -0.279703695500107756E+03
   -0.155727408479199458E+01    0.234586438638879713E+01    0.234145280950467694E+01   -0.279694592398150689E+03
   -0.155727408479199458E+01    0.234586438638879713E+01    0.234145280950467694E+01   -0.279694592398150689E+03
   -0.154039247090002185E+01    0.232127257800723452E+01    0.232088083731871109E+01   -0.279693511018108666E+03
   -0.153979256698662015E+01    0.232081960666399612E+01    0.232195709004358264E+01   -0.279691781753999010E+03
   -0.155920420471402110E+01    0.234317367831254453E+01    0.234332946640644124E+01   -0.279680155445325624E+03
   -0.156947397046217807E+01    0.233923563402931478E+01    0.235875642573530619E+01   -0.279675322519866654E+03
   -0.157398551468122605E+01    0.234445599326665377E+01    0.236551999382801803E+01   -0.279672188396680099E+03
   -0.154225532897085293E+01    0.231918674560493976E+01    0.232745440627993183E+01   -0.279667485652944436E+03
   -0.154038657040101601E+01    0.232149995998270642E+01    0.232322125502391508E+01   -0.279666248205028467E+03
   -0.155273249593218288E+01    0.231022214954262850E+01    0.234334317768072964E+01   -0.279665037523559192E+03
   -0.155300951775457463E+01    0.232308608239080350E+01    0.234514778164828464E+01   -0.279654108751915146E+03
   -0.155300951775457463E+01    0.232308608239080350E+01    0.234514778164828464E+01   -0.279654108751915146E+03
   -0.155556487524408182E+01    0.232622893525769703E+01    0.233983344878426891E+01   -0.279651366907652005E+03
   -0.155556487524408182E+01    0.232622893525769703E+01    0.233983344878426891E+01   -0.279651366907652005E+03
   -0.154962275877916289E+01    0.232266823946331646E+01    0.233212241268080689E+01   -0.279647584629169899E+03
   -0.156513054042460720E+01    0.233225701430041310E+01    0.235308754013811416E+01   -0.279645360899595005E+03
   -0.155335557004704539E+01    0.231559419560514002E+01    0.234618061383353904E+01   -0.279644943041631279E+03
   -0.155335557004704539E+01    0.231559419560514002E+01    0.234618061383353904E+01   -0.279644943041631279E+03
   -0.155651510939580162E+01    0.234336614953661959E+01    0.233989498122603834E+01   -0.279640291844326384E+03
   -0.156606317831656949E+01    0.234362580805832454E+01    0.235325855183581467E+01   -0.279625951114643499E+03
   -0.156399185506162319E+01    0.232388676540788675E+01    0.236170431906227485E+01   -0.279620949802606503E+03
   -0.154929192345320654E+01    0.233958560483370359E+01    0.233264757627581432E+01   -0.279618641593269217E+03
   -0.158216199674129299E+01    0.234671008284962301E+01    0.238135912262527327E+01   -0.279618564219395068E+03
   -0.155486654742296349E+01    0.233824572660055097E+01    0.234421820937345693E+01   -0.279615955604229725E+03
   -0.155486654742296349E+01    0.233824572660055097E+01    0.234421820937345693E+01   -0.279615955604229725E+03
   -0.156278415263219861E+01    0.231331246593836282E+01    0.235705145817359529E+01   -0.279615606420302299E+03
   -0.154737786922778264E+01    0.231135153360007495E+01    0.233408769196619126E+01   -0.279609494226065522E+03
   -0.158183094299178206E+01    0.234185953311793904E+01    0.237969396914689213E+01   -0.279609159694547714E+03
   -0.158183094299178206E+01    0.234185953311793904E+01    0.237969396914689213E+01   -0.279609159694547714E+03
   -0.155295453993002930E+01    0.233903350510119612E+01    0.234050242901381012E+01   -0.279608462182815401E+03
   -0.157175000248053998E+01    0.232428251158477250E+01    0.236629689881238825E+01   -0.279608316543058663E+03
   -0.156556959321810707E+01    0.231840372556502272E+01    0.235824929278344975E+01   -0.279602766190945658E+03
   -0.156556959321810707E+01    0.231840372556502272E+01    0.235824929278344975E+01   -0.279602766190945658E+03
   -0.157346362193185141E+01    0.235113652582555943E+01    0.236551656482964745E+01   -0.279594029088416789E+03
   -0.156039824006774142E+01    0.232368625399953199E+01    0.234786928623766400E+01   -0.279591993310720966E+03
   -0.158257147153233513E+01    0.234541159516057984E+01    0.238209658080027253E+01   -0.279590307255522077E+03
   -0.154102595066874359E+01    0.231654106030112050E+01    0.232376327822433737E+01   -0.279589766584560778E+03
   -0.155928666145290995E+01    0.231828133506128742E+01    0.235503337215202713E+01   -0.279582544489981217E+03
   -0.157181561110952561E+01    0.232325556809568168E+01    0.236692034207834112E+01   -0.279579137986818637E+03
   -0.155584054442808561E+01    0.232605339716982051E+01    0.234035963674663705E+01   -0.279577700415644642E+03
   -0.157478840472505111E+01    0.234002168535781019E+01    0.237448257806000207E+01   -0.279574721035924995E+03
   -0.157429898239045363E+01    0.235168169270892502E+01    0.236862102009644637E+01   -0.279574440313696982E+03
   -0.156217735545179170E+01    0.233274729653624480E+01    0.234852711037859940E+01   -0.279570180312256639E+03
   -0.157870882984784422E+01    0.234111703716942632E+01    0.237945191865602190E+01   -0.279564832562767776E+03
   -0.154570770160860116E+01    0.233489421297241417E+01    0.232672610244475209E+01   -0.279564677901151640E+03
   -0.156109410578321706E+01    0.232225820527857074E+01    0.235753060298980976E+01   -0.279563884287069470E+03
   -0.157705520835927793E+01    0.232772820651751911E+01    0.237869980217530497E+01   -0.279562429257053623E+03
   -0.157705520835927793E+01    0.232772820651751911E+01    0.237869980217530497E+01   -0.279562429257053623E+03
   -0.154544655797188124E+01    0.232946352261513434E+01    0.233065793032557522E+01   -0.279558238716561448E+03
   -0.154254247995698890E+01    0.231458289809784423E+01    0.232731876098554480E+01   -0.279557854830102201E+03
   -0.156976276163514239E+01    0.233621578156942400E+01    0.236816992645362312E+01   -0.279556425058418029E+03
   -0.158016464796994804E+01    0.233121826360262885E+01    0.237965175561305209E+01   -0.279552488137360967E+03
   -0.154861668575117783E+01    0.231134730684261802E+01    0.233595499791453420E+01   -0.279550258846860231E+03
   -0.154861668575117783E+01    0.231134730684261802E+01    0.233595499791453420E+01   -0.279550258846860231E+03
   -0.157391381972612576E+01    0.234415222550800051E+01    0.236559275302545657E+01   -0.279549971460973836E+03
   -0.157445427466491372E+01    0.234728898286186549E+01    0.237164575444035464E+01   -0.279548784947863055E+03
   -0.157445427466491372E+01    0.234728898286186549E+01    0.237164575444035464E+01   -0.279548784947863055E+03
   -0.156433619805624669E+01    0.234954233719446082E+01    0.235200339283433202E+01   -0.279547893117332194E+03
   -0.157954113748824643E+01    0.233401508213658859E+01    0.237715348632167789E+01   -0.279545894926675658E+03
   -0.157954113748824643E+01    0.233401508213658859E+01    0.237715348632167789E+01   -0.279545894926675658E+03
   -0.156283639900851701E+01    0.234623956459026450E+01    0.235396668447661028E+01   -0.279528693594280981E+03
   -0.156864931886849734E+01    0.234672965045497373E+01    0.235738003753371572E+01   -0.279522593010280559E+03
   -0.156864931886849734E+01    0.234672965045497373E+01    0.235738003753371572E+01   -0.279522593010280559E+03
   -0.156465200901731194E+01    0.234364157131882811E+01    0.235131085056411138E+01   -0.279518070834042703E+03
   -0.156465200901731194E+01    0.234364157131882811E+01    0.235131085056411138E+01   -0.279518070834042703E+03
   -0.156097763479675433E+01    0.234823654989280151E+01    0.234880875556820712E+01   -0.279517327831422449E+03
   -0.156933168901602027E+01    0.231771283084396362E+01    0.236771177370916064E+01   -0.279516544768538722E+03
   -0.156269335267250198E+01    0.231674117061993856E+01    0.235439559487294403E+01   -0.279511224243391780E+03
   -0.155367731069043269E+01    0.231282452455212484E+01    0.234218622802058363E+01   -0.279498168027939755E+03
   -0.155367731069043269E+01    0.231282452455212484E+01    0.234218622802058363E+01   -0.279498168027939755E+03
   -0.155003032672794139E+01    0.233997535033186876E+01    0.233309559849786119E+01   -0.279494503286930581E+03
   -0.157730727659551762E+01    0.233902225926887652E+01    0.237799079365465893E+01   -0.279493029749289690E+03
   -0.157730727659551762E+01    0.233902225926887652E+01    0.237799079365465893E+01   -0.279493029749289690E+03
   -0.157989591430464005E+01    0.234554406224273970E+01    0.237941356803979609E+01   -0.279483448021579875E+03
   -0.155946120555883772E+01    0.234149707998447321E+01    0.234388731175523723E+01   -0.279481970373222907E+03
   -0.157968404886744196E+01    0.234706734111981863E+01    0.237575443403306963E+01   -0.279479022201149519E+03
   -0.157968404886744196E+01    0.234706734111981863E+01    0.237575443403306963E+01   -0.279479022201149519E+03
   -0.155093425715740096E+01    0.233550320603887629E+01    0.233823571798257390E+01   -0.279478582903431914E+03
   -0.157838961495311492E+01    0.233562973430233445E+01    0.237464522284946788E+01   -0.279473474567375490E+03
   -0.156769386730492699E+01    0.231869837801748746E+01    0.236210127973662054E+01   -0.279467057134821744E+03
   -0.156769386730492699E+01    0.231869837801748746E+01    0.236210127973662054E+01   -0.279467057134821744E+03
   -0.155206689072588078E+01    0.232449553353832616E+01    0.233536149551628469E+01   -0.279466173498045350E+03
   -0.155021656040010569E+01    0.233850269469358540E+01    0.233199670892154032E+01   -0.279454454010383074E+03
   -0.155021656040010569E+01    0.233850269469358540E+01    0.233199670892154032E+01   -0.279454454010383074E+03
   -0.156853123196319699E+01    0.233011474515347983E+01    0.235918749030389385E+01   -0.279450118184461019E+03
   -0.157076060413790031E+01    0.232901547325590030E+01    0.237059514100434576E+01   -0.279441382020710591E+03
   -0.155569496406563212E+01    0.234464602984743653E+01    0.234112571934950431E+01   -0.279438221568844369E+03
   -0.157532460775874639E+01    0.233777712664638226E+01    0.237552642629492183E+01   -0.279436423807889412E+03
   -0.156394262736277900E+01    0.233238012960728369E+01    0.236021674250207880E+01   -0.279434787662462895E+03
   -0.157968963131512941E+01    0.234623864766731272E+01    0.237581437112951832E+01   -0.279434767965125843E+03
   -0.156730751143668612E+01    0.231867782582356918E+01    0.236148997654542470E+01   -0.279429682962114725E+03
   -0.156962677898738678E+01    0.233059776745001779E+01    0.236088405612230190E+01   -0.279426221898204346E+03
   -0.154575108413917373E+01    0.233360393329241633E+01    0.232671160084519002E+01   -0.279423924272389058E+03
   -0.157186151519124406E+01    0.235100297091104471E+01    0.236375652779657486E+01   -0.279418447804374068E+03
   -0.157456219248402474E+01    0.235072861698290803E+01    0.236926355635232078E+01   -0.279418164520109201E+03
   -0.157393685331367927E+01    0.232254474449266990E+01    0.237201724372630096E+01   -0.279417807266801617E+03
   -0.157291997763839464E+01    0.234181449746737913E+01    0.237115259298322201E+01   -0.279412544554773490E+03
   -0.157291997763839464E+01    0.234181449746737913E+01    0.237115259298322201E+01   -0.279412544554773490E+03
   -0.155697903884533773E+01    0.234542009041966537E+01    0.234219910667721898E+01   -0.279410605129922942E+03
   -0.154221487827115400E+01    0.232487006675195174E+01    0.232290002988295186E+01   -0.279406653671093807E+03
   -0.155458168622901960E+01    0.231635045971668507E+01    0.234771732772181352E+01   -0.279404818183491329E+03
   -0.155676024722796802E+01    0.231914778396842136E+01    0.234398791121014227E+01   -0.279403930931309787E+03
   -0.157483980887412978E+01    0.234532265021969311E+01    0.236731757333157589E+01   -0.279402949146895423E+03
   -0.156842094726382486E+01    0.232646727651655594E+01    0.236009609503406814E+01   -0.279402084692871881E+03
   -0.154258120491978024E+01    0.231924938896868849E+01    0.232444818670778197E+01   -0.279392498727436418E+03
   -0.156366907334912986E+01    0.231723110264593268E+01    0.236077515312238617E+01   -0.279381627253104682E+03
   -0.156366907334912986E+01    0.231723110264593268E+01    0.236077515312238617E+01   -0.279381627253104682E+03
   -0.154727703313186304E+01    0.232083235386685649E+01    0.233569375091836129E+01   -0.279379818913937413E+03
   -0.154879410408682783E+01    0.231201548506323418E+01    0.233635872046931148E+01   -0.279378960091028944E+03
   -0.154921245463264157E+01    0.233412481100840319E+01    0.233549327418537800E+01   -0.279370863355305687E+03
   -0.154493909579762634E+01    0.233062251686050459E+01    0.232871153847127310E+01   -0.279367599638297634E+03
   -0.156134082593656576E+01    0.231476620683238998E+01    0.235367929409238386E+01   -0.279366869200757606E+03
   -0.155121485025442851E+01    0.233656415153144659E+01    0.233299602982940613E+01   -0.279362479821357283E+03
   -0.157615795365838629E+01    0.234966981068466696E+01    0.237032191861509034E+01   -0.279360939150096385E+03
   -0.157615795365838629E+01    0.234966981068466696E+01    0.237032191861509034E+01   -0.279360939150096385E+03
   -0.154350909454348750E+01    0.231540295781827155E+01    0.232873697366687438E+01   -0.279357344542821124E+03
   -0.156617993821842338E+01    0.231995690555714740E+01    0.236442114922798829E+01   -0.279357145047873303E+03
   -0.156033200439053621E+01    0.234210690527837873E+01    0.234530734063792679E+01   -0.279357128189964328E+03
   -0.155718085761092517E+01    0.232669971004955789E+01    0.235081963067623789E+01   -0.279354500807756949E+03
   -0.154541582854269444E+01    0.232185867675853563E+01    0.233225125774777098E+01   -0.279354451708695592E+03
   -0.154541582854269444E+01    0.232185867675853563E+01    0.233225125774777098E+01   -0.279354451708695592E+03
   -0.155594290455664108E+01    0.231258855775749073E+01    0.234641491797404811E+01   -0.279354343635451642E+03
   -0.154554464339518960E+01    0.233348885096399261E+01    0.232789584491327695E+01   -0.279351636254756443E+03
   -0.155918239043123519E+01    0.232772478306974140E+01    0.234523162695248288E+01   -0.279339486627769247E+03
   -0.155918239043123519E+01    0.232772478306974140E+01    0.234523162695248288E+01   -0.279339486627769247E+03
   -0.154861396622417669E+01    0.231775896181513197E+01    0.233813390942487587E+01   -0.279338107105966685E+03
   -0.155515111830346164E+01    0.234219404876832682E+01    0.233866036123334098E+01   -0.279337562642907756E+03
   -0.155515111830346164E+01    0.234219404876832682E+01    0.233866036123334098E+01   -0.279337562642907756E+03
   -0.154468647925783498E+01    0.231632609454007365E+01    0.233127783330419192E+01   -0.279336966368159835E+03
   -0.157565809638840526E+01    0.232518454768138350E+01    0.237610424863207115E+01   -0.279334457725977586E+03
   -0.156880028986947417E+01    0.235033794106066107E+01    0.236031309759229480E+01   -0.279331534223339077E+03
   -0.156821661151386493E+01    0.232772876922967198E+01    0.235946219280468483E+01   -0.279331460268531316E+03
   -0.156821661151386493E+01    0.232772876922967198E+01    0.235946219280468483E+01   -0.279331460268531316E+03
   -0.156239890955191463E+01    0.234781836501109487E+01    0.234945044552049787E+01   -0.279329797998849870E+03
   -0.155927303004379225E+01    0.234589514333025129E+01    0.234725230512692740E+01   -0.279323639038961687E+03
   -0.155927303004379225E+01    0.234589514333025129E+01    0.234725230512692740E+01   -0.279323639038961687E+03
   -0.156310475430417117E+01    0.234641964812186732E+01    0.234973610837155178E+01   -0.279323420922020830E+03
   -0.158025413145625437E+01    0.234605558305396977E+01    0.237889497965908703E+01   -0.279322953742887989E+03
   -0.155380639012227006E+01    0.231194076857598407E+01    0.234499829040685626E+01   -0.279319308647764387E+03
   -0.155656574288118144E+01    0.231286859554860103E+01    0.234732009594645064E+01   -0.279313826422899922E+03
   -0.155483738516159598E+01    0.233923150251591094E+01    0.233782557480973097E+01   -0.279310621082849536E+03
   -0.155483738516159598E+01    0.233923150251591094E+01    0.233782557480973097E+01   -0.279310621082849536E+03
   -0.154657332151697746E+01    0.231334129717273740E+01    0.233257475474112042E+01   -0.279308185899412706E+03
   -0.154657332151697746E+01    0.231334129717273740E+01    0.233257475474112042E+01   -0.279308185899412706E+03
   -0.155698635161278887E+01    0.233778090201073985E+01    0.234069080294094611E+01   -0.279307827223695597E+03
   -0.156423635671220773E+01    0.234900367046999259E+01    0.235301665975397434E+01   -0.279306069820805419E+03
   -0.157387099302892830E+01    0.232593684049221183E+01    0.237444456378662139E+01   -0.279300038913966148E+03
   -0.157387099302892830E+01    0.232593684049221183E+01    0.237444456378662139E+01   -0.279300038913966148E+03
   -0.157561732558881262E+01    0.233357718909352219E+01    0.237636623570404204E+01   -0.279289654674929352E+03
   -0.157561732558881262E+01    0.233357718909352219E+01    0.237636623570404204E+01   -0.279289654674929352E+03
   -0.154950687571969370E+01    0.232662118348816449E+01    0.233829100674844881E+01   -0.279287877714810861E+03
   -0.155549093613491340E+01    0.233494934717018099E+01    0.234602305460530758E+01   -0.279285941319539802E+03
   -0.155549093613491340E+01    0.233494934717018099E+01    0.234602305460530758E+01   -0.279285941319539802E+03
   -0.157626853595277350E+01    0.234769545861062845E+01    0.237337625823322895E+01   -0.279284865458619549E+03
   -0.156954211106474850E+01    0.234760585595912152E+01    0.236365493175173214E+01   -0.279281449566447918E+03
   -0.156133679141645731E+01    0.234750048065859573E+01    0.234926860895460976E+01   -0.279281008589659109E+03
   -0.156133679141645731E+01    0.234750048065859573E+01    0.234926860895460976E+01   -0.279281008589659109E+03
   -0.158089858957066420E+01    0.233947254401355975E+01    0.237916218309223382E+01   -0.279279705466294104E+03
   -0.155856987121354540E+01    0.234456541286902498E+01    0.234355673749013249E+01   -0.279274742263546102E+03
   -0.154822677595057812E+01    0.231499397290145392E+01    0.233724265672802289E+01   -0.279271097416586372E+03
   -0.156842722680246283E+01    0.234732776376128616E+01    0.236203602870541118E+01   -0.279270184344546067E+03
   -0.156191365274593275E+01    0.232213029006756733E+01    0.235836845698595532E+01   -0.279262498215399660E+03
   -0.156610925972251769E+01    0.233131183857101165E+01    0.236345377543375967E+01   -0.279260418947005860E+03
   -0.154639699760200910E+01    0.231912010087362352E+01    0.233414388527407546E+01   -0.279259421405597834E+03
   -0.156987340726881408E+01    0.233259875808590955E+01    0.236101804404048998E+01   -0.279255973607883732E+03
   -0.156987340726881408E+01    0.233259875808590955E+01    0.236101804404048998E+01   -0.279255973607883732E+03
   -0.156181403114827488E+01    0.233224814107784129E+01    0.234840718138432081E+01   -0.279251025016076824E+03
   -0.155263712354006267E+01    0.232324552352729929E+01    0.233675994602444348E+01   -0.279250178304622580E+03
   -0.155263712354006267E+01    0.232324552352729929E+01    0.233675994602444348E+01   -0.279250178304622580E+03
   -0.157046854032569572E+01    0.231963127526495150E+01    0.236794706888798245E+01   -0.279247845767398530E+03
   -0.157566670345593307E+01    0.234720679678753275E+01    0.237273271961118759E+01   -0.279247406638177040E+03
   -0.157986817252843559E+01    0.233541734280369573E+01    0.237814915325812670E+01   -0.279243144732518317E+03
   -0.156743487792075786E+01    0.231961537160149689E+01    0.236156230781004339E+01   -0.279241049555078860E+03
   -0.154415436529731220E+01    0.231677904652204170E+01    0.232995245249610505E+01   -0.279239730667842252E+03
   -0.155596274204395679E+01    0.232515804579482888E+01    0.234114049531837232E+01   -0.279239224260891206E+03
   -0.155596274204395679E+01    0.232515804579482888E+01    0.234114049531837232E+01   -0.279239224260891206E+03
   -0.154934612581760156E+01    0.232102829295240909E+01    0.233274406091979003E+01   -0.279235667083264843E+03
   -0.155708426700176128E+01    0.233926515013838054E+01    0.234092825291559770E+01   -0.279233575780546005E+03
   -0.155708426700176128E+01    0.233926515013838054E+01    0.234092825291559770E+01   -0.279233575780546005E+03
   -0.155874938900881332E+01    0.234548935525477731E+01    0.234443887717295496E+01   -0.279231445869654522E+03
   -0.156817499814971040E+01    0.232413948673303183E+01    0.236705860123591449E+01   -0.279231315866889588E+03
   -0.156443310637732180E+01    0.234696733224391663E+01    0.235559970572986010E+01   -0.279228600103077383E+03
   -0.155411551626072431E+01    0.233285985428950982E+01    0.234430116675139466E+01   -0.279223737896557111E+03
   -0.156522424041875130E+01    0.232649949669347089E+01    0.236278336060370719E+01   -0.279221404378621457E+03
   -0.156996899372116516E+01    0.232216878617208211E+01    0.236478713165193355E+01   -0.279218964368322361E+03
   -0.156285639519432462E+01    0.233921715119148255E+01    0.235649611562211092E+01   -0.279213564877235115E+03
   -0.157152701785388138E+01    0.232273034596986427E+01    0.236742119348394553E+01   -0.279213282001203595E+03
   -0.155326105308920770E+01    0.234158539502637941E+01    0.233729253142246307E+01   -0.279210493892607246E+03
   -0.155661549356696449E+01    0.231277974210351722E+01    0.234899769583060802E+01   -0.279209166821834060E+03
   -0.155661549356696449E+01    0.231277974210351722E+01    0.234899769583060802E+01   -0.279209166821834060E+03
   -0.157590181541762031E+01    0.234007901336785151E+01    0.236981911892715225E+01   -0.279204372965975665E+03
   -0.157795312343877825E+01    0.233008884794711735E+01    0.237646645751544305E+01   -0.279201435794103929E+03
   -0.157795312343877825E+01    0.233008884794711735E+01    0.237646645751544305E+01   -0.279201435794103929E+03
   -0.155477015361682547E+01    0.234263406563568255E+01    0.234044697515765243E+01   -0.279196982310535134E+03
   -0.154632153825617791E+01    0.233244741458957794E+01    0.232764166864882149E+01   -0.279194581493835358E+03
   -0.154705902793574324E+01    0.233142458121139073E+01    0.232822853587914125E+01   -0.279192890609080507E+03
   -0.155081913275356831E+01    0.232956201516583850E+01    0.233305067968702495E+01   -0.279188813839654813E+03
   -0.156375044599183477E+01    0.232091123332317917E+01    0.236090231110377680E+01   -0.279188621884512827E+03
   -0.156375044599183477E+01    0.232091123332317917E+01    0.236090231110377680E+01   -0.279188621884512827E+03
   -0.155259313943057053E+01    0.234090293583804465E+01    0.233688085651495214E+01   -0.279181032484058960E+03
   -0.154506509203432496E+01    0.233141960919775126E+01    0.232685145969039908E+01   -0.279178727653428950E+03
   -0.154506509203432496E+01    0.233141960919775126E+01    0.232685145969039908E+01   -0.279178727653428950E+03
   -0.156031751333777047E+01    0.233923933056559763E+01    0.234552362076197518E+01   -0.279178185446604516E+03
   -0.156480653055944741E+01    0.234548703338437736E+01    0.235222036777492427E+01   -0.279175652696500947E+03
   -0.156480653055944741E+01    0.234548703338437736E+01    0.235222036777492427E+01   -0.279175652696500947E+03
   -0.157716438750952626E+01    0.234103175858513213E+01    0.237198341362021559E+01   -0.279167710804721423E+03
   -0.157716438750952626E+01    0.234103175858513213E+01    0.237198341362021559E+01   -0.279167710804721423E+03
   -0.156316641750520668E+01    0.234721415402240119E+01    0.235057774911477502E+01   -0.279165948884089403E+03
   -0.154472737935020943E+01    0.233008705555046047E+01    0.232775070747758761E+01   -0.279165788783820517E+03
   -0.157840140545766161E+01    0.234297065189081843E+01    0.237774026078750822E+01   -0.279163610077719738E+03
   -0.155447425061330158E+01    0.232823080017141404E+01    0.233838991944989871E+01   -0.279162791660005496E+03
   -0.158020644245103248E+01    0.234043123792972629E+01    0.238037650230394249E+01   -0.279162187191757255E+03
   -0.156905336234981041E+01    0.234715716039792577E+01    0.236286509614662954E+01   -0.279155002096810051E+03
   -0.156905336234981041E+01    0.234715716039792577E+01    0.236286509614662954E+01   -0.279155002096810051E+03
   -0.157543732190787589E+01    0.233592605293463595E+01    0.237558422299895611E+01   -0.279150152344479693E+03
   -0.157543732190787589E+01    0.233592605293463595E+01    0.237558422299895611E+01   -0.279150152344479693E+03
   -0.156717126479370616E+01    0.231868943383001413E+01    0.236195167355115920E+01   -0.279150013748662559E+03
   -0.155533467076656717E+01    0.234304806851896474E+01    0.234028739453116685E+01   -0.279149226966138713E+03
   -0.156431629029663810E+01    0.231816174007668652E+01    0.236131819013469624E+01   -0.279148463462157963E+03
   -0.157563447920657196E+01    0.234878677188217777E+01    0.237000185003967090E+01   -0.279148448217371197E+03
   -0.155842064909717459E+01    0.233441389921175180E+01    0.234317814356035647E+01   -0.279146495824982708E+03
   -0.156859351582659823E+01    0.231971182002041143E+01    0.236683882279744395E+01   -0.279143358924751908E+03
   -0.156859351582659823E+01    0.231971182002041143E+01    0.236683882279744395E+01   -0.279143358924751908E+03
   -0.157028043892872726E+01    0.234614206142262383E+01    0.236052953012887912E+01   -0.279128657816268571E+03
   -0.154401920364148060E+01    0.231926210004890399E+01    0.232938780056252526E+01   -0.279126730867842923E+03
   -0.156442542524451378E+01    0.233575888939167076E+01    0.235983143904886283E+01   -0.279126084171006823E+03
   -0.156442542524451378E+01    0.233575888939167076E+01    0.235983143904886283E+01   -0.279126084171006823E+03
   -0.155199635243333578E+01    0.232263773301527676E+01    0.233617838410623513E+01   -0.279121957785302925E+03
   -0.155322676438599228E+01    0.234041462400850175E+01    0.233901044408516512E+01   -0.279118734219528847E+03
   -0.155063430249118328E+01    0.233559821581840099E+01    0.233271798582049605E+01   -0.279117747667178946E+03
   -0.155343035516595895E+01    0.231277837397606856E+01    0.234355249449647829E+01   -0.279117461884145769E+03
   -0.157663686295189232E+01    0.233292704161185727E+01    0.237736613686489129E+01   -0.279115197049439985E+03
   -0.154527541983229377E+01    0.231888488085989586E+01    0.233179417635374264E+01   -0.279109439199929739E+03
   -0.154527541983229377E+01    0.231888488085989586E+01    0.233179417635374264E+01   -0.279109439199929739E+03
   -0.154442374412533523E+01    0.231901931322133725E+01    0.233013943948620472E+01   -0.279106494613221571E+03
   -0.155857552253994314E+01    0.234263855729695925E+01    0.234345162481359637E+01   -0.279105518971309721E+03
   -0.155892723788612986E+01    0.233199879960870904E+01    0.234429734048567973E+01   -0.279102951328018662E+03
   -0.157742443174724833E+01    0.233371944641172746E+01    0.237411532590458485E+01   -0.279102675386488841E+03
   -0.157742443174724833E+01    0.233371944641172746E+01    0.237411532590458485E+01   -0.279102675386488841E+03
   -0.158060418436814798E+01    0.233782334536310499E+01    0.237993097049765368E+01   -0.279098345401692541E+03
   -0.154782248719975413E+01    0.233435592630081690E+01    0.233182797030942801E+01   -0.279096058436500300E+03
   -0.154653828247278025E+01    0.231579940000940354E+01    0.233142376235583626E+01   -0.279095145835801532E+03
   -0.156219301163352853E+01    0.234488256389337657E+01    0.235275512492356675E+01   -0.279089135408729305E+03
   -0.156333143260667073E+01    0.233853113975377847E+01    0.235008683855143552E+01   -0.279089038407616556E+03
   -0.157070721956060311E+01    0.232659439871549800E+01    0.237016830308516191E+01   -0.279088122110944028E+03
   -0.155551072693386327E+01    0.233604981447887994E+01    0.234540581740131415E+01   -0.279087340845206086E+03
   -0.154583341634793392E+01    0.231514450961685236E+01    0.233156440372009399E+01   -0.279085291330904113E+03
   -0.155373841962150250E+01    0.233372745266280823E+01    0.233674400724804343E+01   -0.279080799690266872E+03
   -0.154458214706181129E+01    0.232249374008182929E+01    0.232998867011775523E+01   -0.279079352736563919E+03
   -0.155513518189535516E+01    0.231709143565615516E+01    0.234286562313712032E+01   -0.279077551747620817E+03
   -0.154552867360816215E+01    0.232252067129300865E+01    0.233176996880440690E+01   -0.279071629906703549E+03
   -0.157057522947249750E+01    0.234780818801833613E+01    0.236142583859548338E+01   -0.279070349466609969E+03
   -0.154694521459876677E+01    0.231924263566788991E+01    0.233039131199634042E+01   -0.279069953580886249E+03
   -0.156256648237842155E+01    0.232880477570194921E+01    0.235838148463888331E+01   -0.279060916461905720E+03
   -0.156256648237842155E+01    0.232880477570194921E+01    0.235838148463888331E+01   -0.279060916461905720E+03
   -0.155955778483307217E+01    0.231624847603013428E+01    0.235035882098205740E+01   -0.279059754783653204E+03
   -0.155811754346904907E+01    0.234464911146161148E+01    0.234451138956701044E+01   -0.279057623892702281E+03
   -0.157211868519971620E+01    0.232373614826700381E+01    0.236838774034042743E+01   -0.279056835085110833E+03
   -0.157211868519971620E+01    0.232373614826700381E+01    0.236838774034042743E+01   -0.279056835085110833E+03
   -0.156007320870117572E+01    0.232590378498844519E+01    0.234736867500101098E+01   -0.279054434774926051E+03
   -0.156007320870117572E+01    0.232590378498844519E+01    0.234736867500101098E+01   -0.279054434774926051E+03
   -0.156572596258248287E+01    0.233189745947492089E+01    0.236254347297395384E+01   -0.279053838177119871E+03
   -0.157550956419274879E+01    0.233540165067118277E+01    0.237024381789228755E+01   -0.279045623882438633E+03
   -0.156323029549958559E+01    0.234003221525483651E+01    0.235658254282052404E+01   -0.279043334567692455E+03
   -0.157713743800710038E+01    0.234445464288439753E+01    0.237205822399626776E+01   -0.279041998974593071E+03
   -0.156982668115530677E+01    0.233453211658921589E+01    0.236081250235519136E+01   -0.279041292822022001E+03
   -0.156851774828094226E+01    0.232037100159581033E+01    0.236361958765328062E+01   -0.279039435730632079E+03
   -0.156851774828094226E+01    0.232037100159581033E+01    0.236361958765328062E+01   -0.279039435730632079E+03
   -0.155149871514167015E+01    0.231330480968037122E+01    0.234038937826328208E+01   -0.279037517309684404E+03
   -0.157351704154970884E+01    0.232528514442989476E+01    0.237329463769749793E+01   -0.279036425897808272E+03
   -0.156112194659414061E+01    0.232784901869380523E+01    0.234850992570266115E+01   -0.279035112085933918E+03
   -0.155118555832246852E+01    0.231830304143248522E+01    0.234179384083074993E+01   -0.279026843393039258E+03
   -0.155118555832246852E+01    0.231830304143248522E+01    0.234179384083074993E+01   -0.279026843393039258E+03
   -0.157196197732586174E+01    0.232405853411429764E+01    0.236796177328345081E+01   -0.279025601435017791E+03
   -0.157196197732586174E+01    0.232405853411429764E+01    0.236796177328345081E+01   -0.279025601435017791E+03
   -0.156564246727478817E+01    0.234747548620493429E+01    0.235437858427791014E+01   -0.279020827020283264E+03
   -0.156676152956553727E+01    0.231814654116559193E+01    0.236227680918437599E+01   -0.279011906574694365E+03
   -0.155788839682098601E+01    0.234424267207847192E+01    0.234447163735208264E+01   -0.279010860971330089E+03
   -0.155788839682098601E+01    0.234424267207847192E+01    0.234447163735208264E+01   -0.279010860971330089E+03
   -0.155987171823572623E+01    0.232065349463978032E+01    0.235507508550981726E+01   -0.279006036787070343E+03
   -0.155987171823572623E+01    0.232065349463978032E+01    0.235507508550981726E+01   -0.279006036787070343E+03
   -0.156280580837528782E+01    0.233487767610675956E+01    0.234978957273591149E+01   -0.279004691065501788E+03
   -0.157758546436558200E+01    0.234664335754705133E+01    0.237405658854021162E+01   -0.279004307096565071E+03
   -0.155366225972560068E+01    0.231336159563454835E+01    0.234380417445391487E+01   -0.279002881008307270E+03
   -0.155366225972560068E+01    0.231336159563454835E+01    0.234380417445391487E+01   -0.279002881008307270E+03
   -0.157513153964370467E+01    0.234811024227954679E+01    0.237032768603032729E+01   -0.279001753222456443E+03
   -0.157706445618133451E+01    0.233649326859927164E+01    0.237725551727739060E+01   -0.279000326072441737E+03
   -0.156956793064306810E+01    0.232026204649409262E+01    0.236730218240016299E+01   -0.278997431225005016E+03
   -0.155666709942184922E+01    0.232554669627535970E+01    0.234238765946438043E+01   -0.278996778457537971E+03
   -0.157950862860928809E+01    0.233479749541368342E+01    0.237931712478692958E+01   -0.278995112749798579E+03
   -0.155778942588357827E+01    0.231784597180810437E+01    0.234676355559845895E+01   -0.278995055541447641E+03
   -0.155778942588357827E+01    0.231784597180810437E+01    0.234676355559845895E+01   -0.278995055541447641E+03
   -0.156786659146432483E+01    0.234834583005769115E+01    0.235944536268771365E+01   -0.278994168784930423E+03
   -0.155935775413700162E+01    0.231442112525287369E+01    0.235255834387468710E+01   -0.278991009206505851E+03
   -0.155625733426394586E+01    0.231399587064041778E+01    0.234699742492314201E+01   -0.278989879862013197E+03
   -0.156824395217483969E+01    0.234018457413375014E+01    0.235759863469756148E+01   -0.278984921872842790E+03
   -0.156824395217483969E+01    0.234018457413375014E+01    0.235759863469756148E+01   -0.278984921872842790E+03
   -0.157243943811035658E+01    0.232338055997827286E+01    0.237141536279119158E+01   -0.278983067680082115E+03
   -0.156419683570529600E+01    0.234692168234838805E+01    0.235439520142637981E+01   -0.278979112265676235E+03
   -0.156786549651608098E+01    0.233644751826090902E+01    0.236464551350821672E+01   -0.278978574834948631E+03
   -0.156786549651608098E+01    0.233644751826090902E+01    0.236464551350821672E+01   -0.278978574834948631E+03
   -0.157834098380002796E+01    0.234524435074463566E+01    0.237493436469408792E+01   -0.278978525095989141E+03
   -0.155206738635195118E+01    0.231522810915101607E+01    0.233953504901492515E+01   -0.278971818128372490E+03
   -0.155346945085546828E+01    0.233646663417100964E+01    0.234148962797931759E+01   -0.278967837440750714E+03
   -0.155346945085546828E+01    0.233646663417100964E+01    0.234148962797931759E+01   -0.278967837440750714E+03
   -0.156631464650497931E+01    0.231845057633195406E+01    0.236112941238397411E+01   -0.278967035338196069E+03
   -0.157994985635404483E+01    0.233879400914324043E+01    0.237872341300808543E+01   -0.278963962650728263E+03
   -0.156698937052785681E+01    0.231837198444847292E+01    0.236304508621939036E+01   -0.278957203785940408E+03
   -0.157224967131056648E+01    0.234669392455030712E+01    0.236746396497272826E+01   -0.278956961620753646E+03
   -0.155676696947412596E+01    0.233757449198967082E+01    0.234676074743824969E+01   -0.278956347702482276E+03
   -0.156988015741109210E+01    0.233158566823698710E+01    0.236843847597234003E+01   -0.278954738898920027E+03
   -0.154696010533468842E+01    0.233281354981671596E+01    0.232961289981221498E+01   -0.278951776183726565E+03
   -0.154696010533468842E+01    0.233281354981671596E+01    0.232961289981221498E+01   -0.278951776183726565E+03
   -0.157187175401198864E+01    0.233513964268528529E+01    0.236419162338639310E+01   -0.278951190081188940E+03
   -0.157182521173033773E+01    0.232495732232703833E+01    0.237120020704064771E+01   -0.278949360036808514E+03
   -0.157154733361639387E+01    0.234799305351358889E+01    0.236548325507154189E+01   -0.278948096499878375E+03
   -0.157154733361639387E+01    0.234799305351358889E+01    0.236548325507154189E+01   -0.278948096499878375E+03
   -0.155349036958445663E+01    0.232778235353644680E+01    0.234421625449316195E+01   -0.278946341444216785E+03
   -0.155316630759676433E+01    0.232418260367201102E+01    0.234434944256413580E+01   -0.278945333788798109E+03
   -0.156849075135118743E+01    0.231987474220225742E+01    0.236601289431999007E+01   -0.278945261514607466E+03
   -0.155589703671616419E+01    0.234211772460543344E+01    0.234243018175234852E+01   -0.278942417184919350E+03
   -0.157719554538449325E+01    0.234186385660794238E+01    0.237248085409616749E+01   -0.278937779541163707E+03
   -0.154386784601445992E+01    0.232019622268293091E+01    0.232739604399389677E+01   -0.278936792572428089E+03
   -0.157145960470052359E+01    0.232586668062157376E+01    0.237082879514247935E+01   -0.278935234415865523E+03
   -0.157145960470052359E+01    0.232586668062157376E+01    0.237082879514247935E+01   -0.278935234415865523E+03
   -0.155630747691541726E+01    0.231404399457348164E+01    0.234743858776425718E+01   -0.278933689038015473E+03
   -0.155630747691541726E+01    0.231404399457348164E+01    0.234743858776425718E+01   -0.278933689038015473E+03
   -0.154934767504961157E+01    0.233561022492960157E+01    0.233213265043421814E+01   -0.278926773701787681E+03
   -0.154481553548309947E+01    0.232266906247879135E+01    0.232995630061605752E+01   -0.278926066554156989E+03
   -0.156339049912043571E+01    0.234589915926993742E+01    0.235368589826360974E+01   -0.278925646321722070E+03
   -0.157399684367510728E+01    0.232530002657062740E+01    0.237196131191627302E+01   -0.278919535705472640E+03
   -0.157770629103036764E+01    0.233256910382289506E+01    0.237792094229419604E+01   -0.278919109241433773E+03
   -0.157711573575287245E+01    0.232987224742200816E+01    0.237613879079392021E+01   -0.278916714711365273E+03
   -0.157172430321319578E+01    0.232269491117667259E+01    0.236913621943128483E+01   -0.278910248953892733E+03
   -0.154813053174315418E+01    0.231776994230840883E+01    0.233640998046488946E+01   -0.278906779514191726E+03
   -0.154813053174315418E+01    0.231776994230840883E+01    0.233640998046488946E+01   -0.278906779514191726E+03
   -0.156433147994554345E+01    0.232709266160083672E+01    0.236102584569684026E+01   -0.278902507485949116E+03
   -0.155701913017279492E+01    0.234298364203941478E+01    0.234265931816185535E+01   -0.278901052098649927E+03
   -0.155701913017279492E+01    0.234298364203941478E+01    0.234265931816185535E+01   -0.278901052098649927E+03
   -0.155418157437131543E+01    0.234052145753102536E+01    0.233853101853638456E+01   -0.278899316116027308E+03
   -0.157343341989843100E+01    0.234510919422511055E+01    0.236600107805108451E+01   -0.278898673283135167E+03
   -0.156789671636377848E+01    0.234500231016563543E+01    0.235723781630218276E+01   -0.278897939888591566E+03
   -0.156789671636377848E+01    0.234500231016563543E+01    0.235723781630218276E+01   -0.278897939888591566E+03
   -0.155697498693226821E+01    0.231500767014077002E+01    0.234750319283829256E+01   -0.278896709152072447E+03
   -0.156052506654178602E+01    0.232783466147681528E+01    0.234777179188667517E+01   -0.278894814482808954E+03
   -0.156964013646268885E+01    0.232077289462078928E+01    0.236647635971866066E+01   -0.278894715648742022E+03
   -0.155476263343070786E+01    0.231402795544163364E+01    0.234517770918249546E+01   -0.278894167942255308E+03
   -0.154981280902531360E+01    0.232927872599429397E+01    0.233222913804538123E+01   -0.278893431109340042E+03
   -0.157259879748803222E+01    0.234472429791951820E+01    0.236460535897930413E+01   -0.278892450382769596E+03
   -0.157669435905123900E+01    0.233834538630911082E+01    0.237624667266721268E+01   -0.278891521158856278E+03
   -0.155661683421918950E+01    0.231805109756786676E+01    0.234503113897642734E+01   -0.278890639981129198E+03
   -0.155661683421918950E+01    0.231805109756786676E+01    0.234503113897642734E+01   -0.278890639981129198E+03
   -0.156647473273141058E+01    0.231850779806043006E+01    0.236187049629228696E+01   -0.278890328225468807E+03
   -0.157095450564067729E+01    0.234635366090333886E+01    0.236216946345312984E+01   -0.278889668033930491E+03
   -0.157095450564067729E+01    0.234635366090333886E+01    0.236216946345312984E+01   -0.278889668033930491E+03
   -0.156655184449040008E+01    0.232822944873543758E+01    0.235717387174862480E+01   -0.278886969067957807E+03
   -0.156784266888137802E+01    0.233015079474282993E+01    0.235876213426288572E+01   -0.278886695774164536E+03
   -0.156784266888137802E+01    0.233015079474282993E+01    0.235876213426288572E+01   -0.278886695774164536E+03
   -0.155992194521351624E+01    0.233604175568008543E+01    0.235239566028644020E+01   -0.278881923910335729E+03
   -0.155992194521351624E+01    0.233604175568008543E+01    0.235239566028644020E+01   -0.278881923910335729E+03
   -0.157268582023654013E+01    0.232516748516325755E+01    0.237195330064993648E+01   -0.278879362972381273E+03
   -0.157268582023654013E+01    0.232516748516325755E+01    0.237195330064993648E+01   -0.278879362972381273E+03
   -0.154948021003137537E+01    0.231469361410064645E+01    0.233764475998594889E+01   -0.278878852941244872E+03
   -0.156125412835835986E+01    0.234408768103603382E+01    0.235105430243949343E+01   -0.278867177169487604E+03
   -0.156125412835835986E+01    0.234408768103603382E+01    0.235105430243949343E+01   -0.278867177169487604E+03
   -0.155663795866578814E+01    0.231566722967395000E+01    0.234651732191008122E+01   -0.278862284853895460E+03
   -0.155663795866578814E+01    0.231566722967395000E+01    0.234651732191008122E+01   -0.278862284853895460E+03
   -0.156070228665382960E+01    0.234109869265261628E+01    0.235174976324928231E+01   -0.278859408146721762E+03
   -0.156545790709663324E+01    0.231906839785351560E+01    0.235929293163106024E+01   -0.278858480746650287E+03
   -0.156545790709663324E+01    0.231906839785351560E+01    0.235929293163106024E+01   -0.278858480746650287E+03
   -0.155338074574284790E+01    0.233915709584359144E+01    0.233943313179557855E+01   -0.278855726069335219E+03
   -0.155776116265578524E+01    0.234276130208286659E+01    0.234326528155446745E+01   -0.278855379133210931E+03
   -0.155776116265578524E+01    0.234276130208286659E+01    0.234326528155446745E+01   -0.278855379133210931E+03
   -0.155880506858739087E+01    0.233869236025155658E+01    0.234958638116196283E+01   -0.278851260043583522E+03
   -0.156548978742340461E+01    0.234336306596279575E+01    0.235359944920688235E+01   -0.278850460925870834E+03
   -0.156548978742340461E+01    0.234336306596279575E+01    0.235359944920688235E+01   -0.278850460925870834E+03
   -0.157653160063829456E+01    0.234255609245534036E+01    0.237146277614806955E+01   -0.278849702952764915E+03
   -0.156018947870984981E+01    0.231946956089613332E+01    0.235525167640142996E+01   -0.278849589625864951E+03
   -0.155490552776824753E+01    0.231802456798385581E+01    0.234732472926047819E+01   -0.278848447732859995E+03
   -0.157659260383075139E+01    0.234207412775282009E+01    0.237503077871294366E+01   -0.278847113683716032E+03
   -0.157659260383075139E+01    0.234207412775282009E+01    0.237503077871294366E+01   -0.278847113683716032E+03
   -0.155763180730363904E+01    0.231511821886222346E+01    0.235056954306798183E+01   -0.278844110340889756E+03
   -0.157923744849353431E+01    0.234044332651891374E+01    0.237772414368594376E+01   -0.278840450833833586E+03
   -0.157923744849353431E+01    0.234044332651891374E+01    0.237772414368594376E+01   -0.278840450833833586E+03
   -0.157371319871765714E+01    0.232741591782507884E+01    0.237331452853572600E+01   -0.278838447220615933E+03
   -0.154860329782865902E+01    0.232720605590622709E+01    0.233583532486274059E+01   -0.278838116869903104E+03
   -0.156878931351941109E+01    0.232064222683729993E+01    0.236479736857824463E+01   -0.278835012755667094E+03
   -0.154492087065444261E+01    0.232000131672124876E+01    0.232995717465289509E+01   -0.278827995915535723E+03
   -0.154492087065444261E+01    0.232000131672124876E+01    0.232995717465289509E+01   -0.278827995915535723E+03
   -0.155177899514978401E+01    0.233420535137479090E+01    0.233463234439081191E+01   -0.278819158366032639E+03
   -0.156812526932003826E+01    0.233733191681800534E+01    0.235793718487617809E+01   -0.278816244238690615E+03
   -0.155671873896847313E+01    0.232153585659334016E+01    0.234390296439822166E+01   -0.278815390942682768E+03
   -0.155671873896847313E+01    0.232153585659334016E+01    0.234390296439822166E+01   -0.278815390942682768E+03
   -0.156938155965507375E+01    0.233887427913271972E+01    0.236601701351583671E+01   -0.278814843191490468E+03
   -0.157443797326338775E+01    0.233411346314163470E+01    0.236907118206575618E+01   -0.278812816079968286E+03
   -0.157437514837658044E+01    0.232784460005086657E+01    0.237129031925135791E+01   -0.278811962637495981E+03
   -0.154675867393477851E+01    0.231676891312418043E+01    0.233266918406994250E+01   -0.278810171825877546E+03
   -0.156581969483837380E+01    0.234274387688756303E+01    0.235925867358342600E+01   -0.278808570059084616E+03
   -0.156581969483837380E+01    0.234274387688756303E+01    0.235925867358342600E+01   -0.278808570059084616E+03
   -0.157299368909795390E+01    0.232676107777995433E+01    0.236907484459095663E+01   -0.278807990220207330E+03
   -0.156743360818040856E+01    0.234725343750735771E+01    0.235763628867905339E+01   -0.278805700860382217E+03
   -0.156401018737854702E+01    0.232101996453369486E+01    0.235572368121990827E+01   -0.278804332961280693E+03
   -0.155382593406879410E+01    0.231661097614384914E+01    0.234172752002445250E+01   -0.278801671813581891E+03
   -0.155382593406879410E+01    0.231661097614384914E+01    0.234172752002445250E+01   -0.278801671813581891E+03
   -0.155418509887156553E+01    0.231746265557521269E+01    0.234180796259712309E+01   -0.278798426408255409E+03
   -0.156388894356226071E+01    0.232225989525785081E+01    0.235498227341139277E+01   -0.278797434833214595E+03
   -0.156896280528577359E+01    0.232704686664796556E+01    0.236736765086703471E+01   -0.278793240946661342E+03
   -0.156896280528577359E+01    0.232704686664796556E+01    0.236736765086703471E+01   -0.278793240946661342E+03
   -0.157248237493463705E+01    0.234668520223374388E+01    0.236507820445149441E+01   -0.278789131115348880E+03
   -0.156320041898691287E+01    0.231905968790406103E+01    0.235543217162522112E+01   -0.278787365542208988E+03
   -0.157251869710317771E+01    0.234375342467675107E+01    0.236466991137363536E+01   -0.278783209748947456E+03
   -0.155754472901109908E+01    0.233333467468247679E+01    0.234252198575586768E+01   -0.278778547397489945E+03
   -0.157089808362127892E+01    0.233455626037809783E+01    0.236912230367176413E+01   -0.278776562998804991E+03
   -0.157089808362127892E+01    0.233455626037809783E+01    0.236912230367176413E+01   -0.278776562998804991E+03
   -0.156979161524493138E+01    0.233666459010909877E+01    0.236711921003148973E+01   -0.278775530119725772E+03
   -0.156979161524493138E+01    0.233666459010909877E+01    0.236711921003148973E+01   -0.278775530119725772E+03
   -0.156369900471348799E+01    0.234187074729166733E+01    0.235104047560907148E+01   -0.278772680776479149E+03
   -0.156153233970845995E+01    0.232426295822151996E+01    0.235701598004543378E+01   -0.278770916002081492E+03
   -0.156073738405364315E+01    0.233476923607584874E+01    0.235391810494946618E+01   -0.278770535020639954E+03
   -0.155632880073066504E+01    0.231759968615468948E+01    0.234927924633259266E+01   -0.278769882660901999E+03
   -0.155509688639165411E+01    0.233980062166300185E+01    0.233949702969366768E+01   -0.278767009051536036E+03
   -0.155509688639165411E+01    0.233980062166300185E+01    0.233949702969366768E+01   -0.278767009051536036E+03
   -0.155824554307304308E+01    0.233669885595451454E+01    0.234327373991856369E+01   -0.278766894780009409E+03
   -0.155824554307304308E+01    0.233669885595451454E+01    0.234327373991856369E+01   -0.278766894780009409E+03
   -0.156362534674858367E+01    0.233174975767171588E+01    0.235186089696287581E+01   -0.278765477954808432E+03
   -0.156923944925964465E+01    0.232693412486924789E+01    0.236225507402130575E+01   -0.278764540569527583E+03
   -0.157639800124414542E+01    0.233084654220351029E+01    0.237427768765036973E+01   -0.278759183386141785E+03
   -0.155530103486151861E+01    0.233019090928014405E+01    0.234636502438121575E+01   -0.278759118132022252E+03
   -0.155585607020764094E+01    0.231479818150302652E+01    0.234696957697497410E+01   -0.278757743637946987E+03
   -0.156582455256558384E+01    0.234655793421229886E+01    0.235525925786097723E+01   -0.278756268126601242E+03
   -0.157030026282985369E+01    0.233801270608370748E+01    0.236142796235285957E+01   -0.278755383589542248E+03
   -0.157030026282985369E+01    0.233801270608370748E+01    0.236142796235285957E+01   -0.278755383589542248E+03
   -0.155914946701541357E+01    0.233695659186502125E+01    0.235064767742638026E+01   -0.278748985263930763E+03
   -0.155210893809150052E+01    0.232420513576199683E+01    0.234232290539945609E+01   -0.278747740112813233E+03
   -0.157526142824418391E+01    0.233508851827627995E+01    0.237045648625180050E+01   -0.278746504531319601E+03
   -0.155501835126381582E+01    0.233886987251617695E+01    0.234260286741062274E+01   -0.278746107613246636E+03
   -0.156248415252910222E+01    0.234361245299464782E+01    0.235320711168297514E+01   -0.278745696900060352E+03
   -0.156248415252910222E+01    0.234361245299464782E+01    0.235320711168297514E+01   -0.278745696900060352E+03
   -0.155268463786020838E+01    0.232323059832373513E+01    0.233756258162662078E+01   -0.278742982400216476E+03
   -0.157616778333018348E+01    0.233181569673223033E+01    0.237330521877242973E+01   -0.278741349557750766E+03
   -0.157616778333018348E+01    0.233181569673223033E+01    0.237330521877242973E+01   -0.278741349557750766E+03
   -0.157436374505598797E+01    0.232846940047850204E+01    0.237117114479518776E+01   -0.278736698872272029E+03
   -0.157285462171529300E+01    0.232752867232448324E+01    0.237212394361851153E+01   -0.278736588346022643E+03
   -0.157285462171529300E+01    0.232752867232448324E+01    0.237212394361851153E+01   -0.278736588346022643E+03
   -0.155258732139034095E+01    0.232131649485391200E+01    0.234341830102312798E+01   -0.278734686079902076E+03
   -0.157320693883760532E+01    0.234372304902354367E+01    0.236593377360352974E+01   -0.278733794071851207E+03
   -0.157320693883760532E+01    0.234372304902354367E+01    0.236593377360352974E+01   -0.278733794071851207E+03
   -0.156431117543536513E+01    0.232851866471456237E+01    0.235370976996565062E+01   -0.278731294104094388E+03
   -0.155960786916561234E+01    0.231605293736393447E+01    0.235182027990698472E+01   -0.278722808159254896E+03
   -0.157250883820757403E+01    0.232556382804066786E+01    0.236910920952275816E+01   -0.278721523118255732E+03
   -0.156026178946177874E+01    0.231848110010067066E+01    0.235096641745358426E+01   -0.278721242913568176E+03
   -0.156026178946177874E+01    0.231848110010067066E+01    0.235096641745358426E+01   -0.278721242913568176E+03
   -0.155591358268959579E+01    0.231762557994339513E+01    0.234452586413372899E+01   -0.278717399725705491E+03
   -0.154557284523936911E+01    0.232049087759037187E+01    0.233084343456778598E+01   -0.278716390539698295E+03
   -0.156812535406249465E+01    0.232105424594994725E+01    0.236537547481010435E+01   -0.278712458786830780E+03
   -0.155997956320390507E+01    0.232028884213978870E+01    0.234962347347268619E+01   -0.278712151992940676E+03
   -0.157747737025805801E+01    0.234069105844311975E+01    0.237383812818186435E+01   -0.278711648901975536E+03
   -0.157747737025805801E+01    0.234069105844311975E+01    0.237383812818186435E+01   -0.278711648901975536E+03
   -0.156896020208990117E+01    0.234623787646684079E+01    0.235962800043932930E+01   -0.278711537194970902E+03
   -0.157316552646621433E+01    0.234386539220944812E+01    0.236593183946329688E+01   -0.278710463890033452E+03
   -0.155795215171634926E+01    0.234238000900417020E+01    0.234551514867360744E+01   -0.278709034822337003E+03
   -0.155795215171634926E+01    0.234238000900417020E+01    0.234551514867360744E+01   -0.278709034822337003E+03
   -0.155950221639349396E+01    0.234248034145068607E+01    0.234852925762695008E+01   -0.278708859112307266E+03
   -0.154737502833109208E+01    0.231795073137195740E+01    0.233263721693176507E+01   -0.278708280363978190E+03
   -0.154724248193775948E+01    0.232011632007690372E+01    0.233426520858640885E+01   -0.278706912662342916E+03
   -0.154552664708852072E+01    0.232692376269126200E+01    0.232864466739706444E+01   -0.278706323545836767E+03
   -0.154552664708852072E+01    0.232692376269126200E+01    0.232864466739706444E+01   -0.278706323545836767E+03
   -0.155223367790945899E+01    0.233529457257266548E+01    0.233919326639100156E+01   -0.278703377460465902E+03
   -0.155703918234913430E+01    0.233988588761900917E+01    0.234193953779234221E+01   -0.278703189180554659E+03
   -0.155703918234913430E+01    0.233988588761900917E+01    0.234193953779234221E+01   -0.278703189180554659E+03
   -0.157516320778566965E+01    0.233902661800425538E+01    0.236963385499821655E+01   -0.278700590376513901E+03
   -0.154680813987174548E+01    0.232658052266990856E+01    0.233227570588472588E+01   -0.278696958326603863E+03
   -0.155124487952130208E+01    0.232788236910722812E+01    0.233463590321518133E+01   -0.278693847741027071E+03
   -0.156471797755925213E+01    0.232163768546699201E+01    0.236140379714666615E+01   -0.278693600521134385E+03
   -0.156471797755925213E+01    0.232163768546699201E+01    0.236140379714666615E+01   -0.278693600521134385E+03
   -0.156673850290488703E+01    0.234669509028874490E+01    0.235710559235814010E+01   -0.278691682500537866E+03
   -0.157627960118515720E+01    0.233553288015260208E+01    0.237570423122184238E+01   -0.278683694360713957E+03
   -0.157627960118515720E+01    0.233553288015260208E+01    0.237570423122184238E+01   -0.278683694360713957E+03
   -0.155809517035141609E+01    0.234267737606921678E+01    0.234512329912208095E+01   -0.278682478993641837E+03
   -0.155334513269566221E+01    0.233867671956545298E+01    0.233887493178888306E+01   -0.278680781795130258E+03
   -0.156263892943764704E+01    0.233421045813723271E+01    0.235691433670263351E+01   -0.278680580623817946E+03
   -0.156232821156000856E+01    0.232363852685020733E+01    0.235807682242656114E+01   -0.278680357181525380E+03
   -0.156232821156000856E+01    0.232363852685020733E+01    0.235807682242656114E+01   -0.278680357181525380E+03
   -0.156654059234453769E+01    0.232142867421306276E+01    0.236367624557528799E+01   -0.278679179484084045E+03
   -0.154703155662976766E+01    0.232375429520348664E+01    0.233337759982621051E+01   -0.278677666575806882E+03
   -0.156188801790206444E+01    0.231857553127832849E+01    0.235376148795657159E+01   -0.278677017977693595E+03
   -0.155383710973064648E+01    0.232227725234846538E+01    0.233960895060639018E+01   -0.278675792139290422E+03
   -0.157357490961439561E+01    0.234388300657691984E+01    0.236673541265638931E+01   -0.278672814168858565E+03
   -0.155086712890656542E+01    0.233119889026384319E+01    0.233384758225144040E+01   -0.278668002043008642E+03
   -0.155086712890656542E+01    0.233119889026384319E+01    0.233384758225144040E+01   -0.278668002043008642E+03
   -0.155534419219684339E+01    0.231527045404318654E+01    0.234603386056987873E+01   -0.278663951996790161E+03
   -0.155936156292443706E+01    0.231865111436071025E+01    0.235359469394703424E+01   -0.278657864456056700E+03
   -0.155936156292443706E+01    0.231865111436071025E+01    0.235359469394703424E+01   -0.278657864456056700E+03
   -0.155458376466941983E+01    0.231563747062807179E+01    0.234568595440364724E+01   -0.278656365623817805E+03
   -0.155458376466941983E+01    0.231563747062807179E+01    0.234568595440364724E+01   -0.278656365623817805E+03
   -0.154942755832249146E+01    0.233050668070054146E+01    0.233217743859422555E+01   -0.278654548370334680E+03
   -0.157429363831579749E+01    0.232784710885740198E+01    0.237314983504285593E+01   -0.278654246059585034E+03
   -0.157594522564750439E+01    0.234283966740686100E+01    0.237102089120451964E+01   -0.278652053895991912E+03
   -0.157594522564750439E+01    0.234283966740686100E+01    0.237102089120451964E+01   -0.278652053895991912E+03
   -0.155314330645180743E+01    0.233522787200374449E+01    0.233671333939368964E+01   -0.278651814044667503E+03
   -0.154732336439737961E+01    0.231782448740934832E+01    0.233341792654419677E+01   -0.278650557283497676E+03
   -0.156134740657758608E+01    0.232123732359434287E+01    0.235152638844392037E+01   -0.278646828814914727E+03
   -0.156134740657758608E+01    0.232123732359434287E+01    0.235152638844392037E+01   -0.278646828814914727E+03
   -0.156680400117035790E+01    0.232085672037891522E+01    0.236370001993470780E+01   -0.278645715978618796E+03
   -0.156680400117035790E+01    0.232085672037891522E+01    0.236370001993470780E+01   -0.278645715978618796E+03
   -0.157622798146119258E+01    0.234393165748234633E+01    0.237289164939360830E+01   -0.278643055632897756E+03
   -0.157387136901341917E+01    0.234569064431250718E+01    0.236905526082663087E+01   -0.278640562274767944E+03
   -0.157141464094063754E+01    0.234520908494566216E+01    0.236343153133212702E+01   -0.278635158845183014E+03
   -0.157491444624466626E+01    0.234473756196642347E+01    0.237100698088297790E+01   -0.278634539618110637E+03
   -0.157491444624466626E+01    0.234473756196642347E+01    0.237100698088297790E+01   -0.278634539618110637E+03
   -0.154662574386925789E+01    0.231892720532041441E+01    0.233222658720078790E+01   -0.278633856965897280E+03
   -0.155365819300323760E+01    0.232243657391652691E+01    0.234487366851410961E+01   -0.278631143506147509E+03
   -0.155365819300323760E+01    0.232243657391652691E+01    0.234487366851410961E+01   -0.278631143506147509E+03
   -0.156864819879263795E+01    0.234022440780732310E+01    0.236422506934098209E+01   -0.278626904354930844E+03
   -0.155637939564347150E+01    0.232037380525707349E+01    0.234923194976087046E+01   -0.278626691652161526E+03
   -0.154840628104850309E+01    0.232237447560284993E+01    0.233600933101052277E+01   -0.278626539423371128E+03
   -0.154840628104850309E+01    0.232237447560284993E+01    0.233600933101052277E+01   -0.278626539423371128E+03
   -0.155116112374357606E+01    0.231708899683922409E+01    0.233814975363397082E+01   -0.278625391858389150E+03
   -0.155549500926950568E+01    0.233270687881341443E+01    0.233993131753930328E+01   -0.278623818810411933E+03
   -0.155628441169827214E+01    0.233861807509794639E+01    0.234099962129406158E+01   -0.278621024477135620E+03
   -0.156229223530721306E+01    0.234463112402930252E+01    0.235047004004702309E+01   -0.278615552713937518E+03
   -0.157464332241528071E+01    0.232839840986490421E+01    0.237283373534495290E+01   -0.278609429174147181E+03
   -0.157004250960058145E+01    0.233935308225216598E+01    0.236650413624552236E+01   -0.278606249171780860E+03
   -0.155283760526578529E+01    0.232854420985729060E+01    0.234243931935159111E+01   -0.278603068646573547E+03
   -0.155283760526578529E+01    0.232854420985729060E+01    0.234243931935159111E+01   -0.278603068646573547E+03
   -0.155240162059066877E+01    0.231950015047571156E+01    0.234291442847191789E+01   -0.278598873351022462E+03
   -0.154803271624636252E+01    0.232250704909758232E+01    0.233523692997485455E+01   -0.278598370193578489E+03
   -0.156016073244521269E+01    0.234188356621214977E+01    0.234656559225850714E+01   -0.278597706070845447E+03
   -0.156837883821061341E+01    0.233104001214881240E+01    0.236589185895511278E+01   -0.278595852637628013E+03
   -0.156516993705884677E+01    0.232028808993925573E+01    0.235868987351117099E+01   -0.278595840564783998E+03
   -0.155357042905377440E+01    0.232767108002590817E+01    0.234384683736326593E+01   -0.278590812396376975E+03
   -0.157656163980712449E+01    0.234181330110579200E+01    0.237248597588702737E+01   -0.278589316284165136E+03
   -0.155603256222396324E+01    0.232577912929686770E+01    0.234817801026067130E+01   -0.278587010959652218E+03
   -0.156458700738458800E+01    0.232146910986270205E+01    0.236097171961510455E+01   -0.278584212602359685E+03
   -0.157402598920430425E+01    0.232786205841739990E+01    0.237253657904212822E+01   -0.278583219547342651E+03
   -0.157348671625052283E+01    0.232722172396833793E+01    0.237196980517874856E+01   -0.278580533911672376E+03
   -0.157630527087815353E+01    0.233341661168196124E+01    0.237357228343870119E+01   -0.278578694822593945E+03
   -0.155784627665754805E+01    0.232491568944009908E+01    0.235111826427610993E+01   -0.278578440404189735E+03
   -0.155056773033772410E+01    0.231728517737878059E+01    0.233745342011245860E+01   -0.278571669616825432E+03
   -0.155939064052859733E+01    0.233952605470985864E+01    0.234969363735530479E+01   -0.278569239028290156E+03
   -0.155200549917410591E+01    0.231609898719030438E+01    0.234059695724008776E+01   -0.278567060851190604E+03
   -0.155134730918333097E+01    0.233520657874377813E+01    0.233696107286588450E+01   -0.278563666143150328E+03
   -0.155769228428374995E+01    0.233986568307791609E+01    0.234649375101859547E+01   -0.278562110352287561E+03
   -0.157060158586200949E+01    0.233616549026757303E+01    0.236250698731226905E+01   -0.278559378955950308E+03
   -0.157717948361626625E+01    0.233856447314403226E+01    0.237417043063351585E+01   -0.278555104395835997E+03
   -0.155956982872434624E+01    0.234106982087865445E+01    0.234574297411321098E+01   -0.278554048828176008E+03
   -0.156441932905405712E+01    0.234395915175566394E+01    0.235574060080284475E+01   -0.278553928043516862E+03
   -0.154723286182771780E+01    0.232074557003324733E+01    0.233363457890274084E+01   -0.278550197355979265E+03
   -0.157432324278745939E+01    0.233418825525660845E+01    0.236941056718071152E+01   -0.278549367242033213E+03
   -0.157694413958312940E+01    0.234107868142747000E+01    0.237361486275519340E+01   -0.278548499552483008E+03
   -0.154930139035598802E+01    0.232627369810124041E+01    0.233672302917281094E+01   -0.278548397084550231E+03
   -0.156373468099561097E+01    0.234488364659746518E+01    0.235273274377909303E+01   -0.278543295473320086E+03
   -0.155155359941222426E+01    0.232816118087200108E+01    0.234023160534583319E+01   -0.278542984700827446E+03
   -0.157400785395744736E+01    0.233004575846466144E+01    0.237300058117623003E+01   -0.278542617752979993E+03
   -0.157581555007641105E+01    0.233616034420282004E+01    0.237180265618713904E+01   -0.278536572495138216E+03
   -0.156972465680573192E+01    0.232536679842478833E+01    0.236777637663765006E+01   -0.278536365927550776E+03
   -0.156972465680573192E+01    0.232536679842478833E+01    0.236777637663765006E+01   -0.278536365927550776E+03
   -0.156675737716909635E+01    0.232355270939651959E+01    0.236390836188106945E+01   -0.278532452273058652E+03
   -0.155171366828947765E+01    0.232831687350459093E+01    0.234044082627773875E+01   -0.278528041711739093E+03
   -0.155801100170867901E+01    0.233391150099243117E+01    0.234941856513698255E+01   -0.278518158566186230E+03
   -0.155863940063814121E+01    0.233946118190184782E+01    0.234436334874597208E+01   -0.278516566693011271E+03
   -0.156881002537601244E+01    0.234594526496293554E+01    0.236085933697299133E+01   -0.278516101154222270E+03
   -0.155615017449936621E+01    0.232705289609246124E+01    0.234804614445479487E+01   -0.278514502079115118E+03
   -0.155779145924358442E+01    0.231843752099276346E+01    0.235093907142807801E+01   -0.278512914556968269E+03
   -0.157075102803826727E+01    0.234454145569932004E+01    0.236262736095264714E+01   -0.278509682760655778E+03
   -0.156555078231565536E+01    0.233149753991310815E+01    0.235529269249013673E+01   -0.278505511774575439E+03
   -0.156615231445456704E+01    0.232698148702004559E+01    0.236304797391561294E+01   -0.278504618208534282E+03
   -0.156615231445456704E+01    0.232698148702004559E+01    0.236304797391561294E+01   -0.278504618208534282E+03
   -0.156431588473401462E+01    0.234432289168395247E+01    0.235505963157655174E+01   -0.278501763242790275E+03
   -0.154743780579046986E+01    0.232109041365716395E+01    0.233382332058687858E+01   -0.278499709609609397E+03
   -0.156393556013303447E+01    0.232130612422934579E+01    0.235611447617124092E+01   -0.278499535445336846E+03
   -0.156048439939532724E+01    0.234054299564086055E+01    0.235090718847092539E+01   -0.278499424222055495E+03
   -0.155879395930142040E+01    0.233012452325211772E+01    0.235161484691179190E+01   -0.278497767003839044E+03
   -0.155879395930142040E+01    0.233012452325211772E+01    0.235161484691179190E+01   -0.278497767003839044E+03
   -0.155089521763509541E+01    0.233047577753384827E+01    0.233429853403816168E+01   -0.278496422668412265E+03
   -0.154988519204574660E+01    0.231946209812260884E+01    0.233558711845945055E+01   -0.278492416836453117E+03
   -0.154988519204574660E+01    0.231946209812260884E+01    0.233558711845945055E+01   -0.278492416836453117E+03
   -0.156860243038786651E+01    0.233703287489866041E+01    0.236487093194990017E+01   -0.278492399753335349E+03
   -0.154897265890310720E+01    0.233190271152507211E+01    0.233334479337622902E+01   -0.278491597720132575E+03
   -0.157617025944067235E+01    0.233318146698211226E+01    0.237397986929843086E+01   -0.278490699447700649E+03
   -0.155317339123556519E+01    0.231863763282900903E+01    0.234047944300233723E+01   -0.278490162711597634E+03
   -0.156198129050806056E+01    0.231817073365442594E+01    0.235511147127662923E+01   -0.278488781103320605E+03
   -0.155713565023213452E+01    0.233840687147455162E+01    0.234236366387721873E+01   -0.278488532455305005E+03
   -0.156906183815052147E+01    0.234039461250795444E+01    0.235969511597078352E+01   -0.278487476887346077E+03
   -0.155413925155419119E+01    0.231642483923229570E+01    0.234370532917689189E+01   -0.278483502266892060E+03
   -0.154707531201191451E+01    0.232677482127982449E+01    0.233183074256124812E+01   -0.278482667397230784E+03
   -0.156165578340952149E+01    0.232991986179670985E+01    0.235606305930572013E+01   -0.278482242736890441E+03
   -0.155633702330274515E+01    0.231927330828208067E+01    0.234487249742672255E+01   -0.278481439965999073E+03
   -0.155633702330274515E+01    0.231927330828208067E+01    0.234487249742672255E+01   -0.278481439965999073E+03
   -0.154923045106290425E+01    0.232755574256539699E+01    0.233258451745144590E+01   -0.278479639903890529E+03
   -0.156099265641558138E+01    0.231916177256325851E+01    0.235548417904338514E+01   -0.278478079320493578E+03
   -0.157520010210922989E+01    0.233461326724216223E+01    0.237119398959141314E+01   -0.278472985641683067E+03
   -0.155559292140053462E+01    0.231842245299791339E+01    0.234421975999735466E+01   -0.278471966289175100E+03
   -0.155559292140053462E+01    0.231842245299791339E+01    0.234421975999735466E+01   -0.278471966289175100E+03
   -0.155206881953990639E+01    0.233569954032163363E+01    0.233632223867190447E+01   -0.278471667315760328E+03
   -0.155479442049218153E+01    0.233886197992314360E+01    0.234046077267574759E+01   -0.278469931620654222E+03
   -0.156056662603827156E+01    0.231761924696312782E+01    0.235325705720470424E+01   -0.278467421637382699E+03
   -0.157228623050872063E+01    0.232881376669148699E+01    0.236766067571266881E+01   -0.278466579521504002E+03
   -0.155125476913054028E+01    0.232398226640859518E+01    0.233588210518371753E+01   -0.278465024337862133E+03
   -0.156151721283986156E+01    0.233210283233453186E+01    0.235537772997187744E+01   -0.278462514272671569E+03
   -0.155151369565920971E+01    0.231859594350383125E+01    0.233828822193152597E+01   -0.278458400543380606E+03
   -0.155934876186226901E+01    0.231857580605092428E+01    0.235301365200974821E+01   -0.278455891171522353E+03
   -0.157072644394136218E+01    0.234226796692144035E+01    0.236614833488220810E+01   -0.278452791590208051E+03
   -0.157326405567286121E+01    0.234461666943199143E+01    0.236791884683906595E+01   -0.278452184729800422E+03
   -0.156450477966580359E+01    0.232033524598836483E+01    0.236018366420172399E+01   -0.278451144472238639E+03
   -0.157335273912171769E+01    0.234252294226327340E+01    0.236961207654932338E+01   -0.278449515531739451E+03
   -0.154796014483463651E+01    0.232089273257237094E+01    0.233461083468819375E+01   -0.278441771706247266E+03
   -0.156687559265056242E+01    0.233304832603486956E+01    0.236317566459284834E+01   -0.278439316969212996E+03
   -0.156687559265056242E+01    0.233304832603486956E+01    0.236317566459284834E+01   -0.278439316969212996E+03
   -0.156798361335661940E+01    0.234221700132679622E+01    0.235813323734754121E+01   -0.278437825584114023E+03
   -0.156129850236368428E+01    0.233365338541607414E+01    0.234846636142562204E+01   -0.278436994151413330E+03
   -0.156019623517104522E+01    0.232682241418810154E+01    0.235425756801996577E+01   -0.278432241976375337E+03
   -0.156019623517104522E+01    0.232682241418810154E+01    0.235425756801996577E+01   -0.278432241976375337E+03
   -0.156873236744414735E+01    0.232641059365443015E+01    0.236223042731734978E+01   -0.278430071807433592E+03
   -0.155149904384896420E+01    0.233505385091794304E+01    0.233648067216203614E+01   -0.278429963676252953E+03
   -0.155288017258735178E+01    0.232845853505216027E+01    0.234222197444604419E+01   -0.278427477752057996E+03
   -0.155158636607074607E+01    0.232785970018659238E+01    0.234012535056355375E+01   -0.278421771104193112E+03
   -0.157628185711045776E+01    0.233674687381364521E+01    0.237322050529397366E+01   -0.278417373763844466E+03
   -0.157430518666379049E+01    0.233287744900288718E+01    0.237014620689071087E+01   -0.278417071252467281E+03
   -0.156764771740333053E+01    0.233072497420986302E+01    0.236461852636377934E+01   -0.278415190856244351E+03
   -0.155965005972176352E+01    0.232248114753227597E+01    0.234874574859495056E+01   -0.278414250931785773E+03
   -0.156314320644107418E+01    0.232855399221426307E+01    0.235840713317657347E+01   -0.278410771126447003E+03
   -0.156923156110462436E+01    0.234455213835775211E+01    0.236253075073436136E+01   -0.278409996191174685E+03
   -0.156301039414806908E+01    0.234132531818027445E+01    0.235078408284731744E+01   -0.278407109306485893E+03
   -0.157311304971841870E+01    0.233583903289862693E+01    0.236716742979693251E+01   -0.278406287203612749E+03
   -0.157311304971841870E+01    0.233583903289862693E+01    0.236716742979693251E+01   -0.278406287203612749E+03
   -0.157494487632023961E+01    0.234013787946312224E+01    0.237233860965546661E+01   -0.278405838724966372E+03
   -0.156346032926211365E+01    0.232003399029193114E+01    0.235641835244747355E+01   -0.278402002071274637E+03
   -0.155617706730614125E+01    0.233603165276686120E+01    0.234534514739084443E+01   -0.278401775186013765E+03
   -0.156106214124248011E+01    0.233209747514291310E+01    0.235458233337940648E+01   -0.278401070849189637E+03
   -0.154940935838895744E+01    0.232040102544845128E+01    0.233488910464357424E+01   -0.278400076202944149E+03
   -0.156222309443193663E+01    0.233305456301560010E+01    0.235615250920123920E+01   -0.278399924103292335E+03
   -0.157180022171638312E+01    0.234324503158993691E+01    0.236449981571722034E+01   -0.278399428020649793E+03
   -0.156291089594960497E+01    0.231999118429209883E+01    0.235545084367335633E+01   -0.278399340640541311E+03
   -0.155098650312810871E+01    0.233247320684379966E+01    0.233729791562169709E+01   -0.278398030219270879E+03
   -0.157524072917225899E+01    0.233921384245636377E+01    0.237292273747639548E+01   -0.278397522941334387E+03
   -0.157467197215136534E+01    0.233673286138405034E+01    0.236990621230943610E+01   -0.278392221554069351E+03
   -0.156809501437457710E+01    0.234426762774722475E+01    0.236093765816307766E+01   -0.278392210462541186E+03
   -0.156566445896474460E+01    0.234449240588648777E+01    0.235663084291343417E+01   -0.278391410650387343E+03
   -0.155017521708924044E+01    0.232308374784074845E+01    0.233488508169394038E+01   -0.278390304779693338E+03
   -0.154988115796032755E+01    0.231916287815228683E+01    0.233622153045445202E+01   -0.278382277883534357E+03
   -0.154988115796032755E+01    0.231916287815228683E+01    0.233622153045445202E+01   -0.278382277883534357E+03
   -0.157491935339710798E+01    0.234156166998174697E+01    0.237013683487767146E+01   -0.278379693188629290E+03
   -0.156985555106275698E+01    0.232420374749272840E+01    0.236663524605940978E+01   -0.278377738937691277E+03
   -0.155086886535088508E+01    0.232282345013165692E+01    0.233590162680795643E+01   -0.278374976340587807E+03
   -0.155951259374903084E+01    0.234014671775142258E+01    0.234598259382805807E+01   -0.278374785662349211E+03
   -0.155790931062214288E+01    0.232243915910730792E+01    0.234614243346083562E+01   -0.278374149861826822E+03
   -0.156755162561285033E+01    0.232551788620528077E+01    0.236066056562877868E+01   -0.278371298318807419E+03
   -0.155908703413088157E+01    0.232396911432251096E+01    0.235276135430304301E+01   -0.278368938548557821E+03
   -0.156287185105899384E+01    0.234288460554865541E+01    0.235315085784815459E+01   -0.278367248122406863E+03
   -0.156360358004758626E+01    0.234384823135042142E+01    0.235305947433345963E+01   -0.278365869760696057E+03
   -0.154943111267054601E+01    0.231935332228584334E+01    0.233574118158937871E+01   -0.278364720249523145E+03
   -0.154741776971437295E+01    0.232432838578406376E+01    0.233178054242466182E+01   -0.278364189193030654E+03
   -0.156774744388529919E+01    0.234449200838164540E+01    0.236001922631593963E+01   -0.278362625744403317E+03
   -0.157314293790365056E+01    0.233699458384172010E+01    0.237087893641417580E+01   -0.278362033267498418E+03
   -0.157107928511779593E+01    0.232580470270194484E+01    0.236844016181787609E+01   -0.278361494004724420E+03
   -0.156777597162770488E+01    0.234442170491497270E+01    0.235862964599684233E+01   -0.278357749464607764E+03
   -0.157217680526415782E+01    0.233900957904736106E+01    0.236908965896013868E+01   -0.278357528261760535E+03
   -0.156141697413637703E+01    0.232011488395570620E+01    0.235289313285791657E+01   -0.278355321503183404E+03
   -0.155502227019852168E+01    0.232441467278426650E+01    0.234636731002855647E+01   -0.278353762460910275E+03
   -0.156316179861683002E+01    0.231937015661984969E+01    0.235721534899213125E+01   -0.278351264072449567E+03
   -0.154920104333191944E+01    0.232446410314533392E+01    0.233343926073937347E+01   -0.278350870068532288E+03
   -0.155965425314930428E+01    0.231875891100856446E+01    0.235310112746190292E+01   -0.278349207082837495E+03
   -0.155965425314930428E+01    0.231875891100856446E+01    0.235310112746190292E+01   -0.278349207082837495E+03
   -0.155295539564660068E+01    0.233532559376561943E+01    0.233745944083818280E+01   -0.278349099305534764E+03
   -0.156426661177815518E+01    0.232653125360864488E+01    0.236015210997561198E+01   -0.278348510208442008E+03
   -0.155009505313731188E+01    0.232467876422441444E+01    0.233447603135063630E+01   -0.278347474557672342E+03
   -0.156694898867407306E+01    0.232990058006170164E+01    0.235818863671867263E+01   -0.278346880604696480E+03
   -0.156669649335096106E+01    0.232200225776056923E+01    0.236134284410635154E+01   -0.278345528837631718E+03
   -0.155748791282620580E+01    0.233386638608732788E+01    0.234309333942153941E+01   -0.278336959514725152E+03
   -0.155748791282620580E+01    0.233386638608732788E+01    0.234309333942153941E+01   -0.278336959514725152E+03
   -0.155760898612532950E+01    0.231764700867918760E+01    0.234867172618852216E+01   -0.278335975684139498E+03
   -0.155760898612532950E+01    0.231764700867918760E+01    0.234867172618852216E+01   -0.278335975684139498E+03
   -0.154938138735085040E+01    0.233089502347856437E+01    0.233412641186251690E+01   -0.278333514188435288E+03
   -0.155216666004005410E+01    0.231941651107913094E+01    0.233914675444568942E+01   -0.278332895718352916E+03
   -0.156092918910817846E+01    0.233585940618092813E+01    0.234786619835710475E+01   -0.278332828146489760E+03
   -0.156092918910817846E+01    0.233585940618092813E+01    0.234786619835710475E+01   -0.278332828146489760E+03
   -0.156381243373034007E+01    0.232442670249467742E+01    0.235483735395599325E+01   -0.278331534782429117E+03
   -0.155070186321669445E+01    0.232964329090573230E+01    0.233454524703754629E+01   -0.278329830956749333E+03
   -0.157582721012720262E+01    0.233558213402570836E+01    0.237337791920544916E+01   -0.278329660889200966E+03
   -0.156168789901600946E+01    0.234251071943989686E+01    0.235104126287153115E+01   -0.278329210125585917E+03
   -0.157415128424007311E+01    0.233316511066354115E+01    0.237248885140754240E+01   -0.278329009724232435E+03
   -0.155883428056963624E+01    0.233772671692765899E+01    0.234904410784695195E+01   -0.278326652423225710E+03
   -0.157120356821676443E+01    0.232637676723554110E+01    0.236863595370487090E+01   -0.278324171977072751E+03
   -0.156657433268699209E+01    0.233411770704788912E+01    0.235670087112864834E+01   -0.278323673387045289E+03
   -0.157544206991394775E+01    0.233742211769488906E+01    0.237320065264345814E+01   -0.278321107216001167E+03
   -0.156449333622706632E+01    0.233181869437145517E+01    0.235972504199730793E+01   -0.278317436327388862E+03
   -0.156720017483063723E+01    0.233136961129871478E+01    0.236372249261950174E+01   -0.278312806403379341E+03
   -0.157418179078724862E+01    0.234098591326668171E+01    0.236891876477962882E+01   -0.278311141255544726E+03
   -0.155613203125837463E+01    0.232812129267536694E+01    0.234748682955336463E+01   -0.278310701786325467E+03
   -0.155671667958437432E+01    0.233887372706648256E+01    0.234261486425938159E+01   -0.278309444202719305E+03
   -0.155671667958437432E+01    0.233887372706648256E+01    0.234261486425938159E+01   -0.278309444202719305E+03
   -0.154973087504671070E+01    0.231947840500058966E+01    0.233708501979729810E+01   -0.278307459040419417E+03
   -0.156058911298592684E+01    0.233885531663823709E+01    0.235146104505932030E+01   -0.278304186698197441E+03
   -0.156281649555809876E+01    0.234176563193568343E+01    0.235090125158254537E+01   -0.278304058883363155E+03
   -0.157437182910101781E+01    0.233997700810517806E+01    0.237134018296154281E+01   -0.278303734591384512E+03
   -0.156265612323388270E+01    0.234300085179254935E+01    0.235210692935510401E+01   -0.278303160292994335E+03
   -0.154778269578590066E+01    0.232362011443790983E+01    0.233276005589134705E+01   -0.278302015936318014E+03
   -0.154778269578590066E+01    0.232362011443790983E+01    0.233276005589134705E+01   -0.278302015936318014E+03
   -0.155157439178145928E+01    0.232725813199108655E+01    0.233595336013356913E+01   -0.278301122898026961E+03
   -0.155140673146310171E+01    0.233148580944913464E+01    0.233542515358546154E+01   -0.278300509389582999E+03
   -0.156757764428515367E+01    0.232801607768678442E+01    0.235989677725697788E+01   -0.278299386168814181E+03
   -0.155049714606808697E+01    0.232131529030081474E+01    0.233618887312952950E+01   -0.278295824654863225E+03
   -0.156938012222651668E+01    0.232593341111066509E+01    0.236673900911240587E+01   -0.278294146231155878E+03
   -0.156071313565832837E+01    0.233017592496384385E+01    0.234838913560529328E+01   -0.278293201950007642E+03
   -0.157070143429373155E+01    0.232588882578190237E+01    0.236706879874605747E+01   -0.278289048070799765E+03
   -0.157191555689937790E+01    0.234324091475838525E+01    0.236663777316000079E+01   -0.278288020104670409E+03
   -0.154945164789316170E+01    0.232073466766034331E+01    0.233676586569953670E+01   -0.278279099158339875E+03
   -0.155195082947889151E+01    0.233092151520161206E+01    0.233612369422432131E+01   -0.278273172782174527E+03
   -0.155195082947889151E+01    0.233092151520161206E+01    0.233612369422432131E+01   -0.278273172782174527E+03
   -0.156551305588760270E+01    0.232956585850776099E+01    0.236150037515676203E+01   -0.278272472145002098E+03
   -0.156019571650828315E+01    0.233990566591542226E+01    0.235014685405469770E+01   -0.278272051882688231E+03
   -0.156146589229532262E+01    0.233694231646388229E+01    0.235360806349139651E+01   -0.278269935347610954E+03
   -0.156297746017862282E+01    0.231980138632154897E+01    0.235685096020588958E+01   -0.278267235628002652E+03
   -0.155091481116293695E+01    0.232011384391988074E+01    0.233740572871149155E+01   -0.278266525234667768E+03
   -0.155006372307670137E+01    0.231978563409543925E+01    0.233674062319648712E+01   -0.278266283214996747E+03
   -0.155104959671744491E+01    0.232336370187217867E+01    0.233966610289796151E+01   -0.278265591533570728E+03
   -0.155126964598543160E+01    0.231871187865839801E+01    0.233934811040177593E+01   -0.278265578862552502E+03
   -0.156576044184094454E+01    0.234374602884087668E+01    0.235680818092012601E+01   -0.278265010776987765E+03
   -0.156620937843265162E+01    0.234316562613043144E+01    0.235821739135688269E+01   -0.278262229505274036E+03
   -0.156730531011137320E+01    0.234143196687803634E+01    0.235747130810755223E+01   -0.278261369372492595E+03
   -0.155382604778763245E+01    0.233275146108305975E+01    0.233843133885279286E+01   -0.278255230596574108E+03
   -0.155560086824337596E+01    0.231785589320616703E+01    0.234598300639836843E+01   -0.278255043927987970E+03
   -0.155288864145348660E+01    0.233166307899755454E+01    0.233729628504052478E+01   -0.278251576090129333E+03
   -0.157373416244895648E+01    0.233698698998032928E+01    0.236852877398072259E+01   -0.278251267859673248E+03
   -0.157126599772560849E+01    0.234232508574420351E+01    0.236400956192305323E+01   -0.278248470004405476E+03
   -0.156820792294245992E+01    0.234258158186566545E+01    0.236169806888211298E+01   -0.278247770210043200E+03
   -0.156103087887957481E+01    0.233741948534251609E+01    0.235267041695996504E+01   -0.278243145204230132E+03
   -0.157039516090592324E+01    0.234361244406468838E+01    0.236305796616710317E+01   -0.278241737875980164E+03
   -0.156129535736961289E+01    0.234108022615105682E+01    0.234895087480316356E+01   -0.278241496253978426E+03
   -0.157346887932629786E+01    0.234212520562366500E+01    0.236868446463009796E+01   -0.278239152525308953E+03
   -0.156122839796009805E+01    0.232388708893265417E+01    0.235568951424454198E+01   -0.278235472751788052E+03
   -0.155486092502194051E+01    0.233457168589619268E+01    0.234322853068555759E+01   -0.278235330178645881E+03
   -0.156768497066581247E+01    0.232465445407304561E+01    0.236436983665475431E+01   -0.278232789734241521E+03
   -0.154908155952776361E+01    0.232613555165401431E+01    0.233346453445252955E+01   -0.278231043138559301E+03
   -0.155250390496845814E+01    0.233418581143878656E+01    0.233867657549855501E+01   -0.278228381011240799E+03
   -0.156901460110615765E+01    0.233156746062111786E+01    0.236141896171427845E+01   -0.278227226791616715E+03
   -0.156568137242187677E+01    0.233299892883613413E+01    0.236109595689421425E+01   -0.278227060148959140E+03
   -0.157166179129093764E+01    0.232946084876315629E+01    0.236692672487088807E+01   -0.278224753484099722E+03
   -0.157463550999946822E+01    0.233850468009795964E+01    0.237030557051062907E+01   -0.278223865502550950E+03
   -0.157463550999946822E+01    0.233850468009795964E+01    0.237030557051062907E+01   -0.278223865502550950E+03
   -0.155096237957232885E+01    0.232270789687894919E+01    0.233944170616219260E+01   -0.278223017796166175E+03
   -0.154928992988901171E+01    0.232896735613178896E+01    0.233380907510638380E+01   -0.278221806425924569E+03
   -0.156604964385990209E+01    0.234348464810611334E+01    0.235732955471787875E+01   -0.278221464568111742E+03
   -0.156723730621537172E+01    0.234365116025288867E+01    0.235825193881296791E+01   -0.278221286462176522E+03
   -0.155064491078269096E+01    0.232077237396134040E+01    0.233881666882834338E+01   -0.278220773532758869E+03
   -0.155760379576305175E+01    0.232151383624067398E+01    0.234638007884437272E+01   -0.278220156304227999E+03
   -0.157053293533486182E+01    0.233394266646844661E+01    0.236346094019109287E+01   -0.278219642873268526E+03
   -0.156067575558699279E+01    0.231914144559123114E+01    0.235370041078502368E+01   -0.278218623428329408E+03
   -0.156936522506714304E+01    0.234270480960634053E+01    0.236322029836182779E+01   -0.278218363120327467E+03
   -0.155760782083306215E+01    0.232319335194668541E+01    0.234571809646417506E+01   -0.278217718527998329E+03
   -0.155334578440222049E+01    0.233548689265470477E+01    0.233923060404553063E+01   -0.278214029999967124E+03
   -0.155519043875973639E+01    0.232265352588537377E+01    0.234649306986472794E+01   -0.278210150554096401E+03
   -0.156836818944273904E+01    0.232460835784183573E+01    0.236495995220643174E+01   -0.278209591928455779E+03
   -0.156097972091796100E+01    0.233187388472759372E+01    0.235420018198627723E+01   -0.278209367014735506E+03
   -0.156963055959520048E+01    0.234127548369763439E+01    0.236434383657552694E+01   -0.278208915693897836E+03
   -0.155705902888200409E+01    0.231852455827104675E+01    0.234752894644006993E+01   -0.278208293203260553E+03
   -0.156618955972332508E+01    0.233243292400117541E+01    0.236191305006499697E+01   -0.278207467543266205E+03
   -0.154937413512029742E+01    0.232343006115682771E+01    0.233630669596020724E+01   -0.278204887961124371E+03
   -0.155138942524676171E+01    0.233039688008590806E+01    0.233569981992569353E+01   -0.278204649152339471E+03
   -0.157374764615699592E+01    0.234101586952059826E+01    0.236955219052618560E+01   -0.278201407249611350E+03
   -0.157222902685419519E+01    0.232937131573464695E+01    0.236981639857008020E+01   -0.278201397265761216E+03
   -0.155184268452273355E+01    0.232957492776258634E+01    0.233626758847634619E+01   -0.278198549800549984E+03
   -0.157255385554740235E+01    0.233528830015596300E+01    0.237004064395194014E+01   -0.278197880282160668E+03
   -0.155492004071538381E+01    0.231872116757249680E+01    0.234411037908436271E+01   -0.278193894631130490E+03
   -0.155808597254147640E+01    0.233065114520274630E+01    0.234988389821568688E+01   -0.278193721112861681E+03
   -0.156787521434434640E+01    0.232834989358158406E+01    0.236472656837998940E+01   -0.278193139897343599E+03
   -0.156169048839742941E+01    0.233061166066565395E+01    0.235553251121535823E+01   -0.278190684757333599E+03
   -0.155289069280255609E+01    0.232876778011866170E+01    0.234166431657908802E+01   -0.278190070418627613E+03
   -0.156616307038108293E+01    0.234165822514012278E+01    0.235598511694843893E+01   -0.278189342385828354E+03
   -0.157084902987491182E+01    0.232821130712800883E+01    0.236829980122125150E+01   -0.278189311825528648E+03
   -0.156499311240561623E+01    0.232559243143784533E+01    0.236089166957257390E+01   -0.278188355695930170E+03
   -0.155344236524629409E+01    0.232140496611242941E+01    0.234361214704929388E+01   -0.278185709980843512E+03
   -0.155822352112947149E+01    0.231978349577833942E+01    0.235083294698701550E+01   -0.278184581952993767E+03
   -0.155088713846823012E+01    0.232958710119342172E+01    0.233523872704225610E+01   -0.278183655395604660E+03
   -0.155905237735553692E+01    0.231949739304782732E+01    0.234999188847789320E+01   -0.278182750405613206E+03
   -0.156313725882314447E+01    0.233568733337048773E+01    0.235649898828783222E+01   -0.278180746410443078E+03
   -0.155607881056717501E+01    0.233706359954731280E+01    0.234185189445242159E+01   -0.278174420180953234E+03
   -0.156824743735657113E+01    0.233320745345620706E+01    0.235985626622085931E+01   -0.278173387320672191E+03
   -0.154911319883689891E+01    0.232755738729722861E+01    0.233415891564614597E+01   -0.278171669436314573E+03
   -0.156509912043038768E+01    0.232379598906530749E+01    0.236088071873893135E+01   -0.278171056984354436E+03
   -0.157105319935590426E+01    0.232737900771981288E+01    0.236739557198572115E+01   -0.278169093182996392E+03
   -0.157355418159242499E+01    0.233226197597600393E+01    0.237110994975263978E+01   -0.278166709456758724E+03
   -0.156681161621352993E+01    0.234137555668403285E+01    0.235698593880688989E+01   -0.278166510047304200E+03
   -0.155128690717735807E+01    0.232849646489149587E+01    0.233579767104986047E+01   -0.278165514724324851E+03
   -0.156044885314011461E+01    0.233518298287016757E+01    0.234753071217936871E+01   -0.278162460321194885E+03
   -0.155264499896256480E+01    0.232857785974769893E+01    0.234120948820112851E+01   -0.278160448828057667E+03
   -0.155102462621664361E+01    0.232117755902160905E+01    0.233928102767524138E+01   -0.278158887303751158E+03
   -0.156145775402813358E+01    0.232072172530300724E+01    0.235325411020304287E+01   -0.278157295143360102E+03
   -0.154952226255764192E+01    0.232776486594339138E+01    0.233528507746603609E+01   -0.278156364158059887E+03
   -0.154976736635589685E+01    0.232867159998927375E+01    0.233447596837722315E+01   -0.278150546798120160E+03
   -0.155706630817441871E+01    0.232782746028248066E+01    0.234875389571008064E+01   -0.278146973248255620E+03
   -0.155390491362092353E+01    0.231980908122093243E+01    0.234403580881464180E+01   -0.278145779262809867E+03
   -0.156034538911528031E+01    0.232943942084421884E+01    0.234823482186894417E+01   -0.278144560817314471E+03
   -0.155421692970641390E+01    0.233372992726032669E+01    0.234215229411419479E+01   -0.278142803888996923E+03
   -0.155461382180350194E+01    0.233608745191184308E+01    0.234132605229385682E+01   -0.278140836004776361E+03
   -0.156782630519911548E+01    0.234256421382395619E+01    0.235896567959631653E+01   -0.278135785965137188E+03
   -0.155731407782670117E+01    0.232323740039706550E+01    0.234963456594451259E+01   -0.278134785519995603E+03
   -0.156338492334236645E+01    0.233635206857946720E+01    0.235658920804340255E+01   -0.278134154230679371E+03
   -0.156946040698928879E+01    0.234231342953590760E+01    0.236321843773362517E+01   -0.278133054820164602E+03
   -0.155212065805914623E+01    0.233255993801006367E+01    0.233699581583083393E+01   -0.278132405837982333E+03
   -0.157223493124516023E+01    0.233593349449779897E+01    0.236629658731747128E+01   -0.278131886746031796E+03
   -0.156041849327608206E+01    0.234057078129232687E+01    0.234933957130310667E+01   -0.278126394650314637E+03
   -0.155564848006760537E+01    0.232605371121441662E+01    0.234214675605743139E+01   -0.278123669490571956E+03
   -0.156007400850293854E+01    0.233584899770665766E+01    0.234704345072114684E+01   -0.278123102602617678E+03
   -0.157187575506085730E+01    0.234193273616207431E+01    0.236637512927234717E+01   -0.278122320444924526E+03
   -0.155788553228485482E+01    0.233327850065483222E+01    0.234870016114567193E+01   -0.278122227837800949E+03
   -0.157356369901694082E+01    0.233966527930612544E+01    0.236957422266744544E+01   -0.278120546142602166E+03
   -0.156738487019521577E+01    0.233425130901122779E+01    0.236310938146048599E+01   -0.278120307308483575E+03
   -0.155566097831813854E+01    0.232543640013978870E+01    0.234233689109002619E+01   -0.278119588097215342E+03
   -0.157200907440249549E+01    0.232966718348738011E+01    0.236916646444236001E+01   -0.278113933963531736E+03
   -0.156970144942331236E+01    0.233226931084510092E+01    0.236266679339196806E+01   -0.278112277959159144E+03
   -0.155638302279560703E+01    0.232760590557670044E+01    0.234762189943128696E+01   -0.278109346159952850E+03
   -0.157375397262260242E+01    0.233453976583171263E+01    0.237097774527402727E+01   -0.278106907361696415E+03
   -0.157319284957801386E+01    0.233623505625570660E+01    0.237026780699209638E+01   -0.278103197009674375E+03
   -0.155677669751363257E+01    0.233776014120699172E+01    0.234325898250699183E+01   -0.278103023260763962E+03
   -0.156362355293298938E+01    0.232994618525913788E+01    0.235839936204357414E+01   -0.278102785706734721E+03
   -0.155580949126839174E+01    0.231988581405856209E+01    0.234492237884412980E+01   -0.278101973973659938E+03
   -0.155239310633151195E+01    0.233283483441839090E+01    0.233749319758203100E+01   -0.278101324261894661E+03
   -0.156135112176643198E+01    0.233164500304831179E+01    0.234940480564924492E+01   -0.278100688591933761E+03
   -0.156954222757674677E+01    0.234226108761528495E+01    0.236181431008615306E+01   -0.278098950514485978E+03
   -0.157206473256253298E+01    0.233724392429604055E+01    0.236871780881541127E+01   -0.278098903615867812E+03
   -0.155270869153462510E+01    0.231966848786996316E+01    0.234127333190762776E+01   -0.278097664054131087E+03
   -0.156242990909999246E+01    0.233656727533790631E+01    0.235047084046872712E+01   -0.278097507978874035E+03
   -0.156879814195957623E+01    0.232724448948192020E+01    0.236559665349987469E+01   -0.278095744255279328E+03
   -0.155326833200548875E+01    0.233427012047782689E+01    0.233884484216517663E+01   -0.278095523157626872E+03
   -0.156299418948438662E+01    0.232195214024542063E+01    0.235755339019272547E+01   -0.278094953712618576E+03
   -0.155629851566432964E+01    0.233707563773391502E+01    0.234395548724282143E+01   -0.278094286602724992E+03
   -0.155385172431679663E+01    0.231976253067111271E+01    0.234234771118567764E+01   -0.278086634637855468E+03
   -0.156559310270171159E+01    0.234073560694760285E+01    0.235815307019124454E+01   -0.278086475646656368E+03
   -0.155066627572120752E+01    0.232139399964791737E+01    0.233764565273516034E+01   -0.278086113931572356E+03
   -0.156634121991552311E+01    0.233511930118404987E+01    0.235661232353564287E+01   -0.278084536535756854E+03
   -0.157156429147005650E+01    0.234127858317112114E+01    0.236520775323458565E+01   -0.278080266928432820E+03
   -0.156673777606374554E+01    0.233828522101157077E+01    0.236095102082875030E+01   -0.278079122310514265E+03
   -0.157111880539279802E+01    0.233895389669574172E+01    0.236415561998621904E+01   -0.278075793312021574E+03
   -0.156890644133171864E+01    0.233811670260161186E+01    0.236045911337939174E+01   -0.278075189779775656E+03
   -0.155223673943488127E+01    0.233259317401019617E+01    0.233755834221250680E+01   -0.278074915992287117E+03
   -0.156757302207655957E+01    0.234265830632426431E+01    0.235924822539657519E+01   -0.278074677078058755E+03
   -0.156514694373800123E+01    0.232529681233570473E+01    0.235730966846206869E+01   -0.278073479440513211E+03
   -0.156082715235207670E+01    0.233588545624331356E+01    0.235255153404719586E+01   -0.278072804014450753E+03
   -0.156404960841810614E+01    0.233464229873943063E+01    0.235799477678031444E+01   -0.278072169670724804E+03
   -0.156720897224336086E+01    0.233926156593836732E+01    0.235771931613863828E+01   -0.278070827435922070E+03
   -0.155311873069695605E+01    0.233171595323270253E+01    0.234074214613776022E+01   -0.278070360174412144E+03
   -0.156466227055369056E+01    0.232553564647524480E+01    0.236016230571503982E+01   -0.278069597297574376E+03
   -0.156198775386863065E+01    0.233661317888721420E+01    0.234988951613821229E+01   -0.278066692790152103E+03
   -0.156821141562415201E+01    0.232875335508996661E+01    0.236127107707783068E+01   -0.278064549499059126E+03
   -0.156374672667888293E+01    0.232800321126861398E+01    0.235403730295065827E+01   -0.278063476168470572E+03
   -0.155318754895453948E+01    0.232921349273063427E+01    0.233833550589113059E+01   -0.278063076609827590E+03
   -0.156036958601389442E+01    0.233015749776526615E+01    0.234827775957419504E+01   -0.278059117678209816E+03
   -0.156928426393802245E+01    0.234008546591163880E+01    0.236111185174971716E+01   -0.278059077726174564E+03
   -0.156272258944382303E+01    0.232416131076195143E+01    0.235742316277755037E+01   -0.278058768234039576E+03
   -0.156446971408465396E+01    0.232357377834006629E+01    0.235705673127677784E+01   -0.278058109708714483E+03
   -0.156059522501222525E+01    0.233066336056529311E+01    0.235360261721400832E+01   -0.278058094823233773E+03
   -0.155335559276224555E+01    0.232834291267944193E+01    0.233867954818191670E+01   -0.278057474420281721E+03
   -0.156462607406211673E+01    0.232444612029795961E+01    0.235686247616725630E+01   -0.278055497887982654E+03
   -0.156134182385789089E+01    0.233953049201355245E+01    0.235166676699261146E+01   -0.278055090409217485E+03
   -0.156086203523088773E+01    0.232223947397151864E+01    0.235164256794485560E+01   -0.278053356569846073E+03
   -0.155424141991868625E+01    0.233381081660499046E+01    0.233962757582981595E+01   -0.278052924025281527E+03
   -0.156451780476274260E+01    0.232608899519438239E+01    0.235992803996436962E+01   -0.278052782452636109E+03
   -0.156753823737739584E+01    0.232493545768130661E+01    0.236346374214688915E+01   -0.278050602508406428E+03
   -0.155318637332199616E+01    0.233147759137395827E+01    0.233826087338368893E+01   -0.278049595108716403E+03
   -0.156815667324512154E+01    0.232736288091726484E+01    0.236179262288904113E+01   -0.278048428170510931E+03
   -0.156713656394324108E+01    0.233551306400631908E+01    0.235790571590481512E+01   -0.278048150123616040E+03
   -0.156758079532147820E+01    0.233197320307186073E+01    0.235928709595982866E+01   -0.278045151321899823E+03
   -0.154988949281284749E+01    0.232594497437651437E+01    0.233545071846107888E+01   -0.278043556872229658E+03
   -0.156864537533093640E+01    0.233044303872646852E+01    0.236152099089865075E+01   -0.278041423681324488E+03
   -0.155713880064653321E+01    0.233291916421106871E+01    0.234327789095473449E+01   -0.278041201686310444E+03
   -0.156465077219328474E+01    0.233101322260854626E+01    0.235961780587764558E+01   -0.278039963003188177E+03
   -0.156618505573470768E+01    0.232977447597581033E+01    0.236198187965841555E+01   -0.278038199531541181E+03
   -0.155450944456390738E+01    0.232729977469421367E+01    0.234442973878569383E+01   -0.278035825552704523E+03
   -0.155573667004773242E+01    0.232159360582962560E+01    0.234686850589167939E+01   -0.278033315128271397E+03
   -0.155955491608681740E+01    0.232925838954300168E+01    0.234729358742819905E+01   -0.278031892679522798E+03
   -0.155839561027380036E+01    0.233178105228340016E+01    0.234979121746275865E+01   -0.278030616699953441E+03
   -0.155022126561268458E+01    0.232755095869029871E+01    0.233570723274596403E+01   -0.278030396724936168E+03
   -0.156015374887010472E+01    0.233906574166435144E+01    0.234972782800958235E+01   -0.278030185818029906E+03
   -0.156484643141596713E+01    0.232715534130958046E+01    0.236030141379749381E+01   -0.278029612092393904E+03
   -0.155986506169974826E+01    0.233954075512513660E+01    0.234864184246466756E+01   -0.278027491651765445E+03
   -0.155021583416930397E+01    0.232505779729678874E+01    0.233682594769878627E+01   -0.278026024678999249E+03
   -0.157004472866510714E+01    0.233095626248063725E+01    0.236390094016606156E+01   -0.278024781516865971E+03
   -0.157255795506437090E+01    0.233963575197822049E+01    0.236795005514797197E+01   -0.278024775722016841E+03
   -0.156952058013616869E+01    0.233531505461193900E+01    0.236192602502995719E+01   -0.278023458144790879E+03
   -0.156416464515157694E+01    0.232756182953153434E+01    0.235494323722105925E+01   -0.278018331778715321E+03
   -0.155100708268635090E+01    0.232644131357947703E+01    0.233824046557630894E+01   -0.278018209022111307E+03
   -0.155990258112508040E+01    0.232367776366083101E+01    0.234952051568370734E+01   -0.278017913345499380E+03
   -0.157055166648400446E+01    0.234045201536584946E+01    0.236527631663716598E+01   -0.278016809552735481E+03
   -0.156655271226409987E+01    0.234134936369872326E+01    0.235718994094413858E+01   -0.278013992942278946E+03
   -0.156785848114232440E+01    0.234209370387556248E+01    0.236015251896729339E+01   -0.278012506899686059E+03
   -0.155832870566112636E+01    0.233646541888615289E+01    0.234497180962014440E+01   -0.278012321320389560E+03
   -0.155176577076374222E+01    0.232146610366571160E+01    0.233975817616287607E+01   -0.278011041061852666E+03
   -0.155485558296767890E+01    0.232891983696548266E+01    0.234069092828203829E+01   -0.278010947011067287E+03
   -0.155312459484101506E+01    0.233289494239467432E+01    0.233974496761559436E+01   -0.278007403587243516E+03
   -0.155107398885601189E+01    0.232956659147121004E+01    0.233655650181621510E+01   -0.278006859888567817E+03
   -0.155330606993752873E+01    0.233073895609468362E+01    0.234127846026532893E+01   -0.278006027276970258E+03
   -0.157331999956354052E+01    0.233536089616911680E+01    0.236961106285381540E+01   -0.278005092251381825E+03
   -0.155764295540155095E+01    0.233786928540641714E+01    0.234481094566136861E+01   -0.278004871512372404E+03
   -0.156490290942879140E+01    0.232560452881984325E+01    0.235694110404743995E+01   -0.278004693157052998E+03
   -0.155356744447818595E+01    0.233297674081444883E+01    0.233903298755217648E+01   -0.278003686229201776E+03
   -0.155029473797520456E+01    0.232683112851853391E+01    0.233611581544515268E+01   -0.278002853711521936E+03
   -0.156386500548579255E+01    0.232255435507912944E+01    0.235695972740234438E+01   -0.278001000153741188E+03
   -0.155542353756240725E+01    0.233354159479998380E+01    0.234403216768621192E+01   -0.277999550719748811E+03
   -0.155058689360187452E+01    0.232338775180263646E+01    0.233715463194472228E+01   -0.277998466223300966E+03
   -0.157207310254703869E+01    0.233610998421629956E+01    0.236862017141405445E+01   -0.277996927013394156E+03
   -0.156933725088711995E+01    0.234097415930132158E+01    0.236159588682485833E+01   -0.277996861433430070E+03
   -0.155452534387438357E+01    0.232374919018533577E+01    0.234482262981215150E+01   -0.277996377123343734E+03
   -0.155334651351904718E+01    0.232093440051489130E+01    0.234134234827853405E+01   -0.277994928412420222E+03
   -0.156701820198868891E+01    0.232476551074623483E+01    0.236253451903478506E+01   -0.277994221702339246E+03
   -0.156917109770220420E+01    0.233102560503306266E+01    0.236239209027291963E+01   -0.277993703360708025E+03
   -0.155553046664830830E+01    0.233522084080659598E+01    0.234326456159295660E+01   -0.277992569018482129E+03
   -0.155594408991404998E+01    0.232978945656597114E+01    0.234208775481683062E+01   -0.277991240845754305E+03
   -0.156333906863759164E+01    0.233129434071011898E+01    0.235272211224316408E+01   -0.277990393569456444E+03
   -0.155479625094879292E+01    0.232802849159870728E+01    0.234465348017110564E+01   -0.277989526421217874E+03
   -0.156728119290922718E+01    0.233707753805803042E+01    0.236193783947739711E+01   -0.277988180409816380E+03
   -0.156618585933535148E+01    0.233795009713526136E+01    0.236001245573469376E+01   -0.277984839241279246E+03
   -0.155803013067274332E+01    0.233408717356061546E+01    0.234835629624635800E+01   -0.277983481376304610E+03
   -0.155198797462249649E+01    0.232646891303622327E+01    0.234000036702440006E+01   -0.277983382150629097E+03
   -0.157024948363481309E+01    0.233981580393933930E+01    0.236505752376246114E+01   -0.277983058066133651E+03
   -0.156484964920201675E+01    0.233416384952821199E+01    0.235815135273853826E+01   -0.277606854444898943E+03
   -0.156484964920201675E+01    0.233416384952821199E+01    0.235815135273853826E+01   -0.277606854444898943E+03
   -0.155933667302987367E+01    0.232726019833245079E+01    0.235034485597256904E+01   -0.277461080196950093E+03
   -0.155933667302987367E+01    0.232726019833245079E+01    0.235034485597256904E+01   -0.277461080196950093E+03
   -0.155623398679702762E+01    0.232987272909477872E+01    0.234534157592594816E+01   -0.277594075390471801E+03
   -0.155988598010696777E+01    0.232682244615732881E+01    0.235259994132721850E+01   -0.277812614660504323E+03
   -0.156306919576049119E+01    0.232916992582085181E+01    0.235348547616421655E+01   -0.277692923438441710E+03
   -0.155853442680211929E+01    0.232876589481786844E+01    0.234746372184647711E+01   -0.277489908463615336E+03
   -0.155853442680211929E+01    0.232876589481786844E+01    0.234746372184647711E+01   -0.277489908463615336E+03
   -0.156349187096429665E+01    0.233016684469944790E+01    0.235561681427118330E+01   -0.277390737252947417E+03
   -0.156620204245594241E+01    0.233863908472834137E+01    0.235814685996114193E+01   -0.277678501820142856E+03
   -0.155132554802320044E+01    0.232584319683065788E+01    0.233791234989945451E+01   -0.277884613005691790E+03
   -0.156578467167039381E+01    0.233143264313634013E+01    0.236001871382409867E+01   -0.277598047645799397E+03
   -0.155802864608911240E+01    0.232753340787063934E+01    0.234578643800875675E+01   -0.277864252822894855E+03
   -0.156290061599065644E+01    0.233379918322571189E+01    0.235243462543573756E+01   -0.277661589494745613E+03
   -0.156791365701208107E+01    0.233143690111913315E+01    0.236241040564217641E+01   -0.277585509693472432E+03
   -0.155989455829423274E+01    0.233335034106065287E+01    0.235146109389530800E+01   -0.277885932551046722E+03
   -0.155838029544168388E+01    0.232275511267195300E+01    0.234931686073169210E+01   -0.277705893103057633E+03
   -0.156502964986119064E+01    0.233168448587568333E+01    0.235618424155755513E+01   -0.277639455080252333E+03
   -0.156581832365281426E+01    0.233446415461310242E+01    0.235708468479203503E+01   -0.277619106085484930E+03
   -0.156581832365281426E+01    0.233446415461310242E+01    0.235708468479203503E+01   -0.277619106085484930E+03
   -0.156551788581425466E+01    0.233270321586058893E+01    0.235720751487666291E+01   -0.277530984447493893E+03
   -0.155924357676298286E+01    0.233191317774001394E+01    0.235085903367792426E+01   -0.277903107287452031E+03
   -0.155570089549231771E+01    0.232163863255204816E+01    0.234532542141558942E+01   -0.277821320315020728E+03
   -0.157257701821514240E+01    0.233581218825884074E+01    0.236905286675553484E+01   -0.277971776013913939E+03
   -0.155523605719936198E+01    0.232498774204985814E+01    0.234555249172178293E+01   -0.277872888333899425E+03
   -0.156222538702602476E+01    0.233343741423626794E+01    0.235424972738237592E+01   -0.277568881898366328E+03
   -0.155923241502057630E+01    0.232497438367215814E+01    0.234884041970507162E+01   -0.277713849862201414E+03
   -0.155923241502057630E+01    0.232497438367215814E+01    0.234884041970507162E+01   -0.277713849862201414E+03
   -0.156885782066980339E+01    0.234077509141096129E+01    0.236132181909509065E+01   -0.277910955423708572E+03
   -0.156509934325383360E+01    0.233605508536334616E+01    0.235714300834578339E+01   -0.277515032166893832E+03
   -0.156255128796335208E+01    0.233759359304744985E+01    0.235115111537542099E+01   -0.277896709910848699E+03
   -0.156012746692376947E+01    0.232986462782930648E+01    0.235193851560686440E+01   -0.277594748022782653E+03
   -0.156148676949461973E+01    0.232601746706421952E+01    0.235227143971028063E+01   -0.277630832673207124E+03
   -0.156336449785492149E+01    0.232830250069195754E+01    0.235505343688262414E+01   -0.277496839587418151E+03
   -0.155361743187452417E+01    0.232806545533022602E+01    0.234256191198814534E+01   -0.277972672141393787E+03
   -0.155827005095577986E+01    0.232203623210634857E+01    0.234905314656932873E+01   -0.277775310782928045E+03
   -0.155774211703697363E+01    0.232992866115493458E+01    0.234482914141032595E+01   -0.277884024215634781E+03
   -0.156359728728709979E+01    0.233434238776600811E+01    0.235702093986683003E+01   -0.277895378526820537E+03
   -0.155248150146349362E+01    0.232316692241378098E+01    0.233954403601421212E+01   -0.277899623498906124E+03
   -0.156061036308415035E+01    0.232694900349779932E+01    0.235105364042634157E+01   -0.277506770960685458E+03
   -0.156698951480563720E+01    0.232976162200571313E+01    0.236150935226952008E+01   -0.277597990696336183E+03
   -0.156698951480563720E+01    0.232976162200571313E+01    0.236150935226952008E+01   -0.277597990696336183E+03
   -0.156632815428978445E+01    0.232747875660064274E+01    0.236061982740490350E+01   -0.277659044905918222E+03
   -0.156220399823003797E+01    0.234032031622251635E+01    0.235141791617788343E+01   -0.277950583163113379E+03
   -0.156879181863218364E+01    0.233790599950178191E+01    0.236199702865687300E+01   -0.277698431419955909E+03
   -0.155684527195286027E+01    0.232987938072338707E+01    0.234653584876937060E+01   -0.277608670325877824E+03
   -0.155684527195286027E+01    0.232987938072338707E+01    0.234653584876937060E+01   -0.277608670325877824E+03
   -0.156554705841159159E+01    0.233853372200975329E+01    0.235869906666072637E+01   -0.277943203353359195E+03
   -0.155847776366015101E+01    0.233124718668814790E+01    0.234818560912521335E+01   -0.277466650559834250E+03
   -0.156773710304261682E+01    0.233529769903720563E+01    0.236039530047898971E+01   -0.277600708175878481E+03
   -0.156554762334912434E+01    0.232614679877485964E+01    0.235831749231982712E+01   -0.277851289092697584E+03
   -0.157115479811609715E+01    0.233764000566678609E+01    0.236638076359719385E+01   -0.277854176679136572E+03
   -0.155176800595816511E+01    0.232715414046804980E+01    0.233934085112378121E+01   -0.277965030576289791E+03
   -0.156428237581739094E+01    0.232617488653260951E+01    0.235762275089797413E+01   -0.277615101330384277E+03
   -0.156428237581739094E+01    0.232617488653260951E+01    0.235762275089797413E+01   -0.277615101330384277E+03
   -0.156591454201894331E+01    0.232831110723564949E+01    0.235942886247073780E+01   -0.277576917490082167E+03
   -0.156161460314331180E+01    0.233108152823606396E+01    0.235130817683912419E+01   -0.277525881793846168E+03
   -0.156577382125158238E+01    0.233785183604737679E+01    0.235639986629186993E+01   -0.277764739058691589E+03
   -0.155513646831700947E+01    0.232917788293637784E+01    0.234156354430526470E+01   -0.277815779154856784E+03
   -0.157004290749903963E+01    0.233089773441978121E+01    0.236606817734224428E+01   -0.277822337210490957E+03
   -0.155136296014054520E+01    0.232735184364396996E+01    0.233682570096110531E+01   -0.277961506435698539E+03
   -0.155401801298527831E+01    0.232824206288009083E+01    0.234295659536128298E+01   -0.277882688313610970E+03
   -0.155875956358938494E+01    0.232883882457507863E+01    0.234829322663919982E+01   -0.277421568419965354E+03
   -0.157024406520220294E+01    0.233705025541036671E+01    0.236388830726138188E+01   -0.277788656307706788E+03
   -0.157024406520220294E+01    0.233705025541036671E+01    0.236388830726138188E+01   -0.277788656307706788E+03
   -0.156615546932913796E+01    0.233993894892835552E+01    0.235696689882985488E+01   -0.277853444584758563E+03
   -0.156330313369517682E+01    0.233874907077385696E+01    0.235244361293822735E+01   -0.277871381161385330E+03
   -0.156395357389668277E+01    0.233158049308945925E+01    0.235525675585973460E+01   -0.277446945908922714E+03
   -0.156526450867399780E+01    0.232805627198887599E+01    0.235748910453373206E+01   -0.277702178961164748E+03
   -0.156020813590463314E+01    0.233186793961325156E+01    0.235123204354907500E+01   -0.277503639981398692E+03
   -0.156020813590463314E+01    0.233186793961325156E+01    0.235123204354907500E+01   -0.277503639981398692E+03
   -0.156949653900331709E+01    0.233102362870536872E+01    0.236315551296349824E+01   -0.277935707896024041E+03
   -0.156481024359848675E+01    0.233381111025074439E+01    0.235846209440522969E+01   -0.277689589045109585E+03
   -0.156481024359848675E+01    0.233381111025074439E+01    0.235846209440522969E+01   -0.277689589045109585E+03
   -0.155592742352528712E+01    0.233267990539685011E+01    0.234395937685200906E+01   -0.277691114457623371E+03
   -0.155531838263348776E+01    0.232708863168950364E+01    0.234478039151911233E+01   -0.277686268123828881E+03
   -0.156854606013041509E+01    0.233467644690884502E+01    0.236247010871754171E+01   -0.277585632032405556E+03
   -0.156854606013041509E+01    0.233467644690884502E+01    0.236247010871754171E+01   -0.277585632032405556E+03
   -0.156179998165318223E+01    0.232780093171719837E+01    0.235337083587888429E+01   -0.277424887375375135E+03
   -0.156179998165318223E+01    0.232780093171719837E+01    0.235337083587888429E+01   -0.277424887375375135E+03
   -0.155645913669960545E+01    0.233007090698806607E+01    0.234507635228411360E+01   -0.277524682020088392E+03
   -0.156010298780338719E+01    0.232349798743172631E+01    0.235298487376837606E+01   -0.277831730730906429E+03
   -0.155963008651195456E+01    0.233559725397814821E+01    0.235010186716062464E+01   -0.277849058614286889E+03
   -0.155253783464677020E+01    0.232631568783871057E+01    0.233991328937597665E+01   -0.277779708158900462E+03
   -0.155096380346693530E+01    0.232310448241094880E+01    0.233782904061994401E+01   -0.277974536246772516E+03
   -0.155183376226916048E+01    0.232690197076066285E+01    0.233728532957356094E+01   -0.277979839523666442E+03
   -0.156431760206829673E+01    0.233390708152214810E+01    0.235561710534675051E+01   -0.277445705661192790E+03
   -0.157144656860399135E+01    0.233686612411649852E+01    0.236680436025516094E+01   -0.277840505157323435E+03
   -0.155124679387614517E+01    0.232432864961226304E+01    0.233781073411169160E+01   -0.277918453295658878E+03
   -0.156347681732608845E+01    0.232826180486729406E+01    0.235394796901012526E+01   -0.277869161910554851E+03
   -0.156821822479360362E+01    0.232937942521701435E+01    0.236281192437522591E+01   -0.277689466745229083E+03
   -0.155764303514187086E+01    0.233290824618764603E+01    0.234621406507766750E+01   -0.277557749157230887E+03
   -0.155764303514187086E+01    0.233290824618764603E+01    0.234621406507766750E+01   -0.277557749157230887E+03
   -0.155652461803340403E+01    0.233123281040118968E+01    0.234613705943392503E+01   -0.277761736754392132E+03
   -0.157070369367131857E+01    0.233321828889319427E+01    0.236704234284081316E+01   -0.277878972754080053E+03
   -0.156070551649721612E+01    0.232703690666003338E+01    0.235270884228343569E+01   -0.277501863583087527E+03
   -0.156070551649721612E+01    0.232703690666003338E+01    0.235270884228343569E+01   -0.277501863583087527E+03
   -0.155410285767961165E+01    0.232083497828601804E+01    0.234247801664825950E+01   -0.277979492074068048E+03
   -0.156328573450169950E+01    0.232545523163903445E+01    0.235777138531036279E+01   -0.277881283103102419E+03
   -0.156213759927370965E+01    0.232575180622587929E+01    0.235409476484466396E+01   -0.277555032851310159E+03
   -0.155983622978226322E+01    0.232729883186129705E+01    0.235139765602362516E+01   -0.277499775035473249E+03
   -0.156054735182600135E+01    0.232711204299034025E+01    0.235337590311092981E+01   -0.277737023197068538E+03
   -0.156495622645845645E+01    0.233710651777086253E+01    0.235708838796296405E+01   -0.277608341966535932E+03
   -0.155829591052405725E+01    0.232311442386100175E+01    0.235025064568771036E+01   -0.277825224963923802E+03
   -0.156667951757469637E+01    0.233614581880315075E+01    0.235894329579033268E+01   -0.277553178003517360E+03
   -0.156667951757469637E+01    0.233614581880315075E+01    0.235894329579033268E+01   -0.277553178003517360E+03
   -0.155971355779831011E+01    0.232596214490757847E+01    0.235195816709603633E+01   -0.277667670068844075E+03
   -0.156213655924333028E+01    0.233240605982058335E+01    0.235378576251993721E+01   -0.277432336172595001E+03
   -0.156213655924333028E+01    0.233240605982058335E+01    0.235378576251993721E+01   -0.277432336172595001E+03
   -0.155772787259509871E+01    0.233533304962683319E+01    0.234465527194982037E+01   -0.277851486797134896E+03
   -0.155796068548661681E+01    0.233156890050853871E+01    0.234738989295069267E+01   -0.277507710111422512E+03
   -0.155796068548661681E+01    0.233156890050853871E+01    0.234738989295069267E+01   -0.277507710111422512E+03
   -0.155337027570956288E+01    0.232318232409311243E+01    0.234221035074046746E+01   -0.277847803845782380E+03
   -0.156685002041714538E+01    0.233201304395826670E+01    0.236013010279001456E+01   -0.277499184890474623E+03
   -0.155821691063762424E+01    0.233245502566071439E+01    0.234913723634359073E+01   -0.277951678981205987E+03
   -0.155897454026125581E+01    0.233508032418400147E+01    0.234707500049203333E+01   -0.277656927184019253E+03
   -0.155957401473685708E+01    0.232716107529068328E+01    0.235243138102867633E+01   -0.277963375527988887E+03
   -0.156382490547368813E+01    0.233482712669729020E+01    0.235501835219801769E+01   -0.277450237368795513E+03
   -0.156977492812116326E+01    0.233603761181533232E+01    0.236509390555558952E+01   -0.277802233270742590E+03
   -0.156493358823204742E+01    0.233757680616773067E+01    0.235753725415063187E+01   -0.277751295734212022E+03
   -0.156184766457131685E+01    0.232636813935404829E+01    0.235431968428466831E+01   -0.277522775727913313E+03
   -0.156184766457131685E+01    0.232636813935404829E+01    0.235431968428466831E+01   -0.277522775727913313E+03
   -0.155976947034070368E+01    0.232373370589055206E+01    0.235217180220766942E+01   -0.277742970069503940E+03
   -0.156679977218321564E+01    0.233596817542540292E+01    0.235872077134855473E+01   -0.277602624933796278E+03
   -0.156679977218321564E+01    0.233596817542540292E+01    0.235872077134855473E+01   -0.277602624933796278E+03
   -0.156516792543437222E+01    0.233230448246519373E+01    0.235930685988301470E+01   -0.277684483389392085E+03
   -0.156572807079792486E+01    0.233923699424453835E+01    0.235744913384594312E+01   -0.277731182789294223E+03
   -0.156916668035890972E+01    0.233587046330386938E+01    0.236378997400588808E+01   -0.277686194490219748E+03
   -0.155742559347390630E+01    0.232759202801641729E+01    0.234740886090564516E+01   -0.277499264879812586E+03
   -0.156151562733982296E+01    0.232241649983183995E+01    0.235402514544889918E+01   -0.277824443215190570E+03
   -0.156575157273507837E+01    0.232438996833164868E+01    0.236025276829396624E+01   -0.277889553747548860E+03
   -0.156891460901654134E+01    0.233212857702026133E+01    0.236343630610639188E+01   -0.277631720988493555E+03
   -0.155212805458189562E+01    0.232623822347542042E+01    0.233882685566400284E+01   -0.277812070734594784E+03
   -0.156189032982139242E+01    0.233476558800850276E+01    0.235430830765063881E+01   -0.277925195652154912E+03
   -0.156413742497795893E+01    0.233196088500788701E+01    0.235641686429087116E+01   -0.277394167644719687E+03
   -0.156413742497795893E+01    0.233196088500788701E+01    0.235641686429087116E+01   -0.277394167644719687E+03
   -0.155729009037989918E+01    0.232609565200692670E+01    0.234754475435249077E+01   -0.277548019800285090E+03
   -0.156642437774046517E+01    0.232547601554180705E+01    0.236052520459956838E+01   -0.277855777148328912E+03
   -0.156902512659584814E+01    0.234011055861307593E+01    0.236240757760197972E+01   -0.277853302245451630E+03
   -0.156501232990537820E+01    0.233565663385303823E+01    0.235705919116663054E+01   -0.277494101663181311E+03
   -0.156598607388755795E+01    0.233900858918026033E+01    0.235748010610869940E+01   -0.277710467912699073E+03
   -0.155770363479748886E+01    0.232864848435643346E+01    0.234880192252716391E+01   -0.277770585107757483E+03
   -0.155770363479748886E+01    0.232864848435643346E+01    0.234880192252716391E+01   -0.277770585107757483E+03
   -0.156211140908017732E+01    0.233832926517903950E+01    0.235052723052176837E+01   -0.277922271413631677E+03
   -0.156712147300833138E+01    0.234044026384841120E+01    0.236008802430924369E+01   -0.277932797225491981E+03
   -0.156498513111313198E+01    0.233125500847683309E+01    0.235966224559159876E+01   -0.277850040509396706E+03
   -0.157039963720375586E+01    0.233623308907575433E+01    0.236628396061986734E+01   -0.277919353666654672E+03
   -0.157019881073396728E+01    0.233683665710381527E+01    0.236400465938771909E+01   -0.277760999746632365E+03
   -0.155954217322286870E+01    0.232271823069158367E+01    0.235103607023317807E+01   -0.277725228219306416E+03
   -0.156350911009027405E+01    0.233087750477468258E+01    0.235399117831149596E+01   -0.277613706096815690E+03
   -0.156218587055198821E+01    0.232312841928999037E+01    0.235503812785908551E+01   -0.277779347204962619E+03
   -0.155921431714525394E+01    0.232290135858074631E+01    0.235176176665633285E+01   -0.277871131910024701E+03
   -0.156375069598158745E+01    0.233002203707533440E+01    0.235403107489293362E+01   -0.277815156295576287E+03
   -0.156012617872671466E+01    0.232877823426569508E+01    0.235100989270203620E+01   -0.277396330274697391E+03
   -0.156363890496836633E+01    0.233033548077617958E+01    0.235761708903665124E+01   -0.277752233338004146E+03
   -0.155337325758755096E+01    0.232427735173224237E+01    0.234113604516333140E+01   -0.277754237050157769E+03
   -0.155337325758755096E+01    0.232427735173224237E+01    0.234113604516333140E+01   -0.277754237050157769E+03
   -0.156770113577450365E+01    0.233639646314154126E+01    0.236178117852686320E+01   -0.277686471856716082E+03
   -0.156770113577450365E+01    0.233639646314154126E+01    0.236178117852686320E+01   -0.277686471856716082E+03
   -0.156511905764417691E+01    0.233043912171576961E+01    0.235914585561467760E+01   -0.277576268487044558E+03
   -0.157032432185263504E+01    0.233673822220601535E+01    0.236377882272375395E+01   -0.277836268734688929E+03
   -0.155982279057094275E+01    0.233700656769540016E+01    0.234905836604927032E+01   -0.277743983912210695E+03
   -0.156913602197241131E+01    0.233604599252028100E+01    0.236455327312929242E+01   -0.277880742572231156E+03
   -0.156331079019924646E+01    0.232378778037735234E+01    0.235631929635678361E+01   -0.277778941696812979E+03
   -0.156088168323884702E+01    0.232720196483232744E+01    0.235210063120051416E+01   -0.277436225747203764E+03
   -0.156088168323884702E+01    0.232720196483232744E+01    0.235210063120051416E+01   -0.277436225747203764E+03
   -0.156905403937957777E+01    0.232949198184761208E+01    0.236561998695159303E+01   -0.277973110395827462E+03
   -0.155452325027958249E+01    0.232581358029038121E+01    0.234390980261930082E+01   -0.277773473711301676E+03
   -0.156388263443279696E+01    0.232951360169481347E+01    0.235754584971728320E+01   -0.277580676428450829E+03
   -0.155327860186339439E+01    0.232550962950195128E+01    0.234192645385828868E+01   -0.277828066539777637E+03
   -0.156818373926736410E+01    0.233255809082731025E+01    0.236379910964768314E+01   -0.277814122940899836E+03
   -0.156603498762130156E+01    0.233359881742060127E+01    0.235811103562113367E+01   -0.277504378930443863E+03
   -0.156907114864141795E+01    0.232920301359028104E+01    0.236542775112616965E+01   -0.277918105661032655E+03
   -0.155539648889657078E+01    0.232418287229758791E+01    0.234452688682205768E+01   -0.277653303807878444E+03
   -0.156517199451043032E+01    0.233258687600251902E+01    0.235798308557331637E+01   -0.277428573285159359E+03
   -0.156517199451043032E+01    0.233258687600251902E+01    0.235798308557331637E+01   -0.277428573285159359E+03
   -0.155451371517302728E+01    0.232776743277175413E+01    0.234052622826037293E+01   -0.277972461753895516E+03
   -0.155884539278089851E+01    0.232736934231551018E+01    0.234988863786243840E+01   -0.277509449162798717E+03
   -0.155884539278089851E+01    0.232736934231551018E+01    0.234988863786243840E+01   -0.277509449162798717E+03
   -0.156582603599770009E+01    0.233307856564350580E+01    0.235867393538907422E+01   -0.277443489440565031E+03
   -0.155690653830528314E+01    0.232806302256132547E+01    0.234608259257884377E+01   -0.277481143877042541E+03
   -0.155690653830528314E+01    0.232806302256132547E+01    0.234608259257884377E+01   -0.277481143877042541E+03
   -0.155584867882809097E+01    0.233066475146742302E+01    0.234409710418654882E+01   -0.277587167840318330E+03
   -0.155584867882809097E+01    0.233066475146742302E+01    0.234409710418654882E+01   -0.277587167840318330E+03
   -0.155907879419359485E+01    0.232815548299754438E+01    0.235070702329230130E+01   -0.277638690826496202E+03
   -0.156597108981196809E+01    0.233231470515932315E+01    0.235926966621554257E+01   -0.277459030738915999E+03
   -0.156099687294680245E+01    0.232348806302669297E+01    0.235232492830691342E+01   -0.277755874960231552E+03
   -0.156227216538737435E+01    0.232934824304968302E+01    0.235489496788511943E+01   -0.277491945922124046E+03
   -0.155326409582474345E+01    0.232194403174091857E+01    0.234187028477842851E+01   -0.277887274482862381E+03
   -0.156982618329268186E+01    0.234117903404832406E+01    0.236266569307847263E+01   -0.277981018037955550E+03
   -0.156298950648513246E+01    0.232897483526921523E+01    0.235423397570322024E+01   -0.277479061361746176E+03
   -0.156298950648513246E+01    0.232897483526921523E+01    0.235423397570322024E+01   -0.277479061361746176E+03
   -0.155551980123639266E+01    0.233431665265457511E+01    0.234185403591180830E+01   -0.277888857194192610E+03
   -0.157003719828019817E+01    0.233305096480700280E+01    0.236378232342292094E+01   -0.277865981495351775E+03
   -0.155281618123968457E+01    0.232859330931229236E+01    0.234021134274997067E+01   -0.277812037307433911E+03
   -0.156046422862236867E+01    0.233652678381821532E+01    0.234848619314636053E+01   -0.277802356562638408E+03
   -0.156702750380421807E+01    0.232855563853497038E+01    0.236110397075226786E+01   -0.277641395808027482E+03
   -0.156553671081646950E+01    0.233084383205218382E+01    0.236005436447315908E+01   -0.277682836637428466E+03
   -0.155765589697449047E+01    0.233244429430032207E+01    0.234797436980873186E+01   -0.277858928109885312E+03
   -0.157109721751824272E+01    0.233063476389258639E+01    0.236776754542009016E+01   -0.277956999671437416E+03
   -0.155865134645748116E+01    0.233680224620231813E+01    0.234646338792192033E+01   -0.277806117824120747E+03
   -0.157007550283901942E+01    0.233524675909284252E+01    0.236327743189536932E+01   -0.277894371612102987E+03
   -0.156512674750343983E+01    0.233146033517906215E+01    0.235603880614588235E+01   -0.277760971194887759E+03
   -0.155400917543368466E+01    0.232112374494563056E+01    0.234218760681445914E+01   -0.277970640912074145E+03
   -0.155513810201495040E+01    0.233074169179373003E+01    0.234137319412075051E+01   -0.277827559757999211E+03
   -0.156624404126032468E+01    0.233031650152239855E+01    0.235790975796705737E+01   -0.277861753034837250E+03
   -0.155942671254609011E+01    0.232435018426210771E+01    0.235016078475651646E+01   -0.277600277674051142E+03
   -0.155726509851700379E+01    0.233032945395517022E+01    0.234435300428170912E+01   -0.277783694973753029E+03
   -0.155413352027987228E+01    0.233260471771551803E+01    0.234068466719456580E+01   -0.277839942327194308E+03
   -0.156593403208738358E+01    0.233186118202837100E+01    0.235811341973477262E+01   -0.277530200892900609E+03
   -0.155924714199826475E+01    0.233149892289517613E+01    0.234913796770101513E+01   -0.277428315143196357E+03
   -0.155924714199826475E+01    0.233149892289517613E+01    0.234913796770101513E+01   -0.277428315143196357E+03
   -0.155698264355812510E+01    0.232455838609118848E+01    0.234720376257818231E+01   -0.277605514894301450E+03
   -0.155698264355812510E+01    0.232455838609118848E+01    0.234720376257818231E+01   -0.277605514894301450E+03
   -0.156262524068114406E+01    0.233090619936595500E+01    0.235470255446640842E+01   -0.277404020102806669E+03
   -0.156262524068114406E+01    0.233090619936595500E+01    0.235470255446640842E+01   -0.277404020102806669E+03
   -0.155695767633839877E+01    0.232517011607681878E+01    0.234801883968597203E+01   -0.277766493042953641E+03
   -0.155521954159277698E+01    0.232874707925910585E+01    0.234147191540986022E+01   -0.277907125332899227E+03
   -0.156045874409709562E+01    0.233321160118867654E+01    0.234989111544111218E+01   -0.277457483344566583E+03
   -0.156045874409709562E+01    0.233321160118867654E+01    0.234989111544111218E+01   -0.277457483344566583E+03
   -0.156519681268486943E+01    0.232560483499346971E+01    0.235841663312657879E+01   -0.277769281438282349E+03
   -0.155337488051204531E+01    0.232988434464933469E+01    0.234163096453299957E+01   -0.277981347549259397E+03
   -0.156216993921057901E+01    0.232310614654385539E+01    0.235371548711475320E+01   -0.277945083889764646E+03
   -0.155596039879078774E+01    0.232866669447156660E+01    0.234292192693798818E+01   -0.277755445629542010E+03
   -0.156079545496656280E+01    0.233919684679289785E+01    0.234990436092705046E+01   -0.277900648537977759E+03
   -0.155076417712445780E+01    0.232523906410742009E+01    0.233742928825278895E+01   -0.277951890194064845E+03
   -0.155892095765665140E+01    0.232860102030868132E+01    0.234939578067852395E+01   -0.277432582992418190E+03
   -0.156707129272383061E+01    0.232528977815777527E+01    0.236253923327880244E+01   -0.277945438543628597E+03
   -0.156725396333438116E+01    0.233056392355957476E+01    0.236239681296190263E+01   -0.277696734173554205E+03
   -0.156245409065764918E+01    0.232528778271060421E+01    0.235522433043638024E+01   -0.277599635378897233E+03
   -0.156576717901735152E+01    0.233050696265136770E+01    0.235731605111675968E+01   -0.277766178764904851E+03
   -0.156136724272509397E+01    0.233127130260202708E+01    0.235056839407443974E+01   -0.277624750485204686E+03
   -0.155302358403933116E+01    0.232951832493554445E+01    0.233969001584770098E+01   -0.277781633986407542E+03
   -0.156078315727288608E+01    0.233159669815127257E+01    0.234922842561920220E+01   -0.277778827945601506E+03
   -0.155945753120935993E+01    0.232786395202079843E+01    0.235212075897401363E+01   -0.277946255269984817E+03
   -0.155667882290369386E+01    0.232660606733389974E+01    0.234704507471037260E+01   -0.277652366430034931E+03
   -0.156592958785696412E+01    0.233499974908085406E+01    0.235694989786436260E+01   -0.277692501334230940E+03
   -0.157012317823362513E+01    0.233604825778272973E+01    0.236345520057738767E+01   -0.277839895602242109E+03
   -0.156955671474628078E+01    0.234007136591416209E+01    0.236252453153591446E+01   -0.277877563779065554E+03
   -0.156177565387540751E+01    0.232733615255918647E+01    0.235528299395794782E+01   -0.277772981539581679E+03
   -0.156811019283957020E+01    0.233941112197512835E+01    0.236107186846670913E+01   -0.277770521269565450E+03
   -0.156452187762835404E+01    0.232586498750994952E+01    0.235887635960641617E+01   -0.277736019695134814E+03
   -0.156452187762835404E+01    0.232586498750994952E+01    0.235887635960641617E+01   -0.277736019695134814E+03
   -0.155608505354815163E+01    0.232021769670271283E+01    0.234676157529649210E+01   -0.277982489817763621E+03
   -0.156527552599861730E+01    0.233775529765927059E+01    0.235689383533629027E+01   -0.277611181513240126E+03
   -0.156527552599861730E+01    0.233775529765927059E+01    0.235689383533629027E+01   -0.277611181513240126E+03
   -0.156367402422957147E+01    0.233150598011523780E+01    0.235726211823515897E+01   -0.277674818182433512E+03
   -0.156367402422957147E+01    0.233150598011523780E+01    0.235726211823515897E+01   -0.277674818182433512E+03
   -0.156410334272404627E+01    0.233884666702163546E+01    0.235523013475238230E+01   -0.277730273589912827E+03
   -0.155921955186205308E+01    0.232375600474031696E+01    0.234879104879336609E+01   -0.277882490699547930E+03
   -0.155445525504628490E+01    0.232675285758654882E+01    0.234213817696464943E+01   -0.277635203021896700E+03
   -0.156090553527693165E+01    0.233378807188816584E+01    0.235177081620656026E+01   -0.277522467498635990E+03
   -0.156090553527693165E+01    0.233378807188816584E+01    0.235177081620656026E+01   -0.277522467498635990E+03
   -0.156181544532008720E+01    0.233772529710879029E+01    0.235242996031641383E+01   -0.277768805061750641E+03
   -0.156466871151180964E+01    0.232785763255010636E+01    0.235955082159503071E+01   -0.277838204944437393E+03
   -0.155811554481347980E+01    0.233715531721871583E+01    0.234567424412544234E+01   -0.277879259579315715E+03
   -0.157119422494676786E+01    0.233984957972158325E+01    0.236515904602464566E+01   -0.277938298841082371E+03
   -0.156648800517879350E+01    0.233336968137669309E+01    0.235855286478203929E+01   -0.277572211133147675E+03
   -0.155984024066671623E+01    0.232856958416055049E+01    0.234932953693526514E+01   -0.277499575396736361E+03
   -0.155984024066671623E+01    0.232856958416055049E+01    0.234932953693526514E+01   -0.277499575396736361E+03
   -0.156076110193503403E+01    0.233689922232038061E+01    0.235172418858186560E+01   -0.277945063153680337E+03
   -0.155942347317276653E+01    0.232634950904763649E+01    0.235060791796921009E+01   -0.277490846714296367E+03
   -0.156704711999904034E+01    0.232942247002429781E+01    0.235929297102572733E+01   -0.277957950813513889E+03
   -0.156060280824594821E+01    0.232915077306825102E+01    0.235245962978261502E+01   -0.277503526489102740E+03
   -0.155251353948225090E+01    0.232477882821355042E+01    0.234075181118500453E+01   -0.277870750333052911E+03
   -0.156820872750503559E+01    0.233724988315820115E+01    0.236058304603814051E+01   -0.277712537564770230E+03
   -0.156400699590389269E+01    0.233595772410772140E+01    0.235698779424687643E+01   -0.277827161850812047E+03
   -0.156048052447874941E+01    0.232266018098685834E+01    0.235268343713187988E+01   -0.277760909110458783E+03
   -0.155303148928495682E+01    0.232618533026963448E+01    0.234037680877126775E+01   -0.277731547688519640E+03
   -0.156202192938168549E+01    0.233281303900830572E+01    0.235114828760649885E+01   -0.277685684844526747E+03
   -0.155425081650676633E+01    0.232076126272723826E+01    0.234358062026331382E+01   -0.277940874804818918E+03
   -0.155756243610362888E+01    0.232468393532418416E+01    0.234632079664240756E+01   -0.277749116760232482E+03
   -0.157019492639764002E+01    0.233870249698343269E+01    0.236493644194769814E+01   -0.277867400274652539E+03
   -0.156811881599257585E+01    0.233306227044376380E+01    0.236220662623584587E+01   -0.277559452458732380E+03
   -0.156368125176908968E+01    0.232970676893931117E+01    0.235542408876170839E+01   -0.277437084445588596E+03
   -0.156368125176908968E+01    0.232970676893931117E+01    0.235542408876170839E+01   -0.277437084445588596E+03
   -0.157115786345407304E+01    0.233218381463140911E+01    0.236767603113373148E+01   -0.277906473710079410E+03
   -0.156011922428962579E+01    0.232119816719237892E+01    0.235218406005079572E+01   -0.277906905369641265E+03
   -0.155909499046607358E+01    0.232954593424798651E+01    0.234962823189037273E+01   -0.277441130555302152E+03
   -0.156565371603296999E+01    0.233243139928494836E+01    0.235696532279043680E+01   -0.277666471016292121E+03
   -0.155701523251525531E+01    0.233139448258370319E+01    0.234558518246727310E+01   -0.277528242567303778E+03
   -0.156490895323756862E+01    0.232722661136752551E+01    0.235689144225302449E+01   -0.277793638863835611E+03
   -0.155911183931481712E+01    0.232583084605130264E+01    0.234996920948826293E+01   -0.277497186919073499E+03
   -0.155961017182199457E+01    0.233195289434071640E+01    0.234701518778492435E+01   -0.277974959224890199E+03
   -0.157079116951898135E+01    0.233330628779400939E+01    0.236700534609665070E+01   -0.277853820168405548E+03
   -0.156501283487458709E+01    0.233433004868560801E+01    0.235663282302346744E+01   -0.277463675565043388E+03
   -0.156501283487458709E+01    0.233433004868560801E+01    0.235663282302346744E+01   -0.277463675565043388E+03
   -0.156617057105718072E+01    0.233145162796176519E+01    0.236050412313536384E+01   -0.277592109094037085E+03
   -0.156288647014943471E+01    0.232700898355522146E+01    0.235405997407407241E+01   -0.277650863097550996E+03
   -0.155576817397561085E+01    0.232874649403968803E+01    0.234449234918006510E+01   -0.277558741172674218E+03
   -0.155576817397561085E+01    0.232874649403968803E+01    0.234449234918006510E+01   -0.277558741172674218E+03
   -0.155792600146505356E+01    0.232567195815813621E+01    0.234823059274627965E+01   -0.277517947471175944E+03
   -0.155441018430956968E+01    0.233025044121646374E+01    0.234227266872139595E+01   -0.277713840394166311E+03
   -0.156088404468934150E+01    0.233182076537081295E+01    0.235051447549759551E+01   -0.277443998412838425E+03
   -0.156447276276107017E+01    0.233964931816692312E+01    0.235403066089783941E+01   -0.277935125312552657E+03
   -0.155957911876527344E+01    0.233653453390685906E+01    0.234815215640328390E+01   -0.277700525111928414E+03
   -0.156251865600581819E+01    0.233487840234247868E+01    0.235100465167873907E+01   -0.277960060280961386E+03
   -0.156725653857890901E+01    0.233298400844269826E+01    0.236240132302247829E+01   -0.277786349230066890E+03
   -0.155236233211605090E+01    0.232354194108321011E+01    0.233976598658379764E+01   -0.277850166632342848E+03
   -0.157191198696923840E+01    0.233754363878356397E+01    0.236797395782097553E+01   -0.277978338979308774E+03
   -0.155688384408166769E+01    0.233434936590977582E+01    0.234564187991081852E+01   -0.277811755394769534E+03
   -0.155647162756589164E+01    0.232983788500844646E+01    0.234674578505972065E+01   -0.277864343459782333E+03
   -0.156157803547446550E+01    0.233827509726945415E+01    0.235045423152544508E+01   -0.277789248709460423E+03
   -0.156739370414713419E+01    0.232511709612450668E+01    0.236271417321804122E+01   -0.277968896350422710E+03
   -0.156010870332123330E+01    0.232725185773641785E+01    0.235176091102703388E+01   -0.277490809408397070E+03
   -0.156181978241378316E+01    0.232470795436234612E+01    0.235377007536023974E+01   -0.277626321768068749E+03
   -0.156808888624215204E+01    0.234034469378174270E+01    0.236056246021744975E+01   -0.277839755321158293E+03
   -0.156924873800167353E+01    0.233014198439708187E+01    0.236325840529898024E+01   -0.277871484238891071E+03
   -0.156539033356348822E+01    0.233300231205381969E+01    0.235640947320549010E+01   -0.277672484793012359E+03
   -0.156762324812911857E+01    0.233681030129287715E+01    0.235960300863313677E+01   -0.277704043226565432E+03
   -0.155569574670529387E+01    0.232944844950469143E+01    0.234242776480721915E+01   -0.277762706300913692E+03
   -0.155569574670529387E+01    0.232944844950469143E+01    0.234242776480721915E+01   -0.277762706300913692E+03
   -0.155666792171580814E+01    0.232900378485131077E+01    0.234654421712336969E+01   -0.277630912416711169E+03
   -0.155552856576380449E+01    0.232591340520799239E+01    0.234415628500600981E+01   -0.277580151670844486E+03
   -0.155552856576380449E+01    0.232591340520799239E+01    0.234415628500600981E+01   -0.277580151670844486E+03
   -0.155773105787672206E+01    0.232281898834871026E+01    0.234920010446843008E+01   -0.277792715642086591E+03
   -0.156072882125292023E+01    0.233753741261927361E+01    0.234841659331464570E+01   -0.277959482028571927E+03
   -0.155775195141299294E+01    0.232644858286767198E+01    0.234858088861458114E+01   -0.277594016464521360E+03
   -0.156314859815069074E+01    0.232261203816515893E+01    0.235595027914906829E+01   -0.277931128286262378E+03
   -0.156285771869400869E+01    0.232575847538752623E+01    0.235596978185058425E+01   -0.277598626667003714E+03
   -0.155365422544650666E+01    0.233050688843294651E+01    0.234119065455702646E+01   -0.277812559147819059E+03
   -0.156355283107408227E+01    0.232342190296019036E+01    0.235682693527237674E+01   -0.277830380621183565E+03
   -0.156156313406586178E+01    0.233362095664798375E+01    0.235190048386919415E+01   -0.277422582764807316E+03
   -0.156156313406586178E+01    0.233362095664798375E+01    0.235190048386919415E+01   -0.277422582764807316E+03
   -0.157084206042232233E+01    0.233598380891841062E+01    0.236493599044905345E+01   -0.277820643700541609E+03
   -0.156715983597991504E+01    0.233734666843682826E+01    0.236071980461418818E+01   -0.277701719529704974E+03
   -0.156847754009805884E+01    0.233500959083308501E+01    0.236112825409997562E+01   -0.277720262347117853E+03
   -0.156860764781678963E+01    0.233552771476636600E+01    0.236382299761634052E+01   -0.277831740553933628E+03
   -0.155576966673106720E+01    0.232449883660472123E+01    0.234656964891555830E+01   -0.277908367588253668E+03
   -0.156103195983385890E+01    0.232300117694362518E+01    0.235182498779200699E+01   -0.277956155116966556E+03
   -0.155758597364517848E+01    0.232934508936618911E+01    0.234655010885521875E+01   -0.277453482991345425E+03
   -0.155758597364517848E+01    0.232934508936618911E+01    0.234655010885521875E+01   -0.277453482991345425E+03
   -0.156197851717806424E+01    0.233585309018894938E+01    0.235267922329742696E+01   -0.277558972190942427E+03
   -0.156197851717806424E+01    0.233585309018894938E+01    0.235267922329742696E+01   -0.277558972190942427E+03
   -0.156319677379072086E+01    0.233530089652067074E+01    0.235364344393296854E+01   -0.277497761241913508E+03
   -0.156535902311360053E+01    0.233394630918334922E+01    0.235784311847787009E+01   -0.277441733829886459E+03
   -0.156535902311360053E+01    0.233394630918334922E+01    0.235784311847787009E+01   -0.277441733829886459E+03
   -0.156581270193051081E+01    0.233671066170052688E+01    0.235715798076240901E+01   -0.277600857896601781E+03
   -0.155666964172722677E+01    0.232620035225820931E+01    0.234474687011686100E+01   -0.277680187078393260E+03
   -0.155666964172722677E+01    0.232620035225820931E+01    0.234474687011686100E+01   -0.277680187078393260E+03
   -0.156085307175211163E+01    0.233961831681427324E+01    0.235015848708702535E+01   -0.277965648285580755E+03
   -0.155963095599745816E+01    0.233060522248059776E+01    0.235094862519712322E+01   -0.277583043490726197E+03
   -0.156221348853390918E+01    0.232551589775524592E+01    0.235411403365326422E+01   -0.277585817233417401E+03
   -0.155814724482020628E+01    0.233382959038847826E+01    0.234612006740617929E+01   -0.277614109368486595E+03
   -0.156537731788673762E+01    0.233393741322909509E+01    0.235732420460361780E+01   -0.277456976479806713E+03
   -0.156577969940405715E+01    0.234163081758263480E+01    0.235675739629577308E+01   -0.277971189444119773E+03
   -0.155829138553528201E+01    0.233548415994647263E+01    0.234546712310346450E+01   -0.277826175913565123E+03
   -0.156028877608240202E+01    0.232730077161089444E+01    0.235314625922826082E+01   -0.277804977910896412E+03
   -0.155932165469207051E+01    0.232702261792666265E+01    0.234815269958969708E+01   -0.277743176623921443E+03
   -0.155794953568705119E+01    0.232435308400974572E+01    0.234832825656010868E+01   -0.277583860084461151E+03
   -0.155587384685442931E+01    0.232443539181466008E+01    0.234397978217936398E+01   -0.277756166093791080E+03
   -0.155749756873483625E+01    0.232937286673737365E+01    0.234547577812668706E+01   -0.277586229677072879E+03
   -0.156468433407547547E+01    0.233219935753097696E+01    0.235533112101856545E+01   -0.277701782016774644E+03
   -0.156258899770204884E+01    0.232169170982467543E+01    0.235602953872564669E+01   -0.277972885726483753E+03
   -0.155646897130766515E+01    0.232451336385215068E+01    0.234588328733839013E+01   -0.277601488683033438E+03
   -0.156188364654381284E+01    0.233984214288237702E+01    0.235159481902503487E+01   -0.277919791131358636E+03
   -0.156504356191613780E+01    0.232835616454365457E+01    0.235908831924004403E+01   -0.277581931647092858E+03
   -0.156412960450481631E+01    0.232844611322282713E+01    0.235800081122228633E+01   -0.277597765258283630E+03
   -0.156025253848719192E+01    0.232221567950718466E+01    0.235252543992253926E+01   -0.277805555102259746E+03
   -0.156237758439030583E+01    0.232721115284863656E+01    0.235258535933125223E+01   -0.277839914513901704E+03
   -0.156473453650910166E+01    0.232585193240298249E+01    0.235689049409642593E+01   -0.277887660967350712E+03
   -0.156234994886893763E+01    0.233905286660773903E+01    0.235209853738838781E+01   -0.277792600652256795E+03
   -0.155975508098450466E+01    0.233324098895804699E+01    0.234885625411545895E+01   -0.277479991730800919E+03
   -0.156722803091724705E+01    0.233284498525702988E+01    0.235896910622584066E+01   -0.277848573459374734E+03
   -0.155526421672406090E+01    0.233137119912117008E+01    0.234145046332128715E+01   -0.277842476183201541E+03
   -0.156301573951872230E+01    0.233213593318575363E+01    0.235396347766888425E+01   -0.277402481664294498E+03
   -0.156301573951872230E+01    0.233213593318575363E+01    0.235396347766888425E+01   -0.277402481664294498E+03
   -0.156311629354958903E+01    0.232973282103259693E+01    0.235362501320357786E+01   -0.277620497774938258E+03
   -0.156317044633493940E+01    0.232521314699117720E+01    0.235433248217223579E+01   -0.277951039035177587E+03
   -0.155720768172889179E+01    0.232639237385805853E+01    0.234573456749694742E+01   -0.277608410935782729E+03
   -0.156994240456050482E+01    0.233896775581659977E+01    0.236278271684344432E+01   -0.277901719633954713E+03
   -0.157027424168304663E+01    0.233039320698138530E+01    0.236527955283916391E+01   -0.277869755364984030E+03
   -0.156279441194721702E+01    0.232368848645633941E+01    0.235539107199766384E+01   -0.277770401261640075E+03
   -0.156447479387426425E+01    0.232426407253895784E+01    0.235717968091048036E+01   -0.277920256272492850E+03
   -0.156703317994786850E+01    0.232683890961878070E+01    0.236024754126458447E+01   -0.277967664139299018E+03
   -0.157141654924724961E+01    0.233180268681509295E+01    0.236651854382254001E+01   -0.277960018588207276E+03
   -0.156953420470571148E+01    0.233570321709611406E+01    0.236231173954909224E+01   -0.277876813085155334E+03
   -0.156710352880717707E+01    0.233022539606178736E+01    0.236238791829889294E+01   -0.277739691252837815E+03
   -0.156402070146606498E+01    0.233871503113235013E+01    0.235540748634052832E+01   -0.277752383419973683E+03
   -0.155963971566571891E+01    0.233770091192580853E+01    0.234839786149639451E+01   -0.277810704198424332E+03
   -0.155537193276421415E+01    0.232897398212823425E+01    0.234224554076892844E+01   -0.277716794140902778E+03
   -0.155766677610907189E+01    0.233236728389711567E+01    0.234456845120210922E+01   -0.277828837584127371E+03
   -0.155964525182169012E+01    0.232678102173037082E+01    0.235023886464139586E+01   -0.277449969931421663E+03
   -0.155625330200943224E+01    0.233615461087961940E+01    0.234294701655792537E+01   -0.277953535046227557E+03
   -0.155800291181679973E+01    0.233451751222496595E+01    0.234590872841577536E+01   -0.277655788610363288E+03
   -0.156002634453926281E+01    0.232698201108898139E+01    0.234961774507386423E+01   -0.277621121547377129E+03
   -0.155751804149895112E+01    0.232549859892574107E+01    0.234636205333176129E+01   -0.277640496755549691E+03
   -0.157109740576588752E+01    0.233240487495880000E+01    0.236630382799047823E+01   -0.277847777293561307E+03
   -0.155422640955793567E+01    0.232958171990965113E+01    0.234173956966567509E+01   -0.277675121818475247E+03
   -0.155434745864782986E+01    0.232166001290331270E+01    0.234323850867230377E+01   -0.277856773514885504E+03
   -0.156951748168035876E+01    0.233760988502775469E+01    0.236386159668773566E+01   -0.277745167067038949E+03
   -0.156860577361753406E+01    0.233963260306100818E+01    0.236158970986338801E+01   -0.277795054323471390E+03
   -0.156125566530688564E+01    0.232174758965441885E+01    0.235355032173617928E+01   -0.277897777877321516E+03
   -0.156248868259740581E+01    0.233372511119554638E+01    0.235150633212842664E+01   -0.277774523833700414E+03
   -0.155986190002923664E+01    0.233541507929881176E+01    0.234739490487667979E+01   -0.277862679699696400E+03
   -0.155693560934433650E+01    0.232584446489106167E+01    0.234805332013938184E+01   -0.277804203682794196E+03
   -0.156765401019037975E+01    0.232722026103130375E+01    0.236294445275784781E+01   -0.277808419071791604E+03
   -0.155924036296321256E+01    0.233039906461621316E+01    0.234996723016148756E+01   -0.277488958856206125E+03
   -0.156608861789087217E+01    0.233185400174120705E+01    0.236104174705132941E+01   -0.277811512135918179E+03
   -0.156077340148306432E+01    0.233190653908975642E+01    0.235309489093166846E+01   -0.277813268357806464E+03
   -0.156609570294417777E+01    0.233755731272241007E+01    0.235819418142764547E+01   -0.277602596574960955E+03
   -0.156521653866725430E+01    0.232680232505998941E+01    0.235819708103834813E+01   -0.277674390775539109E+03
   -0.156521653866725430E+01    0.232680232505998941E+01    0.235819708103834813E+01   -0.277674390775539109E+03
   -0.156473309742773870E+01    0.233579902793927152E+01    0.235491428753589460E+01   -0.277721314783607966E+03
   -0.155782193395982871E+01    0.233440912143806534E+01    0.234605969249383328E+01   -0.277640990592018795E+03
   -0.155782193395982871E+01    0.233440912143806534E+01    0.234605969249383328E+01   -0.277640990592018795E+03
   -0.156600610402046025E+01    0.233977787519832825E+01    0.235843004341564466E+01   -0.277855045927726337E+03
   -0.156933416832541406E+01    0.233663048645989013E+01    0.236469459045732577E+01   -0.277892825841485205E+03
   -0.156952288737917289E+01    0.233250131683896234E+01    0.236289742289466531E+01   -0.277891792304775834E+03
   -0.155960032131443072E+01    0.232970926593254113E+01    0.234792644295371566E+01   -0.277733959775782182E+03
   -0.156417734550687482E+01    0.233025893391637107E+01    0.235439439953348817E+01   -0.277930346382879236E+03
   -0.156525389740939636E+01    0.233533190990124417E+01    0.235529180823952800E+01   -0.277892042094574151E+03
   -0.156179095525778289E+01    0.233564844645135583E+01    0.235020520907197294E+01   -0.277830925651333189E+03
   -0.156687690055199180E+01    0.233892905283270691E+01    0.235874812341274520E+01   -0.277715824186031909E+03
   -0.156687690055199180E+01    0.233892905283270691E+01    0.235874812341274520E+01   -0.277715824186031909E+03
   -0.156019121702814267E+01    0.232642424673385140E+01    0.235046529206699262E+01   -0.277537083874052541E+03
   -0.156710993257586084E+01    0.233654936416336367E+01    0.236135155782032591E+01   -0.277804382319824811E+03
   -0.155539858137653453E+01    0.233104411805769374E+01    0.234446995554501925E+01   -0.277842634249588514E+03
   -0.155692041467519671E+01    0.233562895977297602E+01    0.234494116939246311E+01   -0.277842919518409985E+03
   -0.155572073960967172E+01    0.233187931818224659E+01    0.234192232670689116E+01   -0.277867033308547036E+03
   -0.155588318668697845E+01    0.232049615828589451E+01    0.234540478392061225E+01   -0.277955828645904091E+03
   -0.155871629180916038E+01    0.233398938586859606E+01    0.234664954785518987E+01   -0.277637209357234042E+03
   -0.155881690381252591E+01    0.233041681757602204E+01    0.234832134136854265E+01   -0.277413615142099275E+03
   -0.155941504851295187E+01    0.232664052600668603E+01    0.235172861039412595E+01   -0.277749892850809658E+03
   -0.156286461059497617E+01    0.232421479636676631E+01    0.235505295520622759E+01   -0.277763980689196387E+03
   -0.155509285184367063E+01    0.233122025403670063E+01    0.234278318246477113E+01   -0.277667847279950706E+03
   -0.156447358163646388E+01    0.233223494900725425E+01    0.235895475852879599E+01   -0.277950428396367840E+03
   -0.155748797070882228E+01    0.233242775270438507E+01    0.234398839435996642E+01   -0.277957427305481019E+03
   -0.156507674283188969E+01    0.233506575251392157E+01    0.235708507744891094E+01   -0.277465693880112951E+03
   -0.155349923420769453E+01    0.233179334684259887E+01    0.233898522316521706E+01   -0.277959045026670140E+03
   -0.155955646579306362E+01    0.233017371508149962E+01    0.234827612697733201E+01   -0.277568376844162231E+03
   -0.155955646579306362E+01    0.233017371508149962E+01    0.234827612697733201E+01   -0.277568376844162231E+03
   -0.156350918974852249E+01    0.233696056049704115E+01    0.235454212690387799E+01   -0.277577397092421961E+03
   -0.156350918974852249E+01    0.233696056049704115E+01    0.235454212690387799E+01   -0.277577397092421961E+03
   -0.155587503776152003E+01    0.232893644505623820E+01    0.234516864588923291E+01   -0.277635321666509697E+03
   -0.155897228235697027E+01    0.232350903171139089E+01    0.234887913700019269E+01   -0.277781921799674649E+03
   -0.155897228235697027E+01    0.232350903171139089E+01    0.234887913700019269E+01   -0.277781921799674649E+03
   -0.156902812489305976E+01    0.233585897182960345E+01    0.236404254004761682E+01   -0.277764183340239981E+03
   -0.156363288325912753E+01    0.233443749583972071E+01    0.235632077608141266E+01   -0.277628175147232753E+03
