-1.583312328248164258e+00 2.316309410348716735e+00 2.393429015732547072e+00
-1.551763101680140089e+00 2.344280373672353868e+00 2.327704649329396247e+00
-1.558748874968091780e+00 2.347693433450535938e+00 2.351964805387506630e+00
-1.589534300242246179e+00 2.348312317558977291e+00 2.386151122304811523e+00
-1.526271255716047603e+00 2.310983188680165501e+00 2.299700211249183113e+00
-1.537211525908625198e+00 2.313075654605649234e+00 2.312992107547982457e+00
-1.555352039908372230e+00 2.358586913415555486e+00 2.335694846791533053e+00
-1.567329045251180775e+00 2.365245271504925029e+00 2.356130933032357433e+00
-1.562113103344868748e+00 2.349145320666669257e+00 2.343271637921390038e+00
-1.559280665759168016e+00 2.306766197128748974e+00 2.348573088764531747e+00
-1.561689225138164883e+00 2.318133533688026660e+00 2.362317901612119186e+00
-1.536956055124661047e+00 2.308474332933565965e+00 2.314637271671099228e+00
-1.576003018096046482e+00 2.366249838416440543e+00 2.368355093012382895e+00
-1.534163403703092676e+00 2.329507877332203325e+00 2.314680996187766127e+00
-1.553464212484535700e+00 2.344562165457087843e+00 2.342958645118201844e+00
-1.538151273580127487e+00 2.340484911297615600e+00 2.314321972439534747e+00
-1.566347415557667322e+00 2.355876440506536440e+00 2.359305933645050146e+00
-1.582346724633534318e+00 2.361875735208892380e+00 2.375947559987995561e+00
-1.570816219804008096e+00 2.348973704966966558e+00 2.369140353637702034e+00
-1.568625152323088745e+00 2.352668581214444998e+00 2.364355422065408163e+00
-1.594180151365117259e+00 2.353369267957435618e+00 2.398220087922450006e+00
-1.586252696709483434e+00 2.325445956031072736e+00 2.388662529640575016e+00
-1.548744393316671353e+00 2.350199687771921564e+00 2.328719975440192158e+00
-1.546673563313971433e+00 2.321272513033937557e+00 2.337863493402615234e+00
-1.553163018784684102e+00 2.301560916217366692e+00 2.344151292392325558e+00
-1.583197471923295963e+00 2.333080156080379997e+00 2.389929260891296536e+00
-1.552179748898147249e+00 2.310770688176900123e+00 2.337076424713069756e+00
-1.560094016428196673e+00 2.313384462573890410e+00 2.359111496374890038e+00
-1.558403927691642377e+00 2.308342161699552975e+00 2.348031057980964675e+00
-1.566287396883599747e+00 2.359892611971664333e+00 2.355091345892612154e+00
-1.562905948568963588e+00 2.336340305236407122e+00 2.360077184659703065e+00
-1.572516605071422324e+00 2.315278658154788172e+00 2.375939658637399532e+00
-1.547370721590332066e+00 2.303531862107447203e+00 2.338892369317829178e+00
-1.591370369091385850e+00 2.342662830228476878e+00 2.393725900054823441e+00
-1.580105717795496911e+00 2.348561177053113180e+00 2.372558659699052441e+00
-1.545030418035029607e+00 2.319086533807718009e+00 2.324130514670621039e+00
-1.563008141597182821e+00 2.310671412837261851e+00 2.354629237621818305e+00
-1.585212622082007528e+00 2.324040435122054937e+00 2.389163840602455124e+00
-1.567098399469398773e+00 2.330846145942356173e+00 2.367423073876054218e+00
-1.561872058141220876e+00 2.307630032924036456e+00 2.360540823008312472e+00
-1.555947147273252451e+00 2.341034212118054292e+00 2.347423551178046353e+00
-1.583644183018772411e+00 2.353040679011537240e+00 2.378456354006166507e+00
-1.546606716173262397e+00 2.306239409954662811e+00 2.331385466953843633e+00
-1.545398288306405910e+00 2.340521360338617018e+00 2.329065598421138361e+00
-1.537345719175496894e+00 2.305389390314578346e+00 2.320024532817530627e+00
-1.564102709709437544e+00 2.355779904366402278e+00 2.348995038179593209e+00
-1.550471907656243875e+00 2.344275421562034278e+00 2.329178035579197115e+00
-1.545081995062139057e+00 2.310992931501179015e+00 2.335776199517935581e+00
-1.590151044003049297e+00 2.353783346021403933e+00 2.391741645724936305e+00
-1.586423390800250521e+00 2.358047548825256357e+00 2.386138966800130490e+00
-1.581795670425953926e+00 2.326412308874832302e+00 2.380698238400052347e+00
-1.583548415332243886e+00 2.336250152548547732e+00 2.380715849220951696e+00
-1.534751910597012881e+00 2.326346539192453378e+00 2.310243577763156253e+00
-1.543129275555460866e+00 2.303365079202739807e+00 2.330929641370397931e+00
-1.570215247583595986e+00 2.333110366609747910e+00 2.371404987237157869e+00
-1.558445724748375394e+00 2.342572432109876424e+00 2.339999311342372934e+00
-1.560632972830574339e+00 2.326304918950244716e+00 2.358266585188337316e+00
-1.535220678327148036e+00 2.308695930470149094e+00 2.318008780571316763e+00
-1.580189614244269958e+00 2.360168198407240681e+00 2.375633147688933633e+00
-1.560556546859292126e+00 2.313075023788775830e+00 2.349926544962910313e+00
-1.559307994499806060e+00 2.307221808709801092e+00 2.351231405456593038e+00
-1.539584822641062001e+00 2.312880644669760954e+00 2.326297275328357728e+00
-1.567133090671779749e+00 2.331001133261016101e+00 2.354806693419618568e+00
-1.570452809191761334e+00 2.313853773565558658e+00 2.372318271300002834e+00
-1.567453903239005797e+00 2.340176627526348252e+00 2.353777107609179353e+00
-1.566139989242014030e+00 2.351261007369971789e+00 2.359658719567040208e+00
-1.554818498108623936e+00 2.333483997971291135e+00 2.335812875080661044e+00
-1.540469263910831277e+00 2.305256986538549935e+00 2.324995693223449678e+00
-1.557747275713422974e+00 2.349117761830814999e+00 2.346432173273937494e+00
-1.570596370007449671e+00 2.311399815814584091e+00 2.369971108659129300e+00
-1.540518368856635734e+00 2.332313652181737584e+00 2.317020235297928110e+00
-1.556584608953017757e+00 2.307833156797453267e+00 2.346627219636845396e+00
-1.571533352201273326e+00 2.355543851303150582e+00 2.365961817615946927e+00
-1.573759059012518335e+00 2.314542820435180115e+00 2.373063745240671096e+00
-1.544382680395004925e+00 2.304532153792832716e+00 2.332102491053831272e+00
-1.563859467109517176e+00 2.355338437883660152e+00 2.349658503504558738e+00
-1.535928334859817168e+00 2.322773838298401117e+00 2.312477659077526226e+00
-1.541116549414518699e+00 2.305815213828206645e+00 2.327353335681030089e+00
-1.544099575324233475e+00 2.333148057607239423e+00 2.321402501970744936e+00
-1.556975112724866328e+00 2.352009042260950977e+00 2.342169461320569468e+00
-1.559016689104159248e+00 2.318753433368812455e+00 2.356355671350776504e+00
-1.554491912879520932e+00 2.305593864731765308e+00 2.345381418653239791e+00
-1.572344347242272011e+00 2.315650560107657352e+00 2.369366382720182074e+00
-1.568996923667385524e+00 2.327897782683966188e+00 2.358813243769768420e+00
-1.566446339196748694e+00 2.310129236455655821e+00 2.362543889377564099e+00
-1.564988225892618878e+00 2.350432124430364755e+00 2.357824818233320130e+00
-1.555246793476476208e+00 2.306877761340780708e+00 2.345456028059446751e+00
-1.568242408173925906e+00 2.357250759700908915e+00 2.356790735367111367e+00
-1.538891776266611222e+00 2.333113253884360194e+00 2.318600394903864270e+00
-1.537233285702296115e+00 2.322049054674478086e+00 2.320077708803424343e+00
-1.569604666350503885e+00 2.356079596197430348e+00 2.357776073879321643e+00
-1.576932385907664713e+00 2.351145662688774340e+00 2.375996581598521118e+00
-1.559827539418296105e+00 2.345712567802866300e+00 2.351344869170306495e+00
-1.536137506662679453e+00 2.326024651992085968e+00 2.316430927045232124e+00
-1.557716633479613311e+00 2.305957085104306081e+00 2.352019538541714638e+00
-1.583622831794829766e+00 2.343135627520771536e+00 2.387539823256776828e+00
-1.536775578276162069e+00 2.330064768620088600e+00 2.314857954818618779e+00
-1.565105669716629233e+00 2.322446416422192073e+00 2.364903838786410972e+00
-1.566298230898054422e+00 2.343794924223363996e+00 2.352038115154096332e+00
-1.580386274254080403e+00 2.321533852211347781e+00 2.382653604205005493e+00
-1.550735967942556526e+00 2.344981256730434893e+00 2.335427661283887346e+00
-1.565557150615702886e+00 2.335062856330525793e+00 2.351944173803602212e+00
-1.540555193994367134e+00 2.332381371832561445e+00 2.317531416799967658e+00
-1.554150260748326406e+00 2.348410505487676492e+00 2.335759557615290305e+00
-1.586822934712433852e+00 2.351450742062157762e+00 2.385799220916361207e+00
-1.542801853518278810e+00 2.310723934200820562e+00 2.331118567268674724e+00
-1.540075244878990945e+00 2.307347449981470344e+00 2.325226716080363687e+00
-1.548526472082310645e+00 2.322076370190505834e+00 2.339472610557592702e+00
-1.538465838611375203e+00 2.326841403720580459e+00 2.320722040277139797e+00
-1.572790499103651207e+00 2.332593126469123312e+00 2.363994550189246979e+00
-1.535395056960149995e+00 2.325360717987483561e+00 2.313017253835706555e+00
-1.556461627925479263e+00 2.309504956951382582e+00 2.345922610469058256e+00
-1.561577918565706158e+00 2.308440779019830913e+00 2.355531778832473222e+00
-1.585428634714414642e+00 2.348418471932939511e+00 2.383174688059819246e+00
-1.574369331623835411e+00 2.325317447057548836e+00 2.377417905641163287e+00
-1.547092235694136342e+00 2.326908063690038997e+00 2.326340767901717399e+00
-1.564722738347558373e+00 2.355101306913773840e+00 2.351672683457387336e+00
-1.539192080981705901e+00 2.314842852796761719e+00 2.318731691637141878e+00
-1.535125731405565297e+00 2.313702765960316654e+00 2.316045005430165560e+00
-1.574959695816792404e+00 2.348175765080835475e+00 2.365406881475063727e+00
-1.566181733038099599e+00 2.310960183065880358e+00 2.361949768328582167e+00
-1.555953122807982369e+00 2.317755561892326455e+00 2.351524770963074218e+00
-1.571844821529206015e+00 2.326287256847377805e+00 2.364223275812166847e+00
-1.540881012039221343e+00 2.333767144387547177e+00 2.322036555799208202e+00
-1.548776873798899612e+00 2.332501732289797403e+00 2.337258440962342476e+00
-1.556923681010611293e+00 2.346035495617475153e+00 2.338900975898338785e+00
-1.547827666134342195e+00 2.305670342752040636e+00 2.336699332374500671e+00
-1.551972602768614928e+00 2.345419011708401502e+00 2.337050716025967034e+00
-1.563802379359336081e+00 2.329099240995480269e+00 2.350603002092761074e+00
-1.545112533677324596e+00 2.312322185552055043e+00 2.327733885411181092e+00
-1.546014536387974037e+00 2.323201871374745320e+00 2.325678249648969853e+00
-1.579240432817239137e+00 2.339438856471026007e+00 2.373526576219138207e+00
-1.566337922174169783e+00 2.350295144177001028e+00 2.359621462441040762e+00
-1.585905987449720556e+00 2.350455130229272438e+00 2.387434768654950190e+00
-1.541511688023870175e+00 2.321291009847768372e+00 2.320106496140741825e+00
-1.549376216555575780e+00 2.311183190248964348e+00 2.334425581555400697e+00
-1.574401857570676855e+00 2.318674335394620645e+00 2.376695792641303484e+00
-1.559008175320067302e+00 2.342125536574560574e+00 2.341713098984016028e+00
-1.552306242961887017e+00 2.306387549905893231e+00 2.342286251144978237e+00
-1.542811136184794263e+00 2.324320423314329531e+00 2.321217150976284671e+00
-1.580791778340481901e+00 2.330465405957138358e+00 2.385144915578745639e+00
-1.547142130672256588e+00 2.321578080538360123e+00 2.337047418854211855e+00
-1.580582358446974034e+00 2.331736012815546655e+00 2.384830889833418510e+00
-1.545571427338236825e+00 2.306859298223586929e+00 2.331907662104617529e+00
-1.579696522650128054e+00 2.341230098816964311e+00 2.382342076424892596e+00
-1.555203255660674078e+00 2.349058551725260902e+00 2.340103430714643551e+00
-1.545302114254759385e+00 2.319031954492773551e+00 2.325790965007080047e+00
-1.544372026885143745e+00 2.307018487122748152e+00 2.332003040714237585e+00
-1.540363901483902787e+00 2.323822158008364891e+00 2.318310996194734130e+00
-1.544908483065175808e+00 2.328414369883752055e+00 2.323441750589505972e+00
-1.580285851858746593e+00 2.355353980528524627e+00 2.375432305228091678e+00
-1.568826870839149956e+00 2.346014878560021000e+00 2.365137167298126286e+00
-1.549183377121068794e+00 2.330772846241586649e+00 2.328938429422215961e+00
-1.546389817432838099e+00 2.306830056912247962e+00 2.333487426792370201e+00
-1.578841701252049923e+00 2.326320869585438267e+00 2.382617955712166946e+00
-1.555874317281188857e+00 2.334597181713552683e+00 2.337905747071079787e+00
-1.573289033989042407e+00 2.324195408602635293e+00 2.375676410922070048e+00
-1.539503621883353324e+00 2.318015500043515420e+00 2.318599296471198556e+00
-1.542411066721662394e+00 2.318690502404845866e+00 2.322111639232645075e+00
-1.536728472145139968e+00 2.316259833658649736e+00 2.319009514116368464e+00
-1.563156429719074758e+00 2.348799903524127153e+00 2.348003797127780956e+00
-1.564776702877358705e+00 2.310439862347033024e+00 2.361155460183308463e+00
-1.561405035484292103e+00 2.345786691028595605e+00 2.345328487198017342e+00
-1.563405758848816163e+00 2.346769073753685042e+00 2.348225574818716410e+00
-1.554538877803528951e+00 2.343373341832491796e+00 2.335851155495603848e+00
-1.559479052681271183e+00 2.312252466107759030e+00 2.356229218937828662e+00
-1.550239414294695361e+00 2.307320666160305844e+00 2.338628865416211511e+00
-1.567884594536276932e+00 2.312743779931487609e+00 2.364560391162257247e+00
-1.566332029788376712e+00 2.354046691379498402e+00 2.356686901146538560e+00
-1.583324682017861251e+00 2.340159030578730981e+00 2.380966239549387353e+00
-1.573089164705562926e+00 2.330876601752135624e+00 2.365323110557124409e+00
-1.584897432309701371e+00 2.339473529244349148e+00 2.388797966891196722e+00
-1.568366458553682730e+00 2.346248524865355733e+00 2.364217097524656808e+00
-1.537764318199831726e+00 2.326913318848938594e+00 2.316009034651660414e+00
-1.546901499270567415e+00 2.307401547331333180e+00 2.333976487691755253e+00
-1.558665132885325377e+00 2.319221502108535837e+00 2.345631716115683219e+00
-1.558465585878991755e+00 2.311813186791257912e+00 2.354641619603656366e+00
-1.557211049566542105e+00 2.315540378374921104e+00 2.353091523534867946e+00
-1.569064713721447735e+00 2.317423346786685823e+00 2.369682896682167694e+00
-1.540423055444520184e+00 2.309749358909633621e+00 2.324242874324895070e+00
-1.545193088867219844e+00 2.322431894874483760e+00 2.333352748929550913e+00
-1.559837898678563040e+00 2.348962931913527008e+00 2.348840786981838846e+00
-1.541578352813386399e+00 2.323769735116014257e+00 2.326734375693447987e+00
-1.567967942902977363e+00 2.321259392037019698e+00 2.359872496792153385e+00
-1.541065875137213492e+00 2.310756001957717132e+00 2.326911904646147278e+00
-1.548918748304283444e+00 2.309698550995960886e+00 2.340006013246556549e+00
-1.539292410000443256e+00 2.321353344086229953e+00 2.317860787360089603e+00
-1.565367833847450374e+00 2.312498934799885220e+00 2.360073921243767359e+00
-1.565932548388152989e+00 2.352497526758051460e+00 2.357091062936923720e+00
-1.549469627442792374e+00 2.342455306786700220e+00 2.330008235858016974e+00
-1.563756301702942331e+00 2.344393932274547065e+00 2.348856114605943901e+00
-1.572604328605380575e+00 2.317234038496703175e+00 2.373543692918389070e+00
-1.568079312346364773e+00 2.342762007143816216e+00 2.355453024578014976e+00
-1.570592167657885563e+00 2.315468051061383647e+00 2.370623279529961991e+00
-1.547185591988423647e+00 2.307790913544256473e+00 2.334349759268070201e+00
-1.582323390974554655e+00 2.345578258252918324e+00 2.384251193167498784e+00
-1.584192419724383516e+00 2.345359206930436535e+00 2.382114724739555101e+00
-1.582169359578571743e+00 2.341830329507997188e+00 2.378783166132851790e+00
-1.544863552196593659e+00 2.328771228433241358e+00 2.323708666872343898e+00
-1.548038193337160084e+00 2.311659653914722501e+00 2.338753902639908233e+00
-1.555556176934029811e+00 2.348145307515507874e+00 2.340690328295419675e+00
-1.544775246883679731e+00 2.330267037206634306e+00 2.323481257604251837e+00
-1.563201780466852320e+00 2.352269999319389626e+00 2.349616928652700665e+00
-1.557281936877658035e+00 2.347889082624173618e+00 2.340558842125819439e+00
-1.543193175489934621e+00 2.308802967332213019e+00 2.328688756364385881e+00
-1.548634625420165278e+00 2.310568825124371006e+00 2.339520096410080185e+00
-1.571665058948607196e+00 2.335208565685049642e+00 2.362192010624216465e+00
-1.554444947275480882e+00 2.341434506359152845e+00 2.335882236668274103e+00
-1.563182552366762401e+00 2.327131933979361911e+00 2.360878082933812294e+00
-1.546958814978860008e+00 2.322714055991519366e+00 2.327583090090502793e+00
-1.545660523215061533e+00 2.336167364033295168e+00 2.329502078090515127e+00
-1.560150657119385276e+00 2.331863710411619550e+00 2.344883601741884149e+00
-1.580212085082693729e+00 2.327844384140801193e+00 2.379366181566670235e+00
-1.558034898479017549e+00 2.341813229539749575e+00 2.340825263444308746e+00
-1.562511966830220755e+00 2.338674710910978227e+00 2.347482729750611341e+00
-1.573668637476384635e+00 2.320654276692702744e+00 2.370378595662359089e+00
-1.586182750137834274e+00 2.344565869441060268e+00 2.388230230865897141e+00
-1.540439371255091672e+00 2.331454819584889204e+00 2.320486701615893210e+00
-1.556328021786709703e+00 2.345038198992509315e+00 2.344556992963575226e+00
-1.541156305797488191e+00 2.312037989755362233e+00 2.323707641817563285e+00
-1.541642578553245269e+00 2.331503252526256453e+00 2.323610052866664333e+00
-1.537469249959542594e+00 2.322951677429127226e+00 2.316588422317508389e+00
-1.575372890158106109e+00 2.325961401871591061e+00 2.371099492652939844e+00
-1.565586716565007031e+00 2.314331269846449768e+00 2.364290110922581789e+00
-1.538309070454075611e+00 2.324112197168036520e+00 2.317031984008018242e+00
-1.554623881585744272e+00 2.309627550402125973e+00 2.348148135804571268e+00
-1.562981151325612883e+00 2.352278762791779165e+00 2.350383484049793026e+00
-1.545568306867223463e+00 2.335209116873834034e+00 2.329642812045287670e+00
-1.551595426134545042e+00 2.344487800976058356e+00 2.333769079401404767e+00
-1.567448843941461778e+00 2.347491321776543405e+00 2.361933024428461536e+00
-1.564357017458557264e+00 2.311530615441362624e+00 2.360842552305085107e+00
-1.562434454699175745e+00 2.351787842466313005e+00 2.350311107774775365e+00
-1.583766774738621264e+00 2.349509419137019162e+00 2.383951639176430604e+00
-1.576875046038581196e+00 2.321289242557130095e+00 2.377479826156923437e+00
-1.569321663873046280e+00 2.321939733680703277e+00 2.369916378325644502e+00
-1.546061831461376546e+00 2.329272935471292882e+00 2.325434907684051922e+00
-1.561106855186330966e+00 2.319828633558675968e+00 2.349570029950482919e+00
-1.562584545853438200e+00 2.326689355842903151e+00 2.349829282455607071e+00
-1.553391279199749508e+00 2.326071821403954853e+00 2.345820711854997853e+00
-1.558048338138446898e+00 2.317582736198021465e+00 2.353959034015950635e+00
-1.575942591376484847e+00 2.323372655158431055e+00 2.373472402486591193e+00
-1.557947794603093516e+00 2.342936985910373693e+00 2.340897576567147809e+00
-1.540081112742650582e+00 2.318679346794824792e+00 2.319922088142389427e+00
-1.547894888913653233e+00 2.321486636336363762e+00 2.337684752927742693e+00
-1.571368072157840245e+00 2.316229304764043206e+00 2.370512155436157897e+00
-1.578684306137537963e+00 2.327400516491915816e+00 2.381689666043660836e+00
-1.561388259066250228e+00 2.328667907646900126e+00 2.357764590697787099e+00
-1.544091408734713511e+00 2.333767480032496344e+00 2.323137585315906861e+00
-1.546930429024015563e+00 2.319173117530695993e+00 2.328701161067399994e+00
-1.575557888457272293e+00 2.328115232983567484e+00 2.370819217385619737e+00
-1.550241026106411457e+00 2.342972790286586893e+00 2.333255208087159360e+00
-1.561643524611404876e+00 2.349461758519161059e+00 2.346935151300780120e+00
-1.539175035687910365e+00 2.324630311488610879e+00 2.321079234521972623e+00
-1.573601921066525522e+00 2.320024121631175884e+00 2.371038493840449846e+00
-1.582613738257500735e+00 2.341635017508560956e+00 2.385094192155545301e+00
-1.572373629799922679e+00 2.333587446255597442e+00 2.373000024728792567e+00
-1.577880067246593132e+00 2.351345515953697785e+00 2.371469379535984245e+00
-1.537865766163130754e+00 2.317589579412337120e+00 2.318911822353983965e+00
-1.555987959124914166e+00 2.325795748213925762e+00 2.349887143151237368e+00
-1.554899656672176445e+00 2.342985865673250068e+00 2.336989674832620878e+00
-1.550092429719859721e+00 2.308867689742743590e+00 2.340515385718457964e+00
-1.547895436370341438e+00 2.313723354420036404e+00 2.332104552222251215e+00
-1.545952343971756404e+00 2.330108401839485310e+00 2.332181937872206845e+00
-1.548209524886983601e+00 2.335644096440721018e+00 2.328085313724200134e+00
-1.557614866403278508e+00 2.328504641316046619e+00 2.341963082687723130e+00
-1.566092767855833845e+00 2.350750917635658244e+00 2.357761066659575633e+00
-1.550512311705834367e+00 2.341419542099218987e+00 2.335328390900471618e+00
-1.566465702693866646e+00 2.313286160957077620e+00 2.363407265410089053e+00
-1.567247023413619988e+00 2.349828908733644806e+00 2.360222080459756455e+00
-1.553526947395400537e+00 2.333492486732920757e+00 2.335278850452485955e+00
-1.570770194344123016e+00 2.334176473024587750e+00 2.370544018407992226e+00
-1.583847288809740128e+00 2.335655879520815770e+00 2.384434837183581735e+00
-1.578277182551682811e+00 2.346770041010723951e+00 2.378003428657585516e+00
-1.552798606880638754e+00 2.326228797925880443e+00 2.344679904428055295e+00
-1.582820272377523096e+00 2.345364641213991241e+00 2.384199983903950937e+00
-1.544263215068121031e+00 2.313221663486340063e+00 2.331967392143569739e+00
-1.574514336147850191e+00 2.327247931405957537e+00 2.369424286074394814e+00
-1.576808000154222622e+00 2.353737768745446157e+00 2.371867985700328418e+00
-1.563488945548969999e+00 2.346683369698817412e+00 2.355623029157529302e+00
-1.584803482823822218e+00 2.337780462554226002e+00 2.386820565198652488e+00
-1.580653798008747835e+00 2.327928043735926433e+00 2.381416411970176839e+00
-1.569803371975637241e+00 2.351223587106302304e+00 2.363438952520587222e+00
-1.553437964888260359e+00 2.344597927192695330e+00 2.336063643226840014e+00
-1.577224990963127516e+00 2.322941905413336894e+00 2.377278533447054087e+00
-1.580023353143518605e+00 2.350689224439316494e+00 2.375426054170180379e+00
-1.568637630083425938e+00 2.344039323152996790e+00 2.364812467328549772e+00
-1.581209213708671291e+00 2.331398711155571846e+00 2.380560863766291391e+00
-1.539644615276640982e+00 2.320232191498216689e+00 2.322869921648232250e+00
-1.583019298363740779e+00 2.348024536774754978e+00 2.383110159958263807e+00
-1.582736250185224014e+00 2.334133832656887453e+00 2.382746133982099224e+00
-1.547592873949004577e+00 2.324252570401450502e+00 2.328573344859496075e+00
-1.541241149748320716e+00 2.312584360442410780e+00 2.325045570253026384e+00
-1.545342873948175821e+00 2.310073907858200215e+00 2.332485256280776298e+00
-1.556904293439704601e+00 2.309965476295504416e+00 2.348881626555851199e+00
-1.546031424046495184e+00 2.326395416876501532e+00 2.333226881033006350e+00
-1.542119689472496891e+00 2.325996254851422584e+00 2.321390677178081674e+00
-1.544387894305226716e+00 2.330055824421151112e+00 2.329082212826921960e+00
-1.555825889800842576e+00 2.320974455143735682e+00 2.350075025876767754e+00
-1.548681880781352493e+00 2.312237905215388079e+00 2.338979565850362263e+00
-1.560817050204844625e+00 2.349781538019112048e+00 2.347997897587401184e+00
-1.548204685849035034e+00 2.310956034390672098e+00 2.334517678424470333e+00
-1.541511981243448126e+00 2.320029906816696297e+00 2.326364150198660496e+00
-1.547918085408019895e+00 2.311148588666918968e+00 2.334024347779795505e+00
-1.556731959812172272e+00 2.325566883286700470e+00 2.341512511992348777e+00
-1.544459442486344480e+00 2.326923664108412115e+00 2.324172219585493693e+00
-1.553727957814200256e+00 2.332266872897885257e+00 2.344567828078005789e+00
-1.567152610933710388e+00 2.318234973634912599e+00 2.360676042941411978e+00
-1.578833029068531957e+00 2.332766425177952740e+00 2.375652020975671519e+00
-1.547422517197595937e+00 2.310140143356793185e+00 2.335862460466749724e+00
-1.580451545144426539e+00 2.343338939295507295e+00 2.381558158401357872e+00
-1.581006124623107523e+00 2.341649462491973921e+00 2.382653076513998158e+00
-1.581006124623107523e+00 2.341649462491973921e+00 2.382653076513998158e+00
-1.578689439222185076e+00 2.332462331446423676e+00 2.381099355101985893e+00
-1.540495770017352495e+00 2.323809039257839437e+00 2.323302510497882167e+00
-1.572085756947554813e+00 2.332502703465430205e+00 2.372432264832172066e+00
-1.572226399263241481e+00 2.347651041068139932e+00 2.362497763201202972e+00
-1.547478075035729095e+00 2.317426200638589506e+00 2.330471230697494178e+00
-1.564869214362028194e+00 2.314407240195123450e+00 2.359235073540130401e+00
-1.565205060838525064e+00 2.332990568942775234e+00 2.362358154215769446e+00
-1.565329127688425803e+00 2.324731495146560079e+00 2.355131140442498605e+00
-1.565329127688425803e+00 2.324731495146560079e+00 2.355131140442498605e+00
-1.563430410171770202e+00 2.317956916003648615e+00 2.361209672375297330e+00
-1.581234403584508730e+00 2.334301297010929588e+00 2.379909517045661005e+00
-1.571057322855708538e+00 2.321525297754597261e+00 2.366060248308528458e+00
-1.562248126876558452e+00 2.333097836572944672e+00 2.348378091996343286e+00
-1.540140196194216493e+00 2.318177100335118812e+00 2.323480501843540935e+00
-1.540140196194216493e+00 2.318177100335118812e+00 2.323480501843540935e+00
-1.569895892434851614e+00 2.321822551785744260e+00 2.363863426422748049e+00
-1.561360875269579562e+00 2.347841125883536328e+00 2.346904277719797705e+00
-1.539475731614566634e+00 2.320503546028831909e+00 2.320330315242154384e+00
-1.556819840533583799e+00 2.343727145196197625e+00 2.345252398071174582e+00
-1.553292087397087462e+00 2.326801621304069645e+00 2.336298649532078997e+00
-1.542421260207112788e+00 2.321317757132340454e+00 2.327586391897725093e+00
-1.563461619439182382e+00 2.350408157258403907e+00 2.352041602932530395e+00
-1.561053724657573305e+00 2.320694379077637315e+00 2.349714217718990028e+00
-1.539787155903674876e+00 2.318437985713357019e+00 2.321269347653014847e+00
-1.581435407861533138e+00 2.331517955338414883e+00 2.383339259005071042e+00
-1.560124359459037269e+00 2.311941826934809541e+00 2.355049092911006170e+00
-1.560124359459037269e+00 2.311941826934809541e+00 2.355049092911006170e+00
-1.555186741094912728e+00 2.324956964275373572e+00 2.339501509155459402e+00
-1.552411342259584437e+00 2.340513704493169200e+00 2.334264621150223817e+00
-1.572231895376089872e+00 2.320975245969889134e+00 2.368700089591913027e+00
-1.557274084791994584e+00 2.345864386388797129e+00 2.341452809504676935e+00
-1.557274084791994584e+00 2.345864386388797129e+00 2.341452809504676935e+00
-1.540392470900021848e+00 2.321272578007234522e+00 2.320880837318711087e+00
-1.539792566986620148e+00 2.320819606663996115e+00 2.321957090043582639e+00
-1.559204204714021103e+00 2.343173678312544528e+00 2.343329466406441242e+00
-1.569473970462178070e+00 2.339235634029314781e+00 2.358756425735306195e+00
-1.573985514681226050e+00 2.344455993266653770e+00 2.365519993828018031e+00
-1.542255328970852934e+00 2.319186745604939759e+00 2.327454406279931831e+00
-1.540386570401016009e+00 2.321499959982706418e+00 2.323221255023915077e+00
-1.552732495932182877e+00 2.310222149542628500e+00 2.343343177680729639e+00
-1.553009517754574631e+00 2.323086082390803497e+00 2.345147781648284635e+00
-1.553009517754574631e+00 2.323086082390803497e+00 2.345147781648284635e+00
-1.555564875244081824e+00 2.326228935257697028e+00 2.339833448784268910e+00
-1.555564875244081824e+00 2.326228935257697028e+00 2.339833448784268910e+00
-1.549622758779162890e+00 2.322668239463316464e+00 2.332122412680806889e+00
-1.565130540424607197e+00 2.332257014300413100e+00 2.353087540138114164e+00
-1.553355570047045386e+00 2.315594195605140015e+00 2.346180613833539041e+00
-1.553355570047045386e+00 2.315594195605140015e+00 2.346180613833539041e+00
-1.556515109395801622e+00 2.343366149536619591e+00 2.339894981226038340e+00
-1.566063178316569493e+00 2.343625808058324544e+00 2.353258551835814671e+00
-1.563991855061623193e+00 2.323886765407886745e+00 2.361704319062274848e+00
-1.549291923453206543e+00 2.339585604833703592e+00 2.332647576275814316e+00
-1.582161996741292986e+00 2.346710082849623014e+00 2.381359122625273272e+00
-1.554866547422963485e+00 2.338245726600550967e+00 2.344218209373456929e+00
-1.554866547422963485e+00 2.338245726600550967e+00 2.344218209373456929e+00
-1.562784152632198609e+00 2.313312465938362816e+00 2.357051458173595293e+00
-1.547377869227782643e+00 2.311351533600074948e+00 2.334087691966191258e+00
-1.581830942991782063e+00 2.341859533117939041e+00 2.379693969146892130e+00
-1.581830942991782063e+00 2.341859533117939041e+00 2.379693969146892130e+00
-1.552954539930029298e+00 2.339033505101196120e+00 2.340502429013810115e+00
-1.571750002480539976e+00 2.324282511584772504e+00 2.366296898812388250e+00
-1.565569593218107070e+00 2.318403725565022722e+00 2.358249292783449746e+00
-1.565569593218107070e+00 2.318403725565022722e+00 2.358249292783449746e+00
-1.573463621931851408e+00 2.351136525825559431e+00 2.365516564829647450e+00
-1.560398240067741416e+00 2.323686253999531992e+00 2.347869286237663999e+00
-1.582571471532335128e+00 2.345411595160579843e+00 2.382096580800272534e+00
-1.541025950668743594e+00 2.316541060301120503e+00 2.323763278224337370e+00
-1.559286661452909950e+00 2.318281335061287418e+00 2.355033372152027127e+00
-1.571815611109525612e+00 2.323255568095681678e+00 2.366920342078341122e+00
-1.555840544428085614e+00 2.326053397169820514e+00 2.340359636746637051e+00
-1.574788404725051105e+00 2.340021685357810188e+00 2.374482578060002069e+00
-1.574298982390453627e+00 2.351681692708925020e+00 2.368621020096446372e+00
-1.562177355451791705e+00 2.332747296536244797e+00 2.348527110378599403e+00
-1.578708829847844219e+00 2.341117037169426318e+00 2.379451918656021903e+00
-1.545707701608601159e+00 2.334894212972414174e+00 2.326726102444752087e+00
-1.561094105783217056e+00 2.322258205278570742e+00 2.357530602989809765e+00
-1.577055208359277927e+00 2.327728206517519105e+00 2.378699802175304967e+00
-1.577055208359277927e+00 2.327728206517519105e+00 2.378699802175304967e+00
-1.545446557971881241e+00 2.329463522615134341e+00 2.330657930325575222e+00
-1.542542479956988899e+00 2.314582898097844232e+00 2.327318760985544799e+00
-1.569762761635142390e+00 2.336215781569423999e+00 2.368169926453623120e+00
-1.580164647969948044e+00 2.331218263602628848e+00 2.379651755613052089e+00
-1.548616685751177835e+00 2.311347306842618021e+00 2.335954997914534204e+00
-1.548616685751177835e+00 2.311347306842618021e+00 2.335954997914534204e+00
-1.573913819726125762e+00 2.344152225508000509e+00 2.365592753025456574e+00
-1.574454274664913722e+00 2.347288982861865492e+00 2.371645754440354636e+00
-1.574454274664913722e+00 2.347288982861865492e+00 2.371645754440354636e+00
-1.564336198056246685e+00 2.349542337194460817e+00 2.352003392834332018e+00
-1.579541137488246427e+00 2.334015082136588592e+00 2.377153486321677889e+00
-1.579541137488246427e+00 2.334015082136588592e+00 2.377153486321677889e+00
-1.562836399008517008e+00 2.346239564590264504e+00 2.353966684476610283e+00
-1.568649318868497344e+00 2.346729650454973726e+00 2.357380037533715722e+00
-1.568649318868497344e+00 2.346729650454973726e+00 2.357380037533715722e+00
-1.564652009017311940e+00 2.343641571318828110e+00 2.351310850564111377e+00
-1.564652009017311940e+00 2.343641571318828110e+00 2.351310850564111377e+00
-1.560977634796754332e+00 2.348236549892801506e+00 2.348808755568207118e+00
-1.569331689016020270e+00 2.317712830843963623e+00 2.367711773709160639e+00
-1.562693352672501979e+00 2.316741170619938561e+00 2.354395594872944031e+00
-1.553677310690432689e+00 2.312824524552124839e+00 2.342186228020583627e+00
-1.553677310690432689e+00 2.312824524552124839e+00 2.342186228020583627e+00
-1.550030326727941388e+00 2.339975350331868764e+00 2.333095598497861189e+00
-1.577307276595517616e+00 2.339022259268876525e+00 2.377990793654658930e+00
-1.577307276595517616e+00 2.339022259268876525e+00 2.377990793654658930e+00
-1.579895914304640048e+00 2.345544062242739702e+00 2.379413568039796090e+00
-1.559461205558837715e+00 2.341497079984473206e+00 2.343887311755237235e+00
-1.579684048867441959e+00 2.347067341119818629e+00 2.375754434033069629e+00
-1.579684048867441959e+00 2.347067341119818629e+00 2.375754434033069629e+00
-1.550934257157400964e+00 2.335503206038876289e+00 2.338235717982573902e+00
-1.578389614953114917e+00 2.335629734302334448e+00 2.374645222849467885e+00
-1.567693867304926991e+00 2.318698378017487460e+00 2.362101279736620540e+00
-1.567693867304926991e+00 2.318698378017487460e+00 2.362101279736620540e+00
-1.552066890725880777e+00 2.324495533538326164e+00 2.335361495516284691e+00
-1.550216560400105692e+00 2.338502694693585404e+00 2.331996708921540318e+00
-1.550216560400105692e+00 2.338502694693585404e+00 2.331996708921540318e+00
-1.568531231963196992e+00 2.330114745153479827e+00 2.359187490303893853e+00
-1.570760604137900307e+00 2.329015473255900304e+00 2.370595141004345763e+00
-1.555694964065632124e+00 2.344646029847436530e+00 2.341125719349504308e+00
-1.575324607758746387e+00 2.337777126646382264e+00 2.375526426294921833e+00
-1.563942627362779003e+00 2.332380129607283692e+00 2.360216742502078802e+00
-1.579689631315129406e+00 2.346238647667312716e+00 2.375814371129518321e+00
-1.567307511436686118e+00 2.318677825823569183e+00 2.361489976545424696e+00
-1.569626778987386784e+00 2.330597767450017788e+00 2.360884056122301899e+00
-1.545751084139173726e+00 2.333603933292416333e+00 2.326711600845190020e+00
-1.571861515191244063e+00 2.351002970911044709e+00 2.363756527796574858e+00
-1.574562192484024736e+00 2.350728616982908026e+00 2.369263556352320776e+00
-1.573936853313679274e+00 2.322544744492669899e+00 2.372017243726300961e+00
-1.572919977638394640e+00 2.341814497467379130e+00 2.371152592983222007e+00
-1.572919977638394640e+00 2.341814497467379130e+00 2.371152592983222007e+00
-1.556979038845337726e+00 2.345420090419665371e+00 2.342199106677218978e+00
-1.542214878271153999e+00 2.324870066751951736e+00 2.322900029882951856e+00
-1.554581686229019599e+00 2.316350459716685073e+00 2.347717327721813518e+00
-1.556760247227968019e+00 2.319147783968421361e+00 2.343987911210142272e+00
-1.574839808874129776e+00 2.345322650219693106e+00 2.367317573331575886e+00
-1.568420947263824861e+00 2.326467276516555938e+00 2.360096095034068142e+00
-1.542581204919780236e+00 2.319249388968688486e+00 2.324448186707781971e+00
-1.563669073349129857e+00 2.317231102645932683e+00 2.360775153122386172e+00
-1.563669073349129857e+00 2.317231102645932683e+00 2.360775153122386172e+00
-1.547277033131863044e+00 2.320832353866856490e+00 2.335693750918361289e+00
-1.548794104086827828e+00 2.312015485063234177e+00 2.336358720469311478e+00
-1.549212454632641567e+00 2.334124811008403189e+00 2.335493274185377999e+00
-1.544939095797626338e+00 2.330622516860504589e+00 2.328711538471273101e+00
-1.561340825936565757e+00 2.314766206832389983e+00 2.353679294092383856e+00
-1.551214850254428512e+00 2.336564151531446587e+00 2.332996029829406126e+00
-1.576157953658386290e+00 2.349669810684666960e+00 2.370321918615090340e+00
-1.576157953658386290e+00 2.349669810684666960e+00 2.370321918615090340e+00
-1.543509094543487503e+00 2.315402957818271545e+00 2.328736973666874377e+00
-1.566179938218423384e+00 2.319956905557147397e+00 2.364421149227988295e+00
-1.560332004390536209e+00 2.342106905278378726e+00 2.345307340637926785e+00
-1.557180857610925173e+00 2.326699710049557890e+00 2.350819630676237892e+00
-1.545415828542694436e+00 2.321858676758535633e+00 2.332251257747770978e+00
-1.545415828542694436e+00 2.321858676758535633e+00 2.332251257747770978e+00
-1.555942904556641082e+00 2.312588557757490726e+00 2.346414917974048109e+00
-1.545544643395189599e+00 2.333488850963992611e+00 2.327895844913276946e+00
-1.559182390431235188e+00 2.327724783069741399e+00 2.345231626952482884e+00
-1.559182390431235188e+00 2.327724783069741399e+00 2.345231626952482884e+00
-1.548613966224176686e+00 2.317758961815131968e+00 2.338133909424875867e+00
-1.555151118303461644e+00 2.342194048768326819e+00 2.338660361233340979e+00
-1.555151118303461644e+00 2.342194048768326819e+00 2.338660361233340979e+00
-1.544686479257834977e+00 2.316326094540073655e+00 2.331277833304191915e+00
-1.575658096388405260e+00 2.325184547681383496e+00 2.376104248632071148e+00
-1.568800289869474174e+00 2.350337941060661073e+00 2.360313097592294795e+00
-1.568216611513864933e+00 2.327728769229671979e+00 2.359462192804684832e+00
-1.568216611513864933e+00 2.327728769229671979e+00 2.359462192804684832e+00
-1.562398909551914628e+00 2.347818365011094865e+00 2.349450445520497865e+00
-1.559273030043792252e+00 2.345895143330251287e+00 2.347252305126927396e+00
-1.559273030043792252e+00 2.345895143330251287e+00 2.347252305126927396e+00
-1.563104754304171173e+00 2.346419648121867318e+00 2.349736108371551779e+00
-1.580254131456254374e+00 2.346055583053969773e+00 2.378894979659087028e+00
-1.553806390122270065e+00 2.311940768575984073e+00 2.344998290406856256e+00
-1.556565742881181436e+00 2.312868595548601025e+00 2.347320095946450635e+00
-1.554837385161595975e+00 2.339231502515910943e+00 2.337825574809730966e+00
-1.554837385161595975e+00 2.339231502515910943e+00 2.337825574809730966e+00
-1.546573321516977462e+00 2.313341297172737399e+00 2.332574754741120415e+00
-1.546573321516977462e+00 2.313341297172737399e+00 2.332574754741120415e+00
-1.556986351612788866e+00 2.337780902010739847e+00 2.340690802940946114e+00
-1.564236356712207732e+00 2.349003670469992588e+00 2.353016659753974338e+00
-1.573870993028928300e+00 2.325936840492211832e+00 2.374444563786621387e+00
-1.573870993028928300e+00 2.325936840492211832e+00 2.374444563786621387e+00
-1.575617325588812623e+00 2.333577189093522186e+00 2.376366235704042040e+00
-1.575617325588812623e+00 2.333577189093522186e+00 2.376366235704042040e+00
-1.549506875719693699e+00 2.326621183488164490e+00 2.338291006748448808e+00
-1.555490936134913404e+00 2.334949347170180989e+00 2.346023054605307578e+00
-1.555490936134913404e+00 2.334949347170180989e+00 2.346023054605307578e+00
-1.576268535952773497e+00 2.347695458610628449e+00 2.373376258233228953e+00
-1.569542111064748502e+00 2.347605855959121524e+00 2.363654931751732136e+00
-1.561336791416457315e+00 2.347500480658595734e+00 2.349268608954609761e+00
-1.561336791416457315e+00 2.347500480658595734e+00 2.349268608954609761e+00
-1.580898589570664203e+00 2.339472544013559752e+00 2.379162183092233818e+00
-1.558569871213545399e+00 2.344565412869024978e+00 2.343556737490132491e+00
-1.548226775950578116e+00 2.314993972901453922e+00 2.337242656728022894e+00
-1.568427226802462826e+00 2.347327763761286157e+00 2.362036028705411184e+00
-1.561913652745932746e+00 2.322130290067567326e+00 2.358368456985955319e+00
-1.566109259722517688e+00 2.331311838571011652e+00 2.363453775433759674e+00
-1.546396997602009105e+00 2.319120100873623525e+00 2.334143885274075458e+00
-1.569873407268814081e+00 2.332598758085909552e+00 2.361018044040489983e+00
-1.569873407268814081e+00 2.332598758085909552e+00 2.361018044040489983e+00
-1.561814031148274884e+00 2.332248141077841286e+00 2.348407181384320808e+00
-1.552637123540062669e+00 2.323245523527299294e+00 2.336759946024443479e+00
-1.552637123540062669e+00 2.323245523527299294e+00 2.336759946024443479e+00
-1.570468540325695717e+00 2.319631275264951498e+00 2.367947068887982454e+00
-1.575666703455933071e+00 2.347206796787532745e+00 2.372732719611187591e+00
-1.579868172528435588e+00 2.335417342803695728e+00 2.378149153258126702e+00
-1.567434877920757863e+00 2.319615371601496889e+00 2.361562307810043393e+00
-1.544154365297312204e+00 2.316779046522041696e+00 2.329952452496105053e+00
-1.555962742043956792e+00 2.325158045794828876e+00 2.341140495318372317e+00
-1.555962742043956792e+00 2.325158045794828876e+00 2.341140495318372317e+00
-1.549346125817601560e+00 2.321028292952409089e+00 2.332744060919790030e+00
-1.557084267001761280e+00 2.339265150138380545e+00 2.340928252915597696e+00
-1.557084267001761280e+00 2.339265150138380545e+00 2.340928252915597696e+00
-1.558749389008813324e+00 2.345489355254777308e+00 2.344438877172954960e+00
-1.568174998149710397e+00 2.324139486733031834e+00 2.367058601235914495e+00
-1.564433106377321803e+00 2.346967332243916626e+00 2.355599705729860105e+00
-1.554115516260724306e+00 2.332859854289509816e+00 2.344301166751394661e+00
-1.565224240418751300e+00 2.326499496693470892e+00 2.362783360603707195e+00
-1.569968993721165162e+00 2.322168786172082111e+00 2.364787131651933549e+00
-1.562856395194324621e+00 2.339217151191482547e+00 2.356496115622110921e+00
-1.571527017853881381e+00 2.322730345969864274e+00 2.367421193483945530e+00
-1.553261053089207699e+00 2.341585395026379413e+00 2.337292531422463071e+00
-1.556615493566964492e+00 2.312779742103517222e+00 2.348997695830608023e+00
-1.556615493566964492e+00 2.312779742103517222e+00 2.348997695830608023e+00
-1.575901815417620311e+00 2.340079013367851513e+00 2.369819118927152246e+00
-1.577953123438778249e+00 2.330088847947117348e+00 2.376466457515443054e+00
-1.577953123438778249e+00 2.330088847947117348e+00 2.376466457515443054e+00
-1.554770153616825468e+00 2.342634065635682550e+00 2.340446975157652432e+00
-1.546321538256177908e+00 2.332447414589577939e+00 2.327641668648821494e+00
-1.547059027935743236e+00 2.331424581211390734e+00 2.328228535879141248e+00
-1.550819132753568308e+00 2.329562015165838496e+00 2.333050679687024953e+00
-1.563750445991834770e+00 2.320911233323179168e+00 2.360902311103776796e+00
-1.563750445991834770e+00 2.320911233323179168e+00 2.360902311103776796e+00
-1.552593139430570535e+00 2.340902935838044652e+00 2.336880856514952143e+00
-1.545065092034324961e+00 2.331419609197751264e+00 2.326851459690399082e+00
-1.545065092034324961e+00 2.331419609197751264e+00 2.326851459690399082e+00
-1.560317513337770468e+00 2.339239330565597630e+00 2.345523620761975181e+00
-1.564806530559447406e+00 2.345487033384377362e+00 2.352220367774924270e+00
-1.564806530559447406e+00 2.345487033384377362e+00 2.352220367774924270e+00
-1.577164387509526255e+00 2.341031758585132128e+00 2.371983413620215586e+00
-1.577164387509526255e+00 2.341031758585132128e+00 2.371983413620215586e+00
-1.563166417505206685e+00 2.347214154022401189e+00 2.350577749114775017e+00
-1.544727379350209429e+00 2.330087055550460473e+00 2.327750707477587611e+00
-1.578401405457661610e+00 2.342970651890818434e+00 2.377740260787508220e+00
-1.554474250613301578e+00 2.328230800171414039e+00 2.338389919449898713e+00
-1.580206442451032478e+00 2.340431237929726294e+00 2.380376502303942488e+00
-1.569053362349810410e+00 2.347157160397925768e+00 2.362865096146629540e+00
-1.569053362349810410e+00 2.347157160397925768e+00 2.362865096146629540e+00
-1.575437321907875887e+00 2.335926052934635955e+00 2.375584222998956108e+00
-1.575437321907875887e+00 2.335926052934635955e+00 2.375584222998956108e+00
-1.567171264793706165e+00 2.318689433830014135e+00 2.361951673551159203e+00
-1.555334670766567173e+00 2.343048068518964744e+00 2.340287394531166854e+00
-1.564316290296638101e+00 2.318161740076686517e+00 2.361318190134696238e+00
-1.575634479206571958e+00 2.348786771882177771e+00 2.370001850039670899e+00
-1.558420649097174593e+00 2.334413899211751797e+00 2.343178143560356474e+00
-1.568593515826598228e+00 2.319711820020411430e+00 2.366838822797443953e+00
-1.568593515826598228e+00 2.319711820020411430e+00 2.366838822797443953e+00
-1.570280438928727262e+00 2.346142061422623826e+00 2.360529530128879117e+00
-1.544019203641480598e+00 2.319262100048903985e+00 2.329387800562525257e+00
-1.564425425244513779e+00 2.335758889391670756e+00 2.359831439048862833e+00
-1.564425425244513779e+00 2.335758889391670756e+00 2.359831439048862833e+00
-1.551996352433335780e+00 2.322637733015276762e+00 2.336178384106235129e+00
-1.553226764385992276e+00 2.340414624008501754e+00 2.339010444085165119e+00
-1.550634302491183281e+00 2.335598215818400991e+00 2.332717985820496054e+00
-1.553430355165958954e+00 2.312778373976068558e+00 2.343552494496478289e+00
-1.576636862951892315e+00 2.332927041611857266e+00 2.377366136864891288e+00
-1.545275419832293773e+00 2.318884880859895858e+00 2.331794176353742643e+00
-1.545275419832293773e+00 2.318884880859895858e+00 2.331794176353742643e+00
-1.544423744125335229e+00 2.319019313221337253e+00 2.330139439486204722e+00
-1.558575522539943137e+00 2.342638557296959245e+00 2.343451624813596368e+00
-1.558927237886129857e+00 2.331998799608709039e+00 2.344297340485679726e+00
-1.577424431747248335e+00 2.333719446411727461e+00 2.374115325904584850e+00
-1.577424431747248335e+00 2.333719446411727461e+00 2.374115325904584850e+00
-1.580604184368147980e+00 2.337823345363104988e+00 2.379930970497653675e+00
-1.547822487199754127e+00 2.334355926300816897e+00 2.331827970309428011e+00
-1.546538282472780246e+00 2.315799400009403541e+00 2.331423762355836260e+00
-1.562193011633528528e+00 2.344882563893376570e+00 2.352755124923566754e+00
-1.563331432606670734e+00 2.338531139753778465e+00 2.350086838551435520e+00
-1.570707219560603107e+00 2.326594398715498002e+00 2.370168303085161909e+00
-1.555510726933863275e+00 2.336049814478879938e+00 2.345405817401314152e+00
-1.545833416347933920e+00 2.315144509616852364e+00 2.331564403720093992e+00
-1.553738419621502498e+00 2.333727452662808233e+00 2.336744007248043431e+00
-1.544582147061811295e+00 2.322493740081829294e+00 2.329988670117755234e+00
-1.555135181895355156e+00 2.317091435656155163e+00 2.342865623137120323e+00
-1.545528673608162151e+00 2.322520671293008654e+00 2.331769968804406901e+00
-1.570575229472497503e+00 2.347808188018336129e+00 2.361425838595483384e+00
-1.546945214598766771e+00 2.319242635667889907e+00 2.330391311996340420e+00
-1.562566482378421551e+00 2.328804775701949215e+00 2.358381484638883308e+00
-1.562566482378421551e+00 2.328804775701949215e+00 2.358381484638883308e+00
-1.559557784833072169e+00 2.316248476030134285e+00 2.350358820982057395e+00
-1.558117543469049071e+00 2.344649111461611479e+00 2.344511389567010440e+00
-1.572118685199716204e+00 2.323736148267003809e+00 2.368387740340427428e+00
-1.572118685199716204e+00 2.323736148267003809e+00 2.368387740340427428e+00
-1.560073208701175718e+00 2.325903784988445189e+00 2.347368675001010985e+00
-1.560073208701175718e+00 2.325903784988445189e+00 2.347368675001010985e+00
-1.565725962582482866e+00 2.331897459474920886e+00 2.362543472973953840e+00
-1.575509564192748790e+00 2.335401650671182772e+00 2.370243817892287552e+00
-1.563230295499585587e+00 2.340032215254836512e+00 2.356582542820524040e+00
-1.577137438007100378e+00 2.344454642884397533e+00 2.372058223996267756e+00
-1.569826681155306769e+00 2.334532116589215889e+00 2.360812502355191356e+00
-1.568517748280942259e+00 2.320371001595810334e+00 2.363619587653280618e+00
-1.568517748280942259e+00 2.320371001595810334e+00 2.363619587653280618e+00
-1.551498715141670148e+00 2.313304809680371221e+00 2.340389378263282083e+00
-1.573517041549708839e+00 2.325285144429894757e+00 2.373294637697497933e+00
-1.561121946594140608e+00 2.327849018693805228e+00 2.348509925702661150e+00
-1.551185558322468516e+00 2.318303041432485223e+00 2.341793840830749929e+00
-1.551185558322468516e+00 2.318303041432485223e+00 2.341793840830749929e+00
-1.571961977325861737e+00 2.324058534114297636e+00 2.367961773283450810e+00
-1.571961977325861737e+00 2.324058534114297636e+00 2.367961773283450810e+00
-1.565642467274788174e+00 2.347475486204934292e+00 2.354378584277910136e+00
-1.566761529565537270e+00 2.318146541165591934e+00 2.362276809184375992e+00
-1.557888396820986010e+00 2.344242672078471923e+00 2.344471637352082638e+00
-1.557888396820986010e+00 2.344242672078471923e+00 2.344471637352082638e+00
-1.559871718235726235e+00 2.320653494639780323e+00 2.355075085509817256e+00
-1.559871718235726235e+00 2.320653494639780323e+00 2.355075085509817256e+00
-1.562805808375287819e+00 2.334877676106759559e+00 2.349789572735911491e+00
-1.577585464365582002e+00 2.346643357547051334e+00 2.374056588540211621e+00
-1.553662259725600681e+00 2.313361595634548351e+00 2.343804174453914868e+00
-1.553662259725600681e+00 2.313361595634548351e+00 2.343804174453914868e+00
-1.575131539643704670e+00 2.348110242279546789e+00 2.370327686030327285e+00
-1.577064456181334506e+00 2.336493268599271644e+00 2.377255517277390595e+00
-1.569567930643068099e+00 2.320262046494092623e+00 2.367302182400162991e+00
-1.556667099421849221e+00 2.325546696275359704e+00 2.342387659464380434e+00
-1.579508628609288090e+00 2.334797495413683421e+00 2.379317124786929583e+00
-1.557789425883578271e+00 2.317845971808104366e+00 2.346763555598458950e+00
-1.557789425883578271e+00 2.317845971808104366e+00 2.346763555598458950e+00
-1.567866591464324832e+00 2.348345830057691153e+00 2.359445362687713654e+00
-1.559357754137001617e+00 2.314421125252873690e+00 2.352558343874687097e+00
-1.556257334263945857e+00 2.313995870640417785e+00 2.346997424923142006e+00
-1.568243952174839695e+00 2.340184574133750139e+00 2.357598634697561479e+00
-1.568243952174839695e+00 2.340184574133750139e+00 2.357598634697561479e+00
-1.572439438110356580e+00 2.323380559978272863e+00 2.371415362791191583e+00
-1.564196835705295996e+00 2.346921682348388050e+00 2.354395201426379813e+00
-1.567865496516080981e+00 2.336447518260909018e+00 2.364645513508216723e+00
-1.567865496516080981e+00 2.336447518260909018e+00 2.364645513508216723e+00
-1.578340983800027963e+00 2.345244350744635664e+00 2.374934364694087918e+00
-1.552067386351951184e+00 2.315228109151016067e+00 2.339535049014925150e+00
-1.553469450855468281e+00 2.336466634171009638e+00 2.341489627979317589e+00
-1.553469450855468281e+00 2.336466634171009638e+00 2.341489627979317589e+00
-1.566314646504979313e+00 2.318450576331954061e+00 2.361129412383974113e+00
-1.579949856354044835e+00 2.338794009143240427e+00 2.378723413008085430e+00
-1.566989370527856806e+00 2.318371984448472922e+00 2.363045086219390356e+00
-1.572249671310566477e+00 2.346693924550307120e+00 2.367463964972728263e+00
-1.556766969474125961e+00 2.337574491989670822e+00 2.346760747438249695e+00
-1.569880157411092103e+00 2.331585668236987097e+00 2.368438475972340029e+00
-1.546960105334688418e+00 2.332813549816715959e+00 2.329612899812214977e+00
-1.546960105334688418e+00 2.332813549816715959e+00 2.329612899812214977e+00
-1.571871754011988642e+00 2.335139642685285288e+00 2.364191623386393104e+00
-1.571825211730337735e+00 2.324957322327038334e+00 2.371200207040647712e+00
-1.571547333616393871e+00 2.347993053513588890e+00 2.365483255071541890e+00
-1.571547333616393871e+00 2.347993053513588890e+00 2.365483255071541890e+00
-1.553490369584456632e+00 2.327782353536446802e+00 2.344216254493161955e+00
-1.553166307596764328e+00 2.324182603672011016e+00 2.344349442564135799e+00
-1.568490751351187429e+00 2.319874742202257423e+00 2.366012894319990068e+00
-1.555897036716164195e+00 2.342117724605433438e+00 2.342430181752348517e+00
-1.577195545384493247e+00 2.341863856607942385e+00 2.372480854096167491e+00
-1.543867846014459921e+00 2.320196222682930909e+00 2.327396043993896768e+00
-1.571459604700523593e+00 2.325866680621573757e+00 2.370828795142479350e+00
-1.571459604700523593e+00 2.325866680621573757e+00 2.370828795142479350e+00
-1.556307476915417265e+00 2.314043994573481644e+00 2.347438587764257178e+00
-1.556307476915417265e+00 2.314043994573481644e+00 2.347438587764257178e+00
-1.549347675049611572e+00 2.335610224929601575e+00 2.332132650434218135e+00
-1.544815535483099467e+00 2.322669062478791346e+00 2.329956300616057518e+00
-1.563390499120435706e+00 2.345899159269937417e+00 2.353685898263609744e+00
-1.573996843675107282e+00 2.325300026570627399e+00 2.371961311916273019e+00
-1.577706291030367636e+00 2.332569103822895062e+00 2.377920942294196038e+00
-1.577115735752872450e+00 2.329872247422008158e+00 2.376138790793920208e+00
-1.571724303213195784e+00 2.322694911176672594e+00 2.369136219431284829e+00
-1.548130531743154181e+00 2.317769942308408826e+00 2.336409980464889458e+00
-1.548130531743154181e+00 2.317769942308408826e+00 2.336409980464889458e+00
-1.564331479945543446e+00 2.327092661600836720e+00 2.361025845696840264e+00
-1.557019130172794918e+00 2.342983642039414782e+00 2.342659318161855353e+00
-1.557019130172794918e+00 2.342983642039414782e+00 2.342659318161855353e+00
-1.554181574371315433e+00 2.340521457531025362e+00 2.338531018536384565e+00
-1.573433419898430996e+00 2.345109194225110549e+00 2.366001078051084505e+00
-1.567896716363778475e+00 2.345002310165635429e+00 2.357237816302182765e+00
-1.567896716363778475e+00 2.345002310165635429e+00 2.357237816302182765e+00
-1.556974986932268212e+00 2.315007670140770024e+00 2.347503192838292563e+00
-1.560525066541786021e+00 2.327834661476815281e+00 2.347771791886675175e+00
-1.569640136462688851e+00 2.320772894620789284e+00 2.366476359718660660e+00
-1.554762633430707863e+00 2.314027955441633644e+00 2.345177709182495462e+00
-1.549812809025313598e+00 2.329278725994293975e+00 2.332229138045381234e+00
-1.572598797488032218e+00 2.344724297919518197e+00 2.364605358979304128e+00
-1.576694359051239003e+00 2.338345386309110818e+00 2.376246672667212678e+00
-1.556616834219189505e+00 2.318051097567866758e+00 2.345031138976427343e+00
-1.556616834219189505e+00 2.318051097567866758e+00 2.345031138976427343e+00
-1.566474732731410580e+00 2.318507798060430058e+00 2.361870496292286958e+00
-1.570954505640677290e+00 2.346353660903338856e+00 2.362169463453129836e+00
-1.570954505640677290e+00 2.346353660903338856e+00 2.362169463453129836e+00
-1.566551844490400081e+00 2.328229448735437579e+00 2.357173871748624805e+00
-1.567842668881378021e+00 2.330150794742829934e+00 2.358762134262885724e+00
-1.567842668881378021e+00 2.330150794742829934e+00 2.358762134262885724e+00
-1.559921945213516237e+00 2.336041755680085430e+00 2.352395660286440204e+00
-1.559921945213516237e+00 2.336041755680085430e+00 2.352395660286440204e+00
-1.572685820236540133e+00 2.325167485163257552e+00 2.371953300649936480e+00
-1.572685820236540133e+00 2.325167485163257552e+00 2.371953300649936480e+00
-1.549480210031375371e+00 2.314693614100646446e+00 2.337644759985948895e+00
-1.561254128358359861e+00 2.344087681036033821e+00 2.351054302439493426e+00
-1.561254128358359861e+00 2.344087681036033821e+00 2.351054302439493426e+00
-1.556637958665788135e+00 2.315667229673950001e+00 2.346517321910081222e+00
-1.556637958665788135e+00 2.315667229673950001e+00 2.346517321910081222e+00
-1.560702286653829596e+00 2.341098692652616275e+00 2.351749763249282310e+00
-1.565457907096633239e+00 2.319068397853515595e+00 2.359292931631060242e+00
-1.565457907096633239e+00 2.319068397853515595e+00 2.359292931631060242e+00
-1.553380745742847902e+00 2.339157095843591438e+00 2.339433131795578547e+00
-1.557761162655785236e+00 2.342761302082866592e+00 2.343265281554467450e+00
-1.557761162655785236e+00 2.342761302082866592e+00 2.343265281554467450e+00
-1.558805068587390874e+00 2.338692360251556579e+00 2.349586381161962834e+00
-1.565489787423404611e+00 2.343363065962795755e+00 2.353599449206882355e+00
-1.565489787423404611e+00 2.343363065962795755e+00 2.353599449206882355e+00
-1.576531600638294561e+00 2.342556092455340355e+00 2.371462776148069551e+00
-1.560189478709849809e+00 2.319469560896133320e+00 2.355251676401429961e+00
-1.554905527768247531e+00 2.318024567983855810e+00 2.347324729260478193e+00
-1.576592603830751393e+00 2.342074127752820090e+00 2.375030778712943658e+00
-1.576592603830751393e+00 2.342074127752820090e+00 2.375030778712943658e+00
-1.557631807303639038e+00 2.315118218862223465e+00 2.350569543067981826e+00
-1.579237448493534313e+00 2.340443326518913736e+00 2.377724143685943758e+00
-1.579237448493534313e+00 2.340443326518913736e+00 2.377724143685943758e+00
-1.573713198717657136e+00 2.327415917825078839e+00 2.373314528535725998e+00
-1.548603297828659020e+00 2.327206055906227089e+00 2.335835324862740592e+00
-1.568789313519411088e+00 2.320642226837299926e+00 2.364797368578244630e+00
-1.544920870654442613e+00 2.320001316721248763e+00 2.329957174652895091e+00
-1.544920870654442613e+00 2.320001316721248763e+00 2.329957174652895091e+00
-1.551778995149784013e+00 2.334205351374790904e+00 2.334632344390811909e+00
-1.568125269320038262e+00 2.337331916818005340e+00 2.357937184876178094e+00
-1.556718738968473126e+00 2.321535856593340164e+00 2.343902964398221656e+00
-1.556718738968473126e+00 2.321535856593340164e+00 2.343902964398221656e+00
-1.569381559655073755e+00 2.338874279132719725e+00 2.366017013515836709e+00
-1.574437973263387747e+00 2.334113463141634703e+00 2.369071182065756176e+00
-1.574375148376580436e+00 2.327844600050866575e+00 2.371290319251357914e+00
-1.546758673934778505e+00 2.316768913124180429e+00 2.332669184069942503e+00
-1.565819694838373799e+00 2.342743876887563026e+00 2.359258673583426003e+00
-1.565819694838373799e+00 2.342743876887563026e+00 2.359258673583426003e+00
-1.572993689097953895e+00 2.326761077779954334e+00 2.369074844590956630e+00
-1.567433608180408555e+00 2.347253437507357710e+00 2.357636288679053393e+00
-1.564010187378547023e+00 2.321019964533694857e+00 2.355723681219908272e+00
-1.553825934068794101e+00 2.316610976143849143e+00 2.341727520024452502e+00
-1.553825934068794101e+00 2.316610976143849143e+00 2.341727520024452502e+00
-1.554185098871565529e+00 2.317462655575212693e+00 2.341807962597123094e+00
-1.563888943562260714e+00 2.322259895257850815e+00 2.354982273411392768e+00
-1.568962805285773587e+00 2.327046866647965562e+00 2.367367650867034712e+00
-1.568962805285773587e+00 2.327046866647965562e+00 2.367367650867034712e+00
-1.572482374934637051e+00 2.346685202233743883e+00 2.365078204451494415e+00
-1.563200418986912865e+00 2.319059687904061029e+00 2.355432171625221116e+00
-1.572518697103177709e+00 2.343753424676751074e+00 2.364669911373635358e+00
-1.557544729011099083e+00 2.333334674682476795e+00 2.342521985755867675e+00
-1.570898083621278918e+00 2.334556260378097825e+00 2.369122303671764129e+00
-1.570898083621278918e+00 2.334556260378097825e+00 2.369122303671764129e+00
-1.569791615244931382e+00 2.336664590109098771e+00 2.367119210031489729e+00
-1.569791615244931382e+00 2.336664590109098771e+00 2.367119210031489729e+00
-1.563699004713487994e+00 2.341870747291667332e+00 2.351040475609071478e+00
-1.561532339708459949e+00 2.324262958221519959e+00 2.357015980045433778e+00
-1.560737384053643151e+00 2.334769236075848742e+00 2.353918104949466183e+00
-1.556328800730665041e+00 2.317599686154689476e+00 2.349279246332592663e+00
-1.555096886391654110e+00 2.339800621663001845e+00 2.339497029693667685e+00
-1.555096886391654110e+00 2.339800621663001845e+00 2.339497029693667685e+00
-1.558245543073043082e+00 2.336698855954514542e+00 2.343273739918563692e+00
-1.558245543073043082e+00 2.336698855954514542e+00 2.343273739918563692e+00
-1.563625346748583667e+00 2.331749757671715884e+00 2.351860896962875813e+00
-1.569239449259644648e+00 2.326934124869247889e+00 2.362255074021305745e+00
-1.576398001244145419e+00 2.330846542203510285e+00 2.374277687650369728e+00
-1.555301034861518605e+00 2.330190909280144052e+00 2.346365024381215747e+00
-1.555856070207640940e+00 2.314798181503026520e+00 2.346969576974974103e+00
-1.565824552565583838e+00 2.346557934212298857e+00 2.355259257860977229e+00
-1.570300262829853688e+00 2.338012706083707481e+00 2.361427962352859566e+00
-1.570300262829853688e+00 2.338012706083707481e+00 2.361427962352859566e+00
-1.559149467015413570e+00 2.336956591865021249e+00 2.350647677426380255e+00
-1.552108938091500523e+00 2.324205135761996832e+00 2.342322905399456090e+00
-1.575261428244183914e+00 2.335088518276279945e+00 2.370456486251800499e+00
-1.555018351263815823e+00 2.338869872516176951e+00 2.342602867410622736e+00
-1.562484152529102222e+00 2.343612452994647821e+00 2.353207111682975139e+00
-1.562484152529102222e+00 2.343612452994647821e+00 2.353207111682975139e+00
-1.552684637860208383e+00 2.323230598323735130e+00 2.337562581626620783e+00
-1.576167783330183481e+00 2.331815696732230325e+00 2.373305218772429726e+00
-1.576167783330183481e+00 2.331815696732230325e+00 2.373305218772429726e+00
-1.574363745055987973e+00 2.328469400478502038e+00 2.371171144795187757e+00
-1.572854621715293000e+00 2.327528672324483239e+00 2.372123943618511532e+00
-1.572854621715293000e+00 2.327528672324483239e+00 2.372123943618511532e+00
-1.552587321390340946e+00 2.321316494853912005e+00 2.343418301023127981e+00
-1.573206938837605318e+00 2.343723049023543670e+00 2.365933773603529744e+00
-1.573206938837605318e+00 2.343723049023543670e+00 2.365933773603529744e+00
-1.564311175435365131e+00 2.328518664714562370e+00 2.353709769965650622e+00
-1.559607869165612337e+00 2.316052937363934472e+00 2.351820279906984723e+00
-1.572508838207574033e+00 2.325563828040667858e+00 2.369109209522758164e+00
-1.560261789461778736e+00 2.318481100100670655e+00 2.350966417453584256e+00
-1.560261789461778736e+00 2.318481100100670655e+00 2.350966417453584256e+00
-1.555913582689595787e+00 2.317625579943395131e+00 2.344525864133728987e+00
-1.545572845239369109e+00 2.320490877590371870e+00 2.330843434567785977e+00
-1.568125354062494647e+00 2.321054245949947248e+00 2.365375474810104350e+00
-1.559979563203905073e+00 2.320288842139788699e+00 2.349623473472686186e+00
-1.577477370258058009e+00 2.340691058443119754e+00 2.373838128181864349e+00
-1.577477370258058009e+00 2.340691058443119754e+00 2.373838128181864349e+00
-1.568960202089901168e+00 2.346237876466840788e+00 2.359628000439329298e+00
-1.573165526466214326e+00 2.343865392209448117e+00 2.365931839463296882e+00
-1.557952151716349265e+00 2.342380009004170205e+00 2.345515148673607442e+00
-1.557952151716349265e+00 2.342380009004170205e+00 2.345515148673607442e+00
-1.559502216393493956e+00 2.342480341450686065e+00 2.348529257626950084e+00
-1.547375028331092084e+00 2.317950731371957396e+00 2.332637216931765067e+00
-1.547242481937759484e+00 2.320116320076903715e+00 2.334265208586408846e+00
-1.545526647088520722e+00 2.326923762691261999e+00 2.328644667397064438e+00
-1.545526647088520722e+00 2.326923762691261999e+00 2.328644667397064438e+00
-1.552233677909458986e+00 2.335294572572665484e+00 2.339193266391001558e+00
-1.557039182349134299e+00 2.339885887619009175e+00 2.341939537792342207e+00
-1.557039182349134299e+00 2.339885887619009175e+00 2.341939537792342207e+00
-1.575163207785669650e+00 2.339026618004255376e+00 2.369633854998216549e+00
-1.546808139871745480e+00 2.326580522669908557e+00 2.332275705884725880e+00
-1.551244879521302078e+00 2.327882369107228122e+00 2.334635903215181330e+00
-1.564717977559252127e+00 2.321637685466992007e+00 2.361403797146666150e+00
-1.564717977559252127e+00 2.321637685466992007e+00 2.361403797146666150e+00
-1.566738502904887032e+00 2.346695090288744900e+00 2.357105592358140100e+00
-1.576279601185157198e+00 2.335532880152602075e+00 2.375704231221842377e+00
-1.576279601185157198e+00 2.335532880152602075e+00 2.375704231221842377e+00
-1.558095170351416092e+00 2.342677376069216777e+00 2.345123299122080951e+00
-1.553345132695662212e+00 2.338676719565452977e+00 2.338874931788883060e+00
-1.562638929437647040e+00 2.334210458137232713e+00 2.356914336702633506e+00
-1.562328211560008562e+00 2.323638526850207331e+00 2.358076822426561137e+00
-1.562328211560008562e+00 2.323638526850207331e+00 2.358076822426561137e+00
-1.566540592344537686e+00 2.321428674213062759e+00 2.363676245575287993e+00
-1.547031556629767657e+00 2.323754295203486642e+00 2.333377599826210513e+00
-1.561888017902064441e+00 2.318575531278328494e+00 2.353761487956571585e+00
-1.553837109730646482e+00 2.322277252348465382e+00 2.339608950606390181e+00
-1.573574909614395612e+00 2.343883006576919836e+00 2.366735412656389315e+00
-1.550867128906565418e+00 2.331198890263843193e+00 2.333847582251440400e+00
-1.550867128906565418e+00 2.331198890263843193e+00 2.333847582251440400e+00
-1.555344192196843389e+00 2.315270454043186543e+00 2.346033860569878726e+00
-1.559361562924437061e+00 2.318651114360710253e+00 2.353594693947034244e+00
-1.559361562924437061e+00 2.318651114360710253e+00 2.353594693947034244e+00
-1.554583764669419832e+00 2.315637470628071792e+00 2.345685954403647244e+00
-1.554583764669419832e+00 2.315637470628071792e+00 2.345685954403647244e+00
-1.549427558322491461e+00 2.330506680700541455e+00 2.332177438594225549e+00
-1.574293638315797494e+00 2.327847108857401981e+00 2.373149835042855926e+00
-1.575945225647504389e+00 2.342839667406861004e+00 2.371020891204519643e+00
-1.575945225647504389e+00 2.342839667406861004e+00 2.371020891204519643e+00
-1.553143306451807426e+00 2.335227872003744487e+00 2.336713339393689637e+00
-1.547323364397379608e+00 2.317824487409348322e+00 2.333417926544196774e+00
-1.561347406577586083e+00 2.321237323594342872e+00 2.351526388443920368e+00
-1.561347406577586083e+00 2.321237323594342872e+00 2.351526388443920368e+00
-1.566804001170357896e+00 2.320856720378915217e+00 2.363700019934707797e+00
-1.566804001170357896e+00 2.320856720378915217e+00 2.363700019934707797e+00
-1.576227981461192584e+00 2.343931657482346331e+00 2.372891649393608304e+00
-1.573871369013419175e+00 2.345690644312507178e+00 2.369055260826630871e+00
-1.571414640940637542e+00 2.345209084945662159e+00 2.363431531332127022e+00
-1.574914446244666255e+00 2.344737561966423467e+00 2.371006980882977899e+00
-1.574914446244666255e+00 2.344737561966423467e+00 2.371006980882977899e+00
-1.546625743869257885e+00 2.318927205320414409e+00 2.332226587200787904e+00
-1.553658193003237598e+00 2.322436573916526914e+00 2.344873668514109610e+00
-1.553658193003237598e+00 2.322436573916526914e+00 2.344873668514109610e+00
-1.568648198792637949e+00 2.340224407807323104e+00 2.364225069340982088e+00
-1.556379395643471497e+00 2.320373805257073485e+00 2.349231949760870464e+00
-1.548406281048503086e+00 2.322374475602849930e+00 2.336009331010522772e+00
-1.548406281048503086e+00 2.322374475602849930e+00 2.336009331010522772e+00
-1.551161123743576065e+00 2.317088996839224091e+00 2.338149753633970818e+00
-1.555495009269505680e+00 2.332706878813414431e+00 2.339931317539303279e+00
-1.556284411698272141e+00 2.338618075097946392e+00 2.340999621294061583e+00
-1.562292235307213062e+00 2.344631124029302516e+00 2.350470040047023090e+00
-1.574643322415280711e+00 2.328398409864904206e+00 2.372833735344952899e+00
-1.570042509600581448e+00 2.339353082252165983e+00 2.366504136245522361e+00
-1.552837605265785292e+00 2.328544209857290603e+00 2.342439319351591109e+00
-1.552837605265785292e+00 2.328544209857290603e+00 2.342439319351591109e+00
-1.552401620590668774e+00 2.319500150475711564e+00 2.342914428471917887e+00
-1.548032716246362517e+00 2.322507049097582321e+00 2.335236929974854547e+00
-1.560160732445212695e+00 2.341883566212149770e+00 2.346565592258507138e+00
-1.568378838210613413e+00 2.331040012148812401e+00 2.365891858955112781e+00
-1.565169937058846772e+00 2.320288089939255727e+00 2.358689873511170987e+00
-1.553570429053774404e+00 2.327671080025908168e+00 2.343846837363265934e+00
-1.576561639807124493e+00 2.341813301105792000e+00 2.372485975887027365e+00
-1.556032562223963245e+00 2.325779129296867698e+00 2.348178010260671300e+00
-1.564587007384588002e+00 2.321469109862702052e+00 2.360971719615104547e+00
-1.574025989204304254e+00 2.327862058417399904e+00 2.372536579042128224e+00
-1.573486716250522832e+00 2.327221723968337930e+00 2.371969805178748558e+00
-1.576305270878153530e+00 2.333416611681961239e+00 2.373572283438701191e+00
-1.557846276657548046e+00 2.324915689440099076e+00 2.351118264276109926e+00
-1.550567730337724104e+00 2.317285177378780592e+00 2.337453420112458602e+00
-1.559390640528597327e+00 2.339526054709858638e+00 2.349693637355304787e+00
-1.552005499174105907e+00 2.316098987190304381e+00 2.340596957240087761e+00
-1.551347309183330969e+00 2.335206578743778127e+00 2.336961072865884503e+00
-1.557692284283749951e+00 2.339865683077916092e+00 2.346493751018595475e+00
-1.570601585862009486e+00 2.336165490267573031e+00 2.362506987312269047e+00
-1.577179483616266253e+00 2.338564473144032263e+00 2.374170430633515849e+00
-1.559569828724346241e+00 2.341069820878654451e+00 2.345742974113210977e+00
-1.564419329054057117e+00 2.343959151755663939e+00 2.355740600802844753e+00
-1.547232861827717798e+00 2.320745570033247329e+00 2.333634578902740841e+00
-1.574323242787459387e+00 2.334188255256608446e+00 2.369410567180711524e+00
-1.576944139583129401e+00 2.341078681427469999e+00 2.373614862755193400e+00
-1.549301390355988017e+00 2.326273698101240406e+00 2.336723029172810939e+00
-1.563734680995610971e+00 2.344883646597465177e+00 2.352732743779093028e+00
-1.551553599412224260e+00 2.328161180872001079e+00 2.340231605345833188e+00
-1.574007853957447356e+00 2.330045758464661443e+00 2.373000581176230028e+00
-1.575815550076411053e+00 2.336160344202820038e+00 2.371802656187139036e+00
-1.569724656805731922e+00 2.325366798424788328e+00 2.367776376637650060e+00
-1.569724656805731922e+00 2.325366798424788328e+00 2.367776376637650060e+00
-1.566757377169096355e+00 2.323552709396519589e+00 2.363908361881069453e+00
-1.551713668289477654e+00 2.328316873504590934e+00 2.340440826277738751e+00
-1.558011001708679011e+00 2.333911500992431165e+00 2.349418565136982551e+00
-1.558639400638141215e+00 2.339461181901847819e+00 2.344363348745972075e+00
-1.568810025376012440e+00 2.345945264962935539e+00 2.360859336972991329e+00
-1.556150174499366212e+00 2.327052896092461243e+00 2.348046144454794870e+00
-1.557791459243584420e+00 2.318437520992763456e+00 2.350939071428078009e+00
-1.570751028038267272e+00 2.344541455699320043e+00 2.362627360952647138e+00
-1.565550782315655365e+00 2.331497539913108152e+00 2.355292692490136730e+00
-1.566152314454567041e+00 2.326981487020045591e+00 2.363047973915612943e+00
-1.566152314454567041e+00 2.326981487020045591e+00 2.363047973915612943e+00
-1.564315884734014617e+00 2.344322891683952470e+00 2.355059631576551737e+00
-1.547437805790469856e+00 2.321090413657163953e+00 2.333823320586878580e+00
-1.563935560133034475e+00 2.321306124229345791e+00 2.356114476171240923e+00
-1.560484399395327237e+00 2.340542995640860546e+00 2.350907188470925391e+00
-1.558793959301420395e+00 2.330124523252117719e+00 2.351614846911791901e+00
-1.558793959301420395e+00 2.330124523252117719e+00 2.351614846911791901e+00
-1.550895217635095413e+00 2.330475777533848269e+00 2.334298534038161677e+00
-1.549885192045746596e+00 2.319462098122608840e+00 2.335587118459450551e+00
-1.549885192045746596e+00 2.319462098122608840e+00 2.335587118459450551e+00
-1.568602430387866509e+00 2.337032874898660406e+00 2.364870931949900168e+00
-1.548972658903107202e+00 2.331902711525072114e+00 2.333344793376229021e+00
-1.576170259440672350e+00 2.333181466982112262e+00 2.373979869298430856e+00
-1.553173391235565193e+00 2.318637632829009032e+00 2.340479443002337234e+00
-1.561981290508060560e+00 2.318170733654425941e+00 2.355111471276629231e+00
-1.557135650232134516e+00 2.338406871474551618e+00 2.342363663877218727e+00
-1.569061838150521471e+00 2.340394612507954442e+00 2.359695115970783519e+00
-1.554139251554191192e+00 2.316424839232295696e+00 2.343705329176891894e+00
-1.547075312011914505e+00 2.326774821279824490e+00 2.331830742561248115e+00
-1.561655783409521492e+00 2.329919861796709846e+00 2.356063059305720131e+00
-1.556337023302745148e+00 2.319273308282080670e+00 2.344872497426722546e+00
-1.556337023302745148e+00 2.319273308282080670e+00 2.344872497426722546e+00
-1.549230451062904246e+00 2.327555742565396990e+00 2.332584517451445905e+00
-1.560992656415581381e+00 2.319161772563258506e+00 2.355484179043385140e+00
-1.575200102109229894e+00 2.334613267242162227e+00 2.371193989591413143e+00
-1.555592921400534623e+00 2.318422452997913386e+00 2.344219759997354657e+00
-1.555592921400534623e+00 2.318422452997913386e+00 2.344219759997354657e+00
-1.552068819539906386e+00 2.335699540321633627e+00 2.336322238671904472e+00
-1.554794420492181528e+00 2.338861979923143597e+00 2.340460772675747592e+00
-1.560566626038271565e+00 2.317619246963127821e+00 2.353257057204704239e+00
-1.572286230508720628e+00 2.328813766691486986e+00 2.367660675712668805e+00
-1.551254769130540279e+00 2.323982266408595176e+00 2.335882105183717528e+00
-1.561517212839861557e+00 2.332102832334531861e+00 2.355377729971877443e+00
-1.551513695659209713e+00 2.318595943503831247e+00 2.338288221931525968e+00
-1.559348761862269006e+00 2.318575806050924282e+00 2.353013652009748213e+00
-1.570726443941362183e+00 2.342267966921440348e+00 2.366148334882208104e+00
-1.573264055672861206e+00 2.344616669431991429e+00 2.367918846839065949e+00
-1.564504779665803591e+00 2.320335245988364825e+00 2.360183664201723985e+00
-1.573352739121717692e+00 2.342522942263273400e+00 2.369612076549323376e+00
-1.547960144834636509e+00 2.320892732572370942e+00 2.334610834688193748e+00
-1.566875592650562421e+00 2.333048326034869557e+00 2.363175664592848335e+00
-1.566875592650562421e+00 2.333048326034869557e+00 2.363175664592848335e+00
-1.567983613356619399e+00 2.342217001326796222e+00 2.358133237347541211e+00
-1.561298502363684282e+00 2.333653385416074144e+00 2.348466361425622040e+00
-1.560196235171045220e+00 2.326822414188101540e+00 2.354257568019965774e+00
-1.560196235171045220e+00 2.326822414188101540e+00 2.354257568019965774e+00
-1.568732367444147346e+00 2.326410593654430148e+00 2.362230427317349779e+00
-1.551499043848964199e+00 2.335053850917943041e+00 2.336480672162036143e+00
-1.552880172587351781e+00 2.328458535052160272e+00 2.342221974446044186e+00
-1.551586366070746070e+00 2.327859700186592384e+00 2.340125350563553752e+00
-1.576281857110457763e+00 2.336746873813645209e+00 2.373220505293973659e+00
-1.574305186663790490e+00 2.332877449002887182e+00 2.370146206890710872e+00
-1.567647717403330532e+00 2.330724974209863021e+00 2.364618526363779338e+00
-1.559650059721763515e+00 2.322481147532275969e+00 2.348745748594950555e+00
-1.563143206441074184e+00 2.328553992214263069e+00 2.358407133176573467e+00
-1.569231561104624362e+00 2.344552138357752114e+00 2.362530750734361362e+00
-1.563010394148069082e+00 2.341325318180274451e+00 2.350784082847317435e+00
-1.573113049718418699e+00 2.335839032898626932e+00 2.367167429796932510e+00
-1.573113049718418699e+00 2.335839032898626932e+00 2.367167429796932510e+00
-1.574944876320239606e+00 2.340137879463122239e+00 2.372338609655466612e+00
-1.563460329262113646e+00 2.320033990291931136e+00 2.356418352447473552e+00
-1.556177067306141248e+00 2.336031652766861200e+00 2.345345147390844431e+00
-1.561062141242480106e+00 2.332097475142913101e+00 2.354582333379406478e+00
-1.549409358388957436e+00 2.320401025448451282e+00 2.334889104643574242e+00
-1.562223094431936632e+00 2.333054563015600102e+00 2.356152509201239198e+00
-1.571800221716383117e+00 2.343245031589936911e+00 2.364499815717220343e+00
-1.562910895949604972e+00 2.319991184292098829e+00 2.355450843673356331e+00
-1.550986503128108707e+00 2.332473206843799662e+00 2.337297915621697086e+00
-1.575240729172258991e+00 2.339213842456363768e+00 2.372922737476395483e+00
-1.574671972151365340e+00 2.336732861384050342e+00 2.369906212309436100e+00
-1.568095014374577101e+00 2.344267627747224747e+00 2.360937658163077657e+00
-1.565664458964744599e+00 2.344492405886487774e+00 2.356630842913434165e+00
-1.550175217089240443e+00 2.323083747840748448e+00 2.334885081693940378e+00
-1.549881157960327549e+00 2.319162878152286833e+00 2.336221530454452022e+00
-1.549881157960327549e+00 2.319162878152286833e+00 2.336221530454452022e+00
-1.574919353397107979e+00 2.341561669981746974e+00 2.370136834877671461e+00
-1.569855551062756982e+00 2.324203747492728400e+00 2.366635246059409781e+00
-1.550868865350885084e+00 2.322823450131656919e+00 2.335901626807956433e+00
-1.559512593749030840e+00 2.340146717751422578e+00 2.345982593828058071e+00
-1.557909310622142884e+00 2.322439159107307916e+00 2.346142433460835619e+00
-1.567551625612850330e+00 2.325517886205280771e+00 2.360660565628778684e+00
-1.559087034130881566e+00 2.323969114322510965e+00 2.352761354303043007e+00
-1.562871851058993844e+00 2.342884605548655408e+00 2.353150857848154587e+00
-1.563603580047586261e+00 2.343848231350421418e+00 2.353059474333459633e+00
-1.549431112670546007e+00 2.319353322285843344e+00 2.335741181589378712e+00
-1.547417769714372948e+00 2.324328385784063755e+00 2.331780542424661817e+00
-1.567747443885299186e+00 2.344492008381645398e+00 2.360019226315939633e+00
-1.573142937903650562e+00 2.336994583841720097e+00 2.370878936414175797e+00
-1.571079285117795932e+00 2.325804702701944837e+00 2.368440161817876088e+00
-1.567775971627704878e+00 2.344421704914972704e+00 2.358629645996842328e+00
-1.572176805264157817e+00 2.339009579047361065e+00 2.369089658960138678e+00
-1.561416974136377034e+00 2.320114883955706198e+00 2.352893132857916569e+00
-1.555022270198521683e+00 2.324414672784266500e+00 2.346367310028556474e+00
-1.563161798616830023e+00 2.319370156619849688e+00 2.357215348992131254e+00
-1.549201043331919436e+00 2.324464103145333915e+00 2.333439260739373466e+00
-1.559654253149304282e+00 2.318758911008564461e+00 2.353101127461902919e+00
-1.559654253149304282e+00 2.318758911008564461e+00 2.353101127461902919e+00
-1.552955395646600678e+00 2.335325593765619434e+00 2.337459440838182800e+00
-1.564266611778155180e+00 2.326531253608644878e+00 2.360152109975611978e+00
-1.550095053137311885e+00 2.324678764224414440e+00 2.334476031350636305e+00
-1.566948988674073062e+00 2.329900580061701643e+00 2.358188636718672626e+00
-1.566696493350961061e+00 2.322002257760569233e+00 2.361342844106351535e+00
-1.557487912826205800e+00 2.333866386087327882e+00 2.343093339421539412e+00
-1.557487912826205800e+00 2.333866386087327882e+00 2.343093339421539412e+00
-1.557608986125329498e+00 2.317647008679187604e+00 2.348671726188522157e+00
-1.557608986125329498e+00 2.317647008679187604e+00 2.348671726188522157e+00
-1.549381387350850403e+00 2.330895023478564365e+00 2.334126411862516903e+00
-1.552166660040054103e+00 2.319416511079130938e+00 2.339146754445689425e+00
-1.560929189108178461e+00 2.335859406180928133e+00 2.347866198357104750e+00
-1.560929189108178461e+00 2.335859406180928133e+00 2.347866198357104750e+00
-1.563812433730340068e+00 2.324426702494677421e+00 2.354837353955993251e+00
-1.550701863216694454e+00 2.329643290905732300e+00 2.334545247037546289e+00
-1.575827210127202616e+00 2.335582134025708356e+00 2.373377919205449160e+00
-1.561687899016009462e+00 2.342510719439896860e+00 2.351041262871531146e+00
-1.574151284240073112e+00 2.333165110663541153e+00 2.372488851407542398e+00
-1.558834280569636244e+00 2.337726716927658988e+00 2.349044107846951945e+00
-1.571203568216764435e+00 2.326376767235541099e+00 2.368635953704870900e+00
-1.566574332686992088e+00 2.334117707047889123e+00 2.356700871128648345e+00
-1.575442069913947751e+00 2.337422117694889057e+00 2.373200652643458142e+00
-1.564493336227066322e+00 2.331818694371455170e+00 2.359725041997307926e+00
-1.567200174830637227e+00 2.331369611298714783e+00 2.363722492619501736e+00
-1.574181790787248625e+00 2.340985913266681706e+00 2.368918764779628816e+00
-1.556132031258374626e+00 2.328121292675366938e+00 2.347486829553364629e+00
-1.556716679584374319e+00 2.338873727066482555e+00 2.342614864259381591e+00
-1.556716679584374319e+00 2.338873727066482555e+00 2.342614864259381591e+00
-1.549730875046710699e+00 2.319478405000589660e+00 2.337085019797298102e+00
-1.560589112985926841e+00 2.338855316638237092e+00 2.351461045059320298e+00
-1.562816495558098762e+00 2.341765631935683434e+00 2.350901251582545370e+00
-1.574371829101017806e+00 2.339977008105178058e+00 2.371340182961542808e+00
-1.562656123233882699e+00 2.343000851792549355e+00 2.352106929355104015e+00
-1.547782695785900664e+00 2.323620114437909834e+00 2.332760055891347051e+00
-1.547782695785900664e+00 2.323620114437909834e+00 2.332760055891347051e+00
-1.551574391781459283e+00 2.327258131991086554e+00 2.335953360133569134e+00
-1.551406731463101707e+00 2.331485809449134639e+00 2.335425153585461544e+00
-1.567577644285153671e+00 2.328016077686784424e+00 2.359896777256977884e+00
-1.550497146068086973e+00 2.321315290300814738e+00 2.336188873129529497e+00
-1.569380122226516683e+00 2.325933411110665094e+00 2.366739009112405867e+00
-1.560713135658328365e+00 2.330175924963843848e+00 2.348389135605293276e+00
-1.570701434293731547e+00 2.325888825781902369e+00 2.367068798746057467e+00
-1.571915556899377897e+00 2.343240914758385252e+00 2.366637773160000791e+00
-1.549451647893161699e+00 2.320734667660343309e+00 2.336765865699536704e+00
-1.551950829478891514e+00 2.330921515201612060e+00 2.336123694224321312e+00
-1.551950829478891514e+00 2.330921515201612060e+00 2.336123694224321312e+00
-1.565513055887602700e+00 2.329565858507760989e+00 2.361500375156762033e+00
-1.560195716508283148e+00 2.339905665915422261e+00 2.350146854054697698e+00
-1.561465892295322622e+00 2.336942316463882285e+00 2.353608063491396507e+00
-1.562977460178622824e+00 2.319801386321548975e+00 2.356850960205889578e+00
-1.550914811162936946e+00 2.320113843919880736e+00 2.337405728711491548e+00
-1.550063723076701372e+00 2.319785634095439253e+00 2.336740623196487121e+00
-1.551049596717444912e+00 2.323363701872178666e+00 2.339666102897961508e+00
-1.551269645985431600e+00 2.318711878658398007e+00 2.339348110401775926e+00
-1.565760441840944539e+00 2.343746028840876683e+00 2.356808180920126006e+00
-1.566209378432651622e+00 2.343165626130431445e+00 2.358217391356882686e+00
-1.567305310111373196e+00 2.341431966878036341e+00 2.357471308107552233e+00
-1.553826047787632447e+00 2.332751461083059752e+00 2.338431338852792862e+00
-1.555600868243375956e+00 2.317855893206167028e+00 2.345983006398368431e+00
-1.552888641453486596e+00 2.331663078997554539e+00 2.337296285040524779e+00
-1.573734162448956475e+00 2.336986989980329277e+00 2.368528773980722590e+00
-1.571265997725608488e+00 2.342325085744203506e+00 2.364009561923053226e+00
-1.568207922942459920e+00 2.342581581865665452e+00 2.361698068882112977e+00
-1.561030878879574813e+00 2.337419485342516090e+00 2.352670416959965038e+00
-1.570395160905923237e+00 2.343612444064688383e+00 2.363057966167103174e+00
-1.561295357369612891e+00 2.341080226151056820e+00 2.348950874803163558e+00
-1.573468879326297865e+00 2.342125205623664996e+00 2.368684464630097963e+00
-1.561228397960098047e+00 2.323887088932654166e+00 2.355689514244541982e+00
-1.554860925021940510e+00 2.334571685896192683e+00 2.343228530685557587e+00
-1.567684970665812472e+00 2.324654454073045606e+00 2.364369836654754309e+00
-1.549081559527763607e+00 2.326135551654014311e+00 2.333464534452529549e+00
-1.552503904968458137e+00 2.334185811438786562e+00 2.338676575498555010e+00
-1.569014601106157647e+00 2.331567460621117860e+00 2.361418961714278453e+00
-1.565681372421876771e+00 2.332998928836134134e+00 2.361095956894214254e+00
-1.571661791290937638e+00 2.329460848763156289e+00 2.366926724870888066e+00
-1.574635509999468219e+00 2.338504680097959643e+00 2.370305570510629067e+00
-1.574635509999468219e+00 2.338504680097959643e+00 2.370305570510629067e+00
-1.550962379572328853e+00 2.322707896878949185e+00 2.339441706162192602e+00
-1.549289929889011708e+00 2.328967356131788957e+00 2.333809075106383801e+00
-1.566049643859902085e+00 2.343484648106113344e+00 2.357329554717878750e+00
-1.567237306215371717e+00 2.343651160252888666e+00 2.358251938812967907e+00
-1.550644910782690955e+00 2.320772373961340396e+00 2.338816668828343381e+00
-1.557603795763051746e+00 2.321513836240673978e+00 2.346380078844372719e+00
-1.570532935334861824e+00 2.333942666468446614e+00 2.363460940191092874e+00
-1.560675755586992786e+00 2.319141445591231143e+00 2.353700410785023678e+00
-1.569365225067143044e+00 2.342704809606340532e+00 2.363220298361827787e+00
-1.557607820833062151e+00 2.323193351946685414e+00 2.345718096464175062e+00
-1.553345784402220486e+00 2.335486892654704771e+00 2.339230604045530626e+00
-1.555190438759736393e+00 2.322653525885373771e+00 2.346493069864727943e+00
-1.568368189442739036e+00 2.324608357841835726e+00 2.364959952206431737e+00
-1.560979720917961000e+00 2.331873884727593715e+00 2.354200181986277229e+00
-1.569630559595200481e+00 2.341275483697634385e+00 2.364343836575526936e+00
-1.557059028882004093e+00 2.318524558271046754e+00 2.347528946440069930e+00
-1.566189559723325075e+00 2.332432924001175412e+00 2.361913050064996966e+00
-1.549374135120297424e+00 2.323430061156827708e+00 2.336306695960207236e+00
-1.551389425246761711e+00 2.330396880085908062e+00 2.335699819925693532e+00
-1.573747646156995916e+00 2.341015869520598258e+00 2.369552190526185598e+00
-1.572229026854195189e+00 2.329371315734646952e+00 2.369816398570080196e+00
-1.551842684522733551e+00 2.329574927762586345e+00 2.336267588476346191e+00
-1.572553855547402346e+00 2.335288300155963004e+00 2.370040643951940140e+00
-1.554920040715383811e+00 2.318721167572496800e+00 2.344110379084362705e+00
-1.558085972541476405e+00 2.330651145202746299e+00 2.349883898215686884e+00
-1.567875214344346402e+00 2.328349893581584062e+00 2.364726568379989402e+00
-1.561690488397429410e+00 2.330611660665653950e+00 2.355532511215358227e+00
-1.552890692802556094e+00 2.328767780118661701e+00 2.341664316579088023e+00
-1.566163070381082933e+00 2.341658225140122784e+00 2.355985116948438929e+00
-1.570849029874911817e+00 2.328211307128008833e+00 2.368299801221251499e+00
-1.564993112405616227e+00 2.325592431437845331e+00 2.360891669572573903e+00
-1.553442365246294088e+00 2.321404966112429413e+00 2.343612147049293881e+00
-1.558223521129471489e+00 2.319783495778339422e+00 2.350832946987015504e+00
-1.550887138468230120e+00 2.329587101193421717e+00 2.335238727042256102e+00
-1.559052377355536922e+00 2.319497393047827316e+00 2.349991888477893198e+00
-1.563137258823144471e+00 2.335687333370487728e+00 2.356498988287832219e+00
-1.556078810567175008e+00 2.337063599547312798e+00 2.341851894452421590e+00
-1.568247437356571128e+00 2.333207453456207059e+00 2.359856266220859311e+00
-1.549113198836898908e+00 2.327557387297228608e+00 2.334158915646145971e+00
-1.565099120430387680e+00 2.323795989065307488e+00 2.360880718738931350e+00
-1.571053199355904262e+00 2.327379007719812876e+00 2.367395571985721148e+00
-1.573554181592424994e+00 2.332261975976003932e+00 2.371109949752639778e+00
-1.566811616213529934e+00 2.341375556684032855e+00 2.356985938806889891e+00
-1.551286907177358065e+00 2.328496464891495865e+00 2.335797671049860469e+00
-1.560448853140114611e+00 2.335182982870167567e+00 2.347530712179368706e+00
-1.552644998962564804e+00 2.328577859747698930e+00 2.341209488201128508e+00
-1.551024626216643609e+00 2.321177559021609049e+00 2.339281027675241376e+00
-1.561457754028133582e+00 2.320721725303007243e+00 2.353254110203042870e+00
-1.549522262557641916e+00 2.327764865943391381e+00 2.335285077466036086e+00
-1.549767366355896847e+00 2.328671599989273755e+00 2.334475968377223154e+00
-1.557066308174418712e+00 2.327827460282480665e+00 2.348753895710080641e+00
-1.553904913620923534e+00 2.319809081220932434e+00 2.344035808814641797e+00
-1.560345389115280312e+00 2.329439420844218844e+00 2.348234821868944167e+00
-1.554216929706413897e+00 2.333729927260326686e+00 2.342152294114194788e+00
-1.554613821803501938e+00 2.336087451911843083e+00 2.341326052293856819e+00
-1.567826305199115478e+00 2.342564213823956187e+00 2.358965679596316534e+00
-1.557314077826701171e+00 2.323237400397065500e+00 2.349634565944512588e+00
-1.563384923342366450e+00 2.336352068579467200e+00 2.356589208043402550e+00
-1.569460406989288792e+00 2.342313429535907598e+00 2.363218437733625166e+00
-1.552120658059146230e+00 2.332559938010063671e+00 2.336995815830833934e+00
-1.572234931245160228e+00 2.335933494497798968e+00 2.366296587317471278e+00
-1.560418493276082064e+00 2.340570781292326874e+00 2.349339571303106666e+00
-1.555648480067605366e+00 2.326053711214416619e+00 2.342146756057431389e+00
-1.560074008502938536e+00 2.335848997706657659e+00 2.347043450721146840e+00
-1.571875755060857305e+00 2.341932736162074313e+00 2.366375129272347166e+00
-1.557885532284854824e+00 2.333278500654832222e+00 2.348700161145671927e+00
-1.573563699016940820e+00 2.339665279306125445e+00 2.369574222667445440e+00
-1.567384870195215774e+00 2.334251309011227793e+00 2.363109381460485992e+00
-1.555660978318138543e+00 2.325436400139788695e+00 2.342336891090026185e+00
-1.572009074402495488e+00 2.329667183487380111e+00 2.369166464442360009e+00
-1.569701449423312356e+00 2.332269310845100918e+00 2.362666793391968056e+00
-1.556383022795607030e+00 2.327605905576700440e+00 2.347621899431286963e+00
-1.573753972622602415e+00 2.334539765831712632e+00 2.370977745274027271e+00
-1.573192849578013863e+00 2.336235056255706599e+00 2.370267806992096382e+00
-1.556776697513632568e+00 2.337760141206991715e+00 2.343258982506991828e+00
-1.563623552932989380e+00 2.329946185259137881e+00 2.358399362043574143e+00
-1.555809491268391742e+00 2.319885814058562090e+00 2.344922378844129796e+00
-1.552393106331511952e+00 2.332834834418390901e+00 2.337493197582031002e+00
-1.561351121766431982e+00 2.331645003048311793e+00 2.349404805649244921e+00
-1.569542227576746773e+00 2.342261087615284954e+00 2.361814310086153057e+00
-1.572064732562532985e+00 2.337243924296040554e+00 2.368717808815411274e+00
-1.552708691534625096e+00 2.319668487869963158e+00 2.341273331907627764e+00
-1.562429909099992464e+00 2.336567275337906313e+00 2.350470840468727118e+00
-1.568798141959576231e+00 2.327244489481920198e+00 2.365596653499874691e+00
-1.553268332005488750e+00 2.334270120477826893e+00 2.338844842165176630e+00
-1.562994189484386620e+00 2.321952140245420626e+00 2.357553390192725473e+00
-1.556298515664329640e+00 2.337075637733915023e+00 2.343955487242821434e+00
-1.553851724316796634e+00 2.319762530671112710e+00 2.342347711185677639e+00
-1.565593102701711592e+00 2.340735606947602854e+00 2.358153070191244538e+00
-1.550666275721207521e+00 2.321393999647917372e+00 2.337645652735160340e+00
-1.566341219915523109e+00 2.335119301184049867e+00 2.356612323535642872e+00
-1.571564291470056496e+00 2.341278583171121142e+00 2.365207753234585653e+00
-1.566737776063745535e+00 2.338285221011570769e+00 2.360951020828750302e+00
-1.571118805392798023e+00 2.338953896695741719e+00 2.364155619986219037e+00
-1.568906441331718637e+00 2.338116702601611863e+00 2.360459113379391738e+00
-1.552236739434881274e+00 2.332593174010196169e+00 2.337558342212506801e+00
-1.567573022076559575e+00 2.342658306324264306e+00 2.359248225396575194e+00
-1.565146943738001228e+00 2.325296812335704733e+00 2.357309668462068686e+00
-1.560827152352076697e+00 2.335885456243313563e+00 2.352551534047195858e+00
-1.564049608418106141e+00 2.334642298739430633e+00 2.357994776780314439e+00
-1.567208972243360865e+00 2.339261565938367315e+00 2.357719316138638277e+00
-1.553118730696956051e+00 2.331715953232702532e+00 2.340742146137760216e+00
-1.564662270553690560e+00 2.325535646475244800e+00 2.360162305715039821e+00
-1.561987753868630646e+00 2.336613178887214204e+00 2.349889516138212286e+00
-1.568211415624152005e+00 2.328753355089966615e+00 2.361271077077830682e+00
-1.563746726678882926e+00 2.328003211268613981e+00 2.354037302950658272e+00
-1.553187548954539476e+00 2.329213492730634272e+00 2.338335505891130595e+00
-1.560369586013894416e+00 2.330157497765266150e+00 2.348277759574195045e+00
-1.569284263938022450e+00 2.340085465911638796e+00 2.361111851749717161e+00
-1.562722589443823029e+00 2.324161310761951427e+00 2.357423162777550374e+00
-1.564469714084653962e+00 2.323573778340066287e+00 2.357056731276777839e+00
-1.560595225012225251e+00 2.330663360565293107e+00 2.353602617214008319e+00
-1.553355592762245552e+00 2.328342912679441934e+00 2.338679548181916701e+00
-1.564626074062116734e+00 2.324446120297959606e+00 2.356862476167256304e+00
-1.561341823857890887e+00 2.339530492013552454e+00 2.351666766992611457e+00
-1.560862035230887734e+00 2.322239473971518642e+00 2.351642567944855600e+00
-1.554241419918686251e+00 2.333810816604990457e+00 2.339627575829815953e+00
-1.564517804762742603e+00 2.326088995194382392e+00 2.359928039964369617e+00
-1.567538237377395838e+00 2.324935457681306605e+00 2.363463742146889146e+00
-1.553186373321996161e+00 2.331477591373958269e+00 2.338260873383688931e+00
-1.568156673245121535e+00 2.327362880917264842e+00 2.361792622889041127e+00
-1.567136563943241079e+00 2.335513064006319084e+00 2.357905715904815125e+00
-1.567580795321478204e+00 2.331973203071860734e+00 2.359287095959828662e+00
-1.549889492812847491e+00 2.325944974376514374e+00 2.335450718461078878e+00
-1.568645375330936398e+00 2.330443038726468519e+00 2.361520990898650751e+00
-1.557138800646533205e+00 2.332919164211068708e+00 2.343277890954734488e+00
-1.564650772193284745e+00 2.331013222608546265e+00 2.359617805877645580e+00
-1.566185055734707676e+00 2.329774475975810333e+00 2.361981879658415551e+00
-1.554509444563907383e+00 2.327299774694213674e+00 2.344429738785693829e+00
-1.555736670047732417e+00 2.321593605829625595e+00 2.346868505891679391e+00
-1.559554916086817400e+00 2.329258389543001684e+00 2.347293587428199046e+00
-1.558395610273800358e+00 2.331781052283400157e+00 2.349791217462758652e+00
-1.550221265612684585e+00 2.327550958690298710e+00 2.335707232745964035e+00
-1.560153748870104717e+00 2.339065741664351439e+00 2.349727828009582353e+00
-1.564846431415967132e+00 2.327155341309580461e+00 2.360301413797493808e+00
-1.559865061699748257e+00 2.339540755125136595e+00 2.348641842464667562e+00
-1.550215834169303974e+00 2.325057797296788742e+00 2.336825947698786266e+00
-1.570044728665107137e+00 2.330956262480637253e+00 2.363900940166061559e+00
-1.572557955064370905e+00 2.339635751978220490e+00 2.367950055147971966e+00
-1.569520580136168686e+00 2.335315054611939001e+00 2.361926025029957188e+00
-1.564164645151576938e+00 2.327561829531534343e+00 2.354943237221059249e+00
-1.551007082686350902e+00 2.326441313579477033e+00 2.338240465576308935e+00
-1.559902581125080401e+00 2.323677763660831008e+00 2.349520515683707345e+00
-1.570551666484004461e+00 2.340452015365849459e+00 2.365276316637165976e+00
-1.566552712264099867e+00 2.341349363698723263e+00 2.357189940944138584e+00
-1.567858481142324401e+00 2.342093703875562483e+00 2.360152518967293389e+00
-1.558328705661126357e+00 2.336465418886152889e+00 2.344971809620144398e+00
-1.551765770763742225e+00 2.321466103665711600e+00 2.339758176162876069e+00
-1.554855582967678895e+00 2.328919836965482659e+00 2.340690928282038286e+00
-1.553124594841015060e+00 2.332894942394674320e+00 2.339744967615594362e+00
-1.551073988856011887e+00 2.329566591471210035e+00 2.336556501816215103e+00
-1.553306069937528733e+00 2.330738956094683623e+00 2.341278460265328931e+00
-1.573319999563540517e+00 2.335360896169116796e+00 2.369611062853815397e+00
-1.557642955401550955e+00 2.337869285406417141e+00 2.344810945661368606e+00
-1.564902909428791400e+00 2.325604528819843253e+00 2.356941104047439950e+00
-1.553567444478185955e+00 2.332976740814448835e+00 2.339032987552176479e+00
-1.550294737975204562e+00 2.326831128518533909e+00 2.336115815445152677e+00
-1.563865005485792548e+00 2.322554355079129440e+00 2.356959727402344384e+00
-1.555423537562407255e+00 2.333541594799983798e+00 2.344032167686211920e+00
-1.550586893601874516e+00 2.323387751802636458e+00 2.337154631944722283e+00
-1.572073102547038692e+00 2.336109984216299562e+00 2.368620171414054454e+00
-1.569337250887119950e+00 2.340974159301321578e+00 2.361595886824858326e+00
-1.554525343874383569e+00 2.323749190185335767e+00 2.344822629812151504e+00
-1.553346513519047178e+00 2.320934400514891305e+00 2.341342348278534047e+00
-1.567018201988688908e+00 2.324765510746234831e+00 2.362534519034785063e+00
-1.569171097702204198e+00 2.331025605033062664e+00 2.362392090272919631e+00
-1.555530466648308296e+00 2.335220840806595977e+00 2.343264561592956596e+00
-1.555944089914049977e+00 2.329789456565971140e+00 2.342087754816830625e+00
-1.563339068637591645e+00 2.331294340710118984e+00 2.352722112243164077e+00
-1.554796250948792924e+00 2.328028491598707284e+00 2.344653480171105642e+00
-1.567281192909227183e+00 2.337077538058030424e+00 2.361937839477397105e+00
-1.566185859335351482e+00 2.337950097135261363e+00 2.360012455734693759e+00
-1.558030130672743319e+00 2.334087173560615458e+00 2.348356296246357999e+00
-1.551987974622496491e+00 2.326468913036223274e+00 2.340000367024400063e+00
-1.570249483634813092e+00 2.339815803939339300e+00 2.365057523762461145e+00
-1.564849649202016746e+00 2.334163849528211987e+00 2.358151352738538264e+00
-1.564849649202016746e+00 2.334163849528211987e+00 2.358151352738538264e+00
-1.559336673029873666e+00 2.327260198332450791e+00 2.350344855972569036e+00
-1.559336673029873666e+00 2.327260198332450791e+00 2.350344855972569036e+00
-1.556233986797027624e+00 2.329872729094778716e+00 2.345341575925948163e+00
-1.559885980106967773e+00 2.326822446157328805e+00 2.352599941327218502e+00
-1.563069195760491192e+00 2.329169925820851805e+00 2.353485476164216550e+00
-1.558534426802119288e+00 2.328765894817868443e+00 2.347463721846477114e+00
-1.558534426802119288e+00 2.328765894817868443e+00 2.347463721846477114e+00
-1.563491870964296648e+00 2.330166844699447903e+00 2.355616814271183301e+00
-1.566202042455942411e+00 2.338639084728341366e+00 2.358146859961141928e+00
-1.551325548023200440e+00 2.325843196830657877e+00 2.337912349899454512e+00
-1.565784671670393813e+00 2.331432643136340133e+00 2.360018713824098668e+00
-1.558028646089112401e+00 2.327533407870639337e+00 2.345786438008756747e+00
-1.562900615990656439e+00 2.333799183225711893e+00 2.352434625435737559e+00
-1.567913657012081075e+00 2.331436901119133154e+00 2.362410405642176414e+00
-1.559894558294232736e+00 2.333350341060652866e+00 2.351461093895307997e+00
-1.558380295441683883e+00 2.322755112671953004e+00 2.349316860731692103e+00
-1.565029649861190642e+00 2.331684485875683333e+00 2.356184241557555126e+00
-1.565818323652814259e+00 2.334464154613102416e+00 2.357084684792035034e+00
-1.565818323652814259e+00 2.334464154613102416e+00 2.357084684792035034e+00
-1.565517885814254662e+00 2.332703215860588930e+00 2.357207514876662913e+00
-1.559243576762982864e+00 2.331913177740013943e+00 2.350859033677924259e+00
-1.555700895492317715e+00 2.321638632552048165e+00 2.345325421415589418e+00
-1.572577018215142397e+00 2.335812188258840738e+00 2.369052866755534836e+00
-1.555236057199361976e+00 2.324987742049858142e+00 2.345552491721782928e+00
-1.562225387026024759e+00 2.333437414236267937e+00 2.354249727382375923e+00
-1.559232415020576301e+00 2.324974383672158140e+00 2.348840419705071625e+00
-1.559232415020576301e+00 2.324974383672158140e+00 2.348840419705071625e+00
-1.568857820669803393e+00 2.340775091410961295e+00 2.361321819095090646e+00
-1.565099343253833597e+00 2.336055085363346162e+00 2.357143008345783386e+00
-1.562551287963352076e+00 2.337593593047449847e+00 2.351151115375420986e+00
-1.560127466923769468e+00 2.329864627829306478e+00 2.351938515606864399e+00
-1.561486769494619731e+00 2.326017467064219524e+00 2.352271439710280632e+00
-1.563364497854921487e+00 2.328302500691957544e+00 2.355053436882624140e+00
-1.553617431874524168e+00 2.328065455330226019e+00 2.342561911988145340e+00
-1.558270050955779862e+00 2.322036232106348574e+00 2.349053146569328732e+00
-1.557742117036973628e+00 2.329928661154934577e+00 2.344829141410325946e+00
-1.563597287287099791e+00 2.334342387766008109e+00 2.357020939866830034e+00
-1.552481501463493618e+00 2.323166922413780977e+00 2.339544036014212125e+00
-1.560610363084150354e+00 2.326949003497799318e+00 2.351053640426341573e+00
-1.566989514805637196e+00 2.329761622005713129e+00 2.361509352269520079e+00
-1.566989514805637196e+00 2.329761622005713129e+00 2.361509352269520079e+00
-1.566328154289784447e+00 2.327478756600642740e+00 2.360619827404903504e+00
-1.562203998230037971e+00 2.340320316222516350e+00 2.351417916177883427e+00
-1.568791818632183643e+00 2.337905999501781906e+00 2.361997028656872999e+00
-1.556845271952860266e+00 2.329879380723387072e+00 2.346535848769370602e+00
-1.556845271952860266e+00 2.329879380723387072e+00 2.346535848769370602e+00
-1.565547058411591586e+00 2.338533722009753291e+00 2.358699066660726373e+00
-1.558477763660151005e+00 2.331247186688147899e+00 2.348185609125213347e+00
-1.567737103042616820e+00 2.335297699037205632e+00 2.360395300478989711e+00
-1.565547623349124340e+00 2.326146798774859636e+00 2.358317492319827124e+00
-1.571154798116097151e+00 2.337640005666786092e+00 2.366380763597193848e+00
-1.551768005958165109e+00 2.327154140468049803e+00 2.339340851123781206e+00
-1.564282375817390935e+00 2.326174886532609509e+00 2.357622750897974129e+00
-1.564282375817390935e+00 2.326174886532609509e+00 2.357622750897974129e+00
-1.565914542018943312e+00 2.328311107235649491e+00 2.359428862470737798e+00
-1.561614603143311797e+00 2.331081528236063960e+00 2.351308176839124187e+00
-1.565773821251582376e+00 2.337851836047376786e+00 2.356399866291869927e+00
-1.555136468317009468e+00 2.329177882936377841e+00 2.341563544305264699e+00
-1.570042907499039631e+00 2.330897734419781209e+00 2.366068177342244283e+00
-1.551362960140545200e+00 2.327351843643969964e+00 2.336825700961105312e+00
-1.554018012985278308e+00 2.328242062880090835e+00 2.342956595361282979e+00
-1.558759563589384944e+00 2.328838824575078625e+00 2.348293226639199816e+00
-1.570244065202202943e+00 2.337050255410366706e+00 2.363888307261381883e+00
-1.570244065202202943e+00 2.337050255410366706e+00 2.363888307261381883e+00
-1.566155469329137961e+00 2.339938948928355522e+00 2.356966898829854884e+00
-1.563303133695176816e+00 2.338749070773856964e+00 2.352443612938227346e+00
-1.563953573896682769e+00 2.331580493089459249e+00 2.355256755859734596e+00
-1.565264508673997801e+00 2.328056271988875991e+00 2.357489104533732061e+00
-1.560208135904633142e+00 2.331867939613251561e+00 2.351232043549075001e+00
-1.560208135904633142e+00 2.331867939613251561e+00 2.351232043549075001e+00
-1.569496539003317093e+00 2.331023628705368722e+00 2.363155512963498239e+00
-1.564810243598486750e+00 2.333811110250744392e+00 2.358462094405229692e+00
-1.564810243598486750e+00 2.333811110250744392e+00 2.358462094405229692e+00
-1.555927423525287123e+00 2.332679905396850106e+00 2.343959376852009058e+00
-1.555318382633487762e+00 2.327088631689503639e+00 2.344780391519112328e+00
-1.568546060130415087e+00 2.334676446908845016e+00 2.362470108717541706e+00
-1.568546060130415087e+00 2.334676446908845016e+00 2.362470108717541706e+00
-1.561799981653182234e+00 2.327800931717198374e+00 2.353370835878884293e+00
-1.561799981653182234e+00 2.327800931717198374e+00 2.353370835878884293e+00
-1.556459136699605450e+00 2.330070906988066071e+00 2.345076352284113597e+00
-1.560102987803387187e+00 2.323497987431726308e+00 2.352984873768376062e+00
-1.559630086511954561e+00 2.335597253978148213e+00 2.350101867160624636e+00
-1.552537834646770198e+00 2.326315687838710566e+00 2.339913289375976646e+00
-1.550963803466935298e+00 2.323104482410948801e+00 2.337829040619944010e+00
-1.551833762269160477e+00 2.326901970760662852e+00 2.337285329573560944e+00
-1.564317602068296731e+00 2.333907081522148097e+00 2.355617105346750506e+00
-1.571446568603991345e+00 2.336866124116498522e+00 2.366804360255160944e+00
-1.551246793876145169e+00 2.324328649612263042e+00 2.337810734111691602e+00
-1.563476817326088453e+00 2.328261804867294060e+00 2.353947969010125263e+00
-1.568218224793603621e+00 2.329379425217014354e+00 2.362811924375225914e+00
-1.557643035141870858e+00 2.332908246187646029e+00 2.346214065077667499e+00
-1.557643035141870858e+00 2.332908246187646029e+00 2.346214065077667499e+00
-1.556524618033404028e+00 2.331232810401189681e+00 2.346137059433925032e+00
-1.570703693671318568e+00 2.333218288893194270e+00 2.367042342840813163e+00
-1.560705516497216117e+00 2.327036906660033377e+00 2.352708842283435686e+00
-1.560705516497216117e+00 2.327036906660033377e+00 2.352708842283435686e+00
-1.554102857679611649e+00 2.320834978286018035e+00 2.342478016648259498e+00
-1.563285734501699498e+00 2.325455231639034448e+00 2.357771385310362788e+00
-1.562137599273709654e+00 2.325751806225879292e+00 2.354094764844663956e+00
-1.559836229782263217e+00 2.327298831861297046e+00 2.351397656023625160e+00
-1.560547351826001350e+00 2.327112042990340246e+00 2.353375903110929812e+00
-1.564956226458456445e+00 2.337106517770862535e+00 2.357088387962964049e+00
-1.558295910524057248e+00 2.323114423861001754e+00 2.350250645687710360e+00
-1.566679517574696368e+00 2.336145818803150753e+00 2.358943295790332684e+00
-1.566679517574696368e+00 2.336145818803150753e+00 2.358943295790332684e+00
-1.559713557798310113e+00 2.325962144907578466e+00 2.351958167096036334e+00
-1.562136559243330280e+00 2.332406059820583355e+00 2.353785762519937208e+00
-1.562136559243330280e+00 2.332406059820583355e+00 2.353785762519937208e+00
-1.557727872595098706e+00 2.335333049626833191e+00 2.344655271949820374e+00
-1.557960685486616814e+00 2.331568900508538711e+00 2.347389892950692669e+00
-1.557960685486616814e+00 2.331568900508538711e+00 2.347389892950692669e+00
-1.553370275709562875e+00 2.323182324093112427e+00 2.342210350740467462e+00
-1.566850020417145384e+00 2.332013043958266696e+00 2.360130102790014561e+00
-1.558216910637624242e+00 2.332455025660714387e+00 2.349137236343590729e+00
-1.558974540261255814e+00 2.335080324184001466e+00 2.347075000492033325e+00
-1.559574014736857084e+00 2.327161075290683279e+00 2.352431381028676327e+00
-1.563824905473688132e+00 2.334827126697290200e+00 2.355018352198017695e+00
-1.569774928121163260e+00 2.336037611815332316e+00 2.365093905555589515e+00
-1.564933588232047423e+00 2.337576806167730670e+00 2.357537254150631867e+00
-1.561847664571316852e+00 2.326368139354048292e+00 2.354319684284668313e+00
-1.561847664571316852e+00 2.326368139354048292e+00 2.354319684284668313e+00
-1.559769470340703679e+00 2.323733705890552059e+00 2.352171802207669415e+00
-1.566799772183215644e+00 2.335968175425402915e+00 2.358720771348554734e+00
-1.566799772183215644e+00 2.335968175425402915e+00 2.358720771348554734e+00
-1.565167925434372220e+00 2.332304482465193729e+00 2.359306859883014695e+00
-1.565728070797924865e+00 2.339236994244538348e+00 2.357449133845943123e+00
-1.569166680358909716e+00 2.335870463303869382e+00 2.363789974005888084e+00
-1.557425593473906300e+00 2.327592028016417292e+00 2.347408860905645156e+00
-1.561515627339822965e+00 2.322416499831839953e+00 2.354025145448899181e+00
-1.565751572735078367e+00 2.324389968331648681e+00 2.360252768293966241e+00
-1.568914609016541339e+00 2.332128577020261329e+00 2.363436306106391882e+00
-1.552128054581895622e+00 2.326238223475420419e+00 2.338826855664002835e+00
-1.561890329821392420e+00 2.334765588008502757e+00 2.354308307650638810e+00
-1.564137424977958934e+00 2.331960885007887008e+00 2.356416864290871160e+00
-1.564137424977958934e+00 2.331960885007887008e+00 2.356416864290871160e+00
-1.557290090379899183e+00 2.326095652006926695e+00 2.347544754352490770e+00
-1.566424377740465168e+00 2.325476015541807051e+00 2.360525204599568383e+00
-1.569025126595848141e+00 2.340110558613075931e+00 2.362407577601979725e+00
-1.565012329905378197e+00 2.335656633853038233e+00 2.357059191166630541e+00
-1.565986073887557950e+00 2.339008589180260334e+00 2.357480106108699403e+00
-1.557703634797488856e+00 2.328648484356433457e+00 2.348801922527163910e+00
-1.557703634797488856e+00 2.328648484356433457e+00 2.348801922527163910e+00
-1.562111409080177316e+00 2.338329265179039496e+00 2.350527230521768374e+00
-1.567121473008331378e+00 2.340440263848411195e+00 2.360088024309243693e+00
-1.564985131113131978e+00 2.331255008476833090e+00 2.359662245591598762e+00
-1.570399637203755860e+00 2.336233089075754332e+00 2.366283960619867344e+00
-1.570198810733967276e+00 2.336836657103815273e+00 2.364004659387719087e+00
-1.559542173222868700e+00 2.322718230691583674e+00 2.351036070233178066e+00
-1.563509110090274046e+00 2.330877504774682585e+00 2.353991178311495958e+00
-1.562185870551988209e+00 2.323128419289990365e+00 2.355038127859085506e+00
-1.559214317145253936e+00 2.322901358580746312e+00 2.351761766656332853e+00
-1.563750695981587446e+00 2.330022037075334396e+00 2.354031074892933617e+00
-1.560126178726714663e+00 2.328778234265695080e+00 2.351009892702036197e+00
-1.563638904968366328e+00 2.330335480776179580e+00 2.357617089036651237e+00
-1.553373257587550960e+00 2.324277351732242369e+00 2.341136045163331403e+00
-1.553373257587550960e+00 2.324277351732242369e+00 2.341136045163331403e+00
-1.567701135774503651e+00 2.336396463141541258e+00 2.361781178526863201e+00
-1.567701135774503651e+00 2.336396463141541258e+00 2.361781178526863201e+00
-1.565119057644176914e+00 2.330439121715769613e+00 2.359145855614677600e+00
-1.570324321852635041e+00 2.336738222206015347e+00 2.363778822723753947e+00
-1.559822790570942752e+00 2.337006567695400161e+00 2.349058366049270319e+00
-1.569136021972411310e+00 2.336045992520281001e+00 2.364553273129292421e+00
-1.563310790199246458e+00 2.323787780377352341e+00 2.356319296356783610e+00
-1.560881683238847017e+00 2.327201964832327441e+00 2.352100631200514158e+00
-1.560881683238847017e+00 2.327201964832327441e+00 2.352100631200514158e+00
-1.569054039379577770e+00 2.329491981847612081e+00 2.365619986951593035e+00
-1.554523250279582491e+00 2.325813580290381211e+00 2.343909802619300820e+00
-1.563882634432796959e+00 2.329513601694813474e+00 2.357545849717283204e+00
-1.553278601863394393e+00 2.325509629501951281e+00 2.341926453858288681e+00
-1.568183739267364096e+00 2.332558090827310249e+00 2.363799109647683139e+00
-1.566034987621301555e+00 2.333598817420601268e+00 2.358111035621133666e+00
-1.569071148641417945e+00 2.329203013590281035e+00 2.365427751126169653e+00
-1.555396488896570784e+00 2.324182872297587910e+00 2.344526886822057676e+00
-1.565171994510430320e+00 2.332586876002519016e+00 2.357983085573316373e+00
-1.565171994510430320e+00 2.332586876002519016e+00 2.357983085573316373e+00
-1.554513715173027277e+00 2.327767432771754130e+00 2.340526228260372932e+00
-1.558845392780898509e+00 2.327369342315510181e+00 2.349888637862438401e+00
-1.558845392780898509e+00 2.327369342315510181e+00 2.349888637862438401e+00
-1.565826035997700094e+00 2.333078565643505797e+00 2.358673935389074217e+00
-1.556906538305283139e+00 2.328063022561325468e+00 2.346082592578843773e+00
-1.556906538305283139e+00 2.328063022561325468e+00 2.346082592578843773e+00
-1.555848678828090970e+00 2.330664751467423024e+00 2.344097104186548819e+00
-1.555848678828090970e+00 2.330664751467423024e+00 2.344097104186548819e+00
-1.559078794193594852e+00 2.328155482997544379e+00 2.350707023292301301e+00
-1.565971089811968087e+00 2.332314705159323154e+00 2.359269666215542571e+00
-1.560996872946802450e+00 2.323488063026692974e+00 2.352324928306913421e+00
-1.562272165387374345e+00 2.329348243049683020e+00 2.354894967885119428e+00
-1.553264095824743452e+00 2.321944031740918568e+00 2.341870284778428513e+00
-1.569826183292681865e+00 2.341179034048324059e+00 2.362665693078472628e+00
-1.562989506485132463e+00 2.328974835269215227e+00 2.354233975703220239e+00
-1.562989506485132463e+00 2.328974835269215227e+00 2.354233975703220239e+00
-1.555519801236392663e+00 2.334316652654575108e+00 2.341854035911808296e+00
-1.570037198280198165e+00 2.333050964807002803e+00 2.363782323422920939e+00
-1.552816181239684568e+00 2.328593309312292359e+00 2.340211342749970669e+00
-1.560464228622368665e+00 2.336526783818215325e+00 2.348486193146360534e+00
-1.567027503804218069e+00 2.328555638534970385e+00 2.361103970752267855e+00
-1.565536710816469501e+00 2.330843832052183817e+00 2.360054364473159083e+00
-1.557655896974490473e+00 2.332444294300322074e+00 2.347974369808731865e+00
-1.571097217518242717e+00 2.330634763892586392e+00 2.367767545420090158e+00
-1.558651346457481157e+00 2.336802246202318134e+00 2.346463387921920329e+00
-1.570075502839019421e+00 2.335246759092842517e+00 2.363277431895369318e+00
-1.565126747503439830e+00 2.331460335179062149e+00 2.356038806145882347e+00
-1.554009175433684664e+00 2.321123744945630563e+00 2.342187606814459144e+00
-1.555138102014950396e+00 2.330741691793730030e+00 2.341373194120750512e+00
-1.566244041260324682e+00 2.330316501522398553e+00 2.357909757967057374e+00
-1.559426712546090110e+00 2.324350184262107710e+00 2.350160784756516463e+00
-1.557265098517003787e+00 2.330329453955170216e+00 2.344353004281709119e+00
-1.554133520279872283e+00 2.332604717715518028e+00 2.340684667194565804e+00
-1.565934032087383576e+00 2.331861182028371005e+00 2.358113419734772620e+00
-1.559247141998264752e+00 2.331498922895176129e+00 2.349137967701015128e+00
-1.559247141998264752e+00 2.331498922895176129e+00 2.349137967701015128e+00
-1.556982643558125101e+00 2.324558386091188478e+00 2.347203762578182307e+00
-1.556982643558125101e+00 2.324558386091188478e+00 2.347203762578182307e+00
-1.562625240681144057e+00 2.330906199365955001e+00 2.354702554466408415e+00
-1.562625240681144057e+00 2.330906199365955001e+00 2.354702554466408415e+00
-1.556957676338398766e+00 2.325170116076818783e+00 2.348018839685972026e+00
-1.555219541592776977e+00 2.328747079259105845e+00 2.341471915409860216e+00
-1.560458744097095618e+00 2.333211601188676543e+00 2.349891115441112177e+00
-1.560458744097095618e+00 2.333211601188676543e+00 2.349891115441112177e+00
-1.565196812684869432e+00 2.325604834993469705e+00 2.358416633126578787e+00
-1.553374880512045308e+00 2.329884344649334693e+00 2.341630964532999570e+00
-1.562169939210579006e+00 2.323106146543855388e+00 2.353715487114753202e+00
-1.555960398790787735e+00 2.328666694471566601e+00 2.342921926937988175e+00
-1.560795454966562801e+00 2.339196846792897855e+00 2.349904360927050462e+00
-1.550764177124457799e+00 2.325239064107420095e+00 2.337429288252788950e+00
-1.558920957656651396e+00 2.328601020308681324e+00 2.349395780678523948e+00
-1.567071292723830611e+00 2.325289778157775267e+00 2.362539233278802442e+00
-1.567253963334381162e+00 2.330563923559574757e+00 2.362396812961902626e+00
-1.562454090657649175e+00 2.325287782710604212e+00 2.355224330436380242e+00
-1.565767179017351518e+00 2.330506962651367697e+00 2.357316051116759681e+00
-1.561367242725093973e+00 2.331271302602027085e+00 2.350568394074439738e+00
-1.553023584039331162e+00 2.329518324935544449e+00 2.339690015847700977e+00
-1.560783157272886079e+00 2.331596698151272573e+00 2.349228425619202199e+00
-1.559457531209359926e+00 2.327863952020798433e+00 2.352120758974013626e+00
-1.556678822903693860e+00 2.326606067333899741e+00 2.347045074710372603e+00
-1.565929587856964122e+00 2.334999749080854059e+00 2.356949897864362597e+00
-1.570123178233625127e+00 2.336048257782729731e+00 2.363455200577387672e+00
-1.569556714746280779e+00 2.340071365914162094e+00 2.362524531535914463e+00
-1.561775653875407510e+00 2.327336152559186466e+00 2.355282993957947824e+00
-1.568110192839570205e+00 2.339411121975128349e+00 2.361071868466709134e+00
-1.564521877628354041e+00 2.325864987509949522e+00 2.358876359606416173e+00
-1.564521877628354041e+00 2.325864987509949522e+00 2.358876359606416173e+00
-1.556085053548151631e+00 2.320217696702712828e+00 2.346761575296492097e+00
-1.565275525998617301e+00 2.337755297659270592e+00 2.356893835336290266e+00
-1.565275525998617301e+00 2.337755297659270592e+00 2.356893835336290266e+00
-1.563674024229571469e+00 2.331505980115237797e+00 2.357262118235158965e+00
-1.563674024229571469e+00 2.331505980115237797e+00 2.357262118235158965e+00
-1.564103342724046275e+00 2.338846667021635461e+00 2.355230134752382298e+00
-1.559219551862053077e+00 2.323756004740316961e+00 2.348791048793366087e+00
-1.554455255046284901e+00 2.326752857586548817e+00 2.342138176964649432e+00
-1.560905535276931655e+00 2.333788071888165838e+00 2.351770816206560255e+00
-1.560905535276931655e+00 2.333788071888165838e+00 2.351770816206560255e+00
-1.561815445320087203e+00 2.337725297108790290e+00 2.352429960316413826e+00
-1.564668711511809640e+00 2.327857632550106359e+00 2.359550821595030712e+00
-1.558115544813479802e+00 2.337155317218715833e+00 2.345674244125442343e+00
-1.571194224946767859e+00 2.339849579721583250e+00 2.365159046024645662e+00
-1.566488005178793497e+00 2.333369681376693094e+00 2.358552864782039293e+00
-1.559840240666716227e+00 2.328569584160550487e+00 2.349329536935265139e+00
-1.559840240666716227e+00 2.328569584160550487e+00 2.349329536935265139e+00
-1.560761101935034034e+00 2.336899222320380609e+00 2.351724188581865604e+00
-1.559423473172766528e+00 2.326349509047636488e+00 2.350607917969210092e+00
-1.567047119999040339e+00 2.329422470024297809e+00 2.359292971025727326e+00
-1.560602808245948214e+00 2.329150773068251024e+00 2.352459629782615025e+00
-1.552513539482250904e+00 2.324778828213550419e+00 2.340751811185004527e+00
-1.568208727505035593e+00 2.337249883158201147e+00 2.360583046038140509e+00
-1.564006995903892694e+00 2.335957724107721400e+00 2.356987794246876433e+00
-1.560480524478749409e+00 2.322660180986858336e+00 2.352683437131879884e+00
-1.553031489284956823e+00 2.326185330269634477e+00 2.340376808771267747e+00
-1.562021929381685492e+00 2.332813039008305722e+00 2.351148287606498855e+00
-1.554250816506766331e+00 2.320761262727238261e+00 2.343580620263313818e+00
-1.557562436103628878e+00 2.324683935324184159e+00 2.346320796642407558e+00
-1.570194926397640023e+00 2.338702496983432688e+00 2.364936441947698142e+00
-1.568118815992575854e+00 2.333062270443763797e+00 2.362206626235845874e+00
-1.563681251769089675e+00 2.329706768939311168e+00 2.355424088761708390e+00
-1.563681251769089675e+00 2.329706768939311168e+00 2.355424088761708390e+00
-1.571157863454073045e+00 2.332183814631409113e+00 2.367676031133731485e+00
-1.560119224289625794e+00 2.321198167192378925e+00 2.352184060050795722e+00
-1.559094990466073583e+00 2.329545934247986505e+00 2.349628231890372732e+00
-1.565653716032969989e+00 2.332431399284948359e+00 2.356965322790436801e+00
-1.557015232515255310e+00 2.331394482583703187e+00 2.345585182467273100e+00
-1.564908953237568623e+00 2.327226611367525511e+00 2.356891442253024493e+00
-1.559111839314817116e+00 2.325830846051302636e+00 2.349969209488262933e+00
-1.559610171821994573e+00 2.331952894340716398e+00 2.347015187784924350e+00
-1.570791169518981345e+00 2.333306287794009393e+00 2.367005346096650698e+00
-1.565012834874587089e+00 2.334330048685608006e+00 2.356632823023467438e+00
-1.565012834874587089e+00 2.334330048685608006e+00 2.356632823023467438e+00
-1.566170571057180716e+00 2.331451627961765194e+00 2.360504123135363841e+00
-1.562886470149434714e+00 2.327008983555221455e+00 2.354059974074072414e+00
-1.555768173975610846e+00 2.328746494039688031e+00 2.344492349180065105e+00
-1.555768173975610846e+00 2.328746494039688031e+00 2.344492349180065105e+00
-1.557926001465053556e+00 2.325671958158136210e+00 2.348230592746279655e+00
-1.554410184309569676e+00 2.330250441216463742e+00 2.342272668721395945e+00
-1.560884044689341499e+00 2.331820765370812953e+00 2.350514475497595512e+00
-1.564472762761070168e+00 2.339649318166923120e+00 2.354030660897839411e+00
-1.559579118765273442e+00 2.336534533906859057e+00 2.348152156403283897e+00
-1.562518656005818185e+00 2.334878402342478676e+00 2.351004651678739066e+00
-1.567256538578909009e+00 2.332984008442698265e+00 2.362401323022478294e+00
-1.552362332116050903e+00 2.323541941083210105e+00 2.339765986583797641e+00
-1.571911986969238395e+00 2.337543638783563971e+00 2.367973957820975528e+00
-1.556883844081667689e+00 2.334349365909775820e+00 2.345641879910818517e+00
-1.556471627565891636e+00 2.329837885008446463e+00 2.346745785059720646e+00
-1.561578035474465498e+00 2.338275097269454150e+00 2.350454231525445081e+00
-1.567393704147134192e+00 2.325117096124506677e+00 2.362714173218041225e+00
-1.560108703321233303e+00 2.327251857736417850e+00 2.351760911027033885e+00
-1.561819782413783164e+00 2.324707954362346118e+00 2.353770075360239744e+00
-1.568088886242152036e+00 2.340344693781742702e+00 2.360562460217449754e+00
-1.569248738001673527e+00 2.330141984397081867e+00 2.363258405298980236e+00
-1.565390333563488223e+00 2.333002312053819693e+00 2.356409473205490102e+00
-1.567623248129118574e+00 2.336810301292877146e+00 2.359603008633136767e+00
-1.555695746705293869e+00 2.329448449504691432e+00 2.342427764807219148e+00
-1.555695746705293869e+00 2.329448449504691432e+00 2.342427764807219148e+00
-1.556667921715808145e+00 2.329003784851310765e+00 2.346544217123369691e+00
-1.555528565763804494e+00 2.325913405207992390e+00 2.344156285006009810e+00
-1.555528565763804494e+00 2.325913405207992390e+00 2.344156285006009810e+00
-1.557731057876722058e+00 2.322818988348710256e+00 2.349200104468430084e+00
-1.560728821252920229e+00 2.337537412619273614e+00 2.348416593314645695e+00
-1.557751951412992941e+00 2.326448582867671977e+00 2.348580888614581141e+00
-1.563148598150690738e+00 2.322612038165158932e+00 2.355950279149068294e+00
-1.562857718694008691e+00 2.325758475387526225e+00 2.355969781850584255e+00
-1.553654225446506665e+00 2.330506888432946511e+00 2.341190654557026463e+00
-1.563552831074082272e+00 2.323421902960190355e+00 2.356826935272376744e+00
-1.561563134065861780e+00 2.333620956647983746e+00 2.351900483869194147e+00
-1.561563134065861780e+00 2.333620956647983746e+00 2.351900483869194147e+00
-1.570842060422322328e+00 2.335983808918410620e+00 2.364935990449053449e+00
-1.567159835979915039e+00 2.337346668436828256e+00 2.360719804614188178e+00
-1.568477540098058842e+00 2.335009590833085014e+00 2.361128254099975621e+00
-1.568607647816789630e+00 2.335527714766366003e+00 2.363822997616340515e+00
-1.555769666731067202e+00 2.324498836604721230e+00 2.346569648915558304e+00
-1.561031959833858895e+00 2.323001176943625179e+00 2.351824987792006993e+00
-1.557585973645178479e+00 2.329345089366189114e+00 2.346550108855218753e+00
-1.557585973645178479e+00 2.329345089366189114e+00 2.346550108855218753e+00
-1.561978517178064241e+00 2.335853090188949377e+00 2.352679223297426958e+00
-1.561978517178064241e+00 2.335853090188949377e+00 2.352679223297426958e+00
-1.563196773790720862e+00 2.335300896520670744e+00 2.353643443932968538e+00
-1.565359023113600534e+00 2.333946309183349221e+00 2.357843118477870092e+00
-1.565359023113600534e+00 2.333946309183349221e+00 2.357843118477870092e+00
-1.565812701930510809e+00 2.336710661700526881e+00 2.357157980762409011e+00
-1.556669641727226772e+00 2.326200352258209314e+00 2.344746870116861004e+00
-1.556669641727226772e+00 2.326200352258209314e+00 2.344746870116861004e+00
-1.560853071752111632e+00 2.339618316814273236e+00 2.350158487087025350e+00
-1.559630955997458157e+00 2.330605222480597760e+00 2.350948625197123221e+00
-1.562213488533909178e+00 2.325515897755245920e+00 2.354114033653264215e+00
-1.558147244820206279e+00 2.333829590388478259e+00 2.346120067406179288e+00
-1.565377317886737618e+00 2.333937413229095093e+00 2.357324204603617801e+00
-1.565779699404057146e+00 2.341630817582634805e+00 2.356757396295773077e+00
-1.558291385535282014e+00 2.335484159946472627e+00 2.345467123103464502e+00
-1.560288776082402018e+00 2.327300771610894436e+00 2.353146259228260817e+00
-1.559321654692070513e+00 2.327022617926662651e+00 2.348152699589697079e+00
-1.557949535687051190e+00 2.324353084009745718e+00 2.348328256560108684e+00
-1.555873846854429310e+00 2.324435391814660079e+00 2.343979782179363980e+00
-1.557497568734836246e+00 2.329372866737373649e+00 2.345475778126687061e+00
-1.564684334075475469e+00 2.332199357530976958e+00 2.355331121018565455e+00
-1.562588997702048843e+00 2.321691709824675431e+00 2.356029538725646688e+00
-1.556468971307665150e+00 2.324513363852150682e+00 2.345883287338390133e+00
-1.561883646543812842e+00 2.339842142882377019e+00 2.351594819025034866e+00
-1.565043561916137804e+00 2.328356164543654572e+00 2.359088319240044029e+00
-1.564129604504816307e+00 2.328446113222827130e+00 2.358000811222286330e+00
-1.560252538487191920e+00 2.322215679507184660e+00 2.352525439922539263e+00
-1.562377584390305829e+00 2.327211152848636555e+00 2.352585359331252235e+00
-1.564734536509101659e+00 2.325851932402982492e+00 2.356890494096425925e+00
-1.562349948868937632e+00 2.339052866607739034e+00 2.352098537388387811e+00
-1.559755080984504660e+00 2.333240988958046991e+00 2.348856254115458952e+00
-1.567228030917247050e+00 2.332844985257029879e+00 2.358969106225840662e+00
-1.555264216724060899e+00 2.331371199121170079e+00 2.341450463321287145e+00
-1.563015739518722302e+00 2.332135933185753629e+00 2.353963477668884252e+00
-1.563015739518722302e+00 2.332135933185753629e+00 2.353963477668884252e+00
-1.563116293549589031e+00 2.329732821032596934e+00 2.353625013203577865e+00
-1.563170446334939401e+00 2.325213146991177204e+00 2.354332482172235785e+00
-1.557207681728891790e+00 2.326392373858058527e+00 2.345734567496947420e+00
-1.569942404560504823e+00 2.338967755816599770e+00 2.362782716843444319e+00
-1.570274241683046634e+00 2.330393206981385301e+00 2.365279552839163912e+00
-1.562794411947217021e+00 2.323688486456339408e+00 2.355391071997663843e+00
-1.564474793874264247e+00 2.324264072538957837e+00 2.357179680910480357e+00
-1.567033179947868504e+00 2.326838909618780704e+00 2.360247541264584470e+00
-1.571416549247249606e+00 2.331802686815092951e+00 2.366518543822540011e+00
-1.569534204705711478e+00 2.335703217096114059e+00 2.362311739549092238e+00
-1.567103528807177071e+00 2.330225396061787357e+00 2.362387918298892941e+00
-1.564020701466064978e+00 2.338715031132350131e+00 2.355407486340528322e+00
-1.559639715665718906e+00 2.337700911925808533e+00 2.348397861496394512e+00
-1.555371932764214149e+00 2.328973982128234255e+00 2.342245540768928436e+00
-1.557666776109071893e+00 2.332367283897115673e+00 2.344568451202109216e+00
-1.559645251821690115e+00 2.326781021730370824e+00 2.350238864641395864e+00
-1.556253302009432238e+00 2.336154610879619398e+00 2.342947016557925366e+00
-1.558002911816799729e+00 2.334517512224965952e+00 2.345908728415775357e+00
-1.560026344539262810e+00 2.326982011088981395e+00 2.349617745073864228e+00
-1.557518041498951122e+00 2.325498598925741067e+00 2.346362053331761288e+00
-1.571097405765887522e+00 2.332404874958800001e+00 2.366303827990478226e+00
-1.554226409557935673e+00 2.329581719909651127e+00 2.341739569665675091e+00
-1.554347458647829860e+00 2.321660012903312698e+00 2.343238508672303766e+00
-1.569517481680358761e+00 2.337609885027754686e+00 2.363861596687735656e+00
-1.568605773617534060e+00 2.339632603061008176e+00 2.361589709863388009e+00
-1.561255665306885643e+00 2.321747589654418853e+00 2.353550321736179285e+00
-1.562488682597405809e+00 2.333725111195546376e+00 2.351506332128426635e+00
-1.559861900029236637e+00 2.335415079298811758e+00 2.347394904876679789e+00
-1.556935609344336502e+00 2.325844464891061669e+00 2.348053320139381839e+00
-1.567654010190379754e+00 2.327220261031303750e+00 2.362944452757847813e+00
-1.559240362963212556e+00 2.330399064616213156e+00 2.349967230161487564e+00
-1.566088617890872170e+00 2.331854001741207050e+00 2.361041747051329409e+00
-1.560773401483064315e+00 2.331906539089756425e+00 2.353094890931668459e+00
-1.566095702944177770e+00 2.337557312722410074e+00 2.358194181427645475e+00
-1.565216538667254298e+00 2.326802325059989407e+00 2.358197081038348131e+00
-1.565216538667254298e+00 2.326802325059989407e+00 2.358197081038348131e+00
-1.564733097427738695e+00 2.335799027939271522e+00 2.354914287535894601e+00
-1.557821933959828709e+00 2.334409121438065338e+00 2.346059692493833282e+00
-1.557821933959828709e+00 2.334409121438065338e+00 2.346059692493833282e+00
-1.566006104020460254e+00 2.339777875198328250e+00 2.358430043415644661e+00
-1.569334168325414058e+00 2.336630486459890133e+00 2.364694590457325774e+00
-1.569522887379172893e+00 2.332501316838962335e+00 2.362897422894665311e+00
-1.559600321314430715e+00 2.329709265932541129e+00 2.347926442953715664e+00
-1.564177345506874817e+00 2.330258933916371067e+00 2.354394399533488169e+00
-1.565253897409396355e+00 2.335331909901244174e+00 2.355291808239527995e+00
-1.561790955257782887e+00 2.335648446451355831e+00 2.350205209071972945e+00
-1.566876900551991803e+00 2.338929052832706912e+00 2.358748123412745201e+00
-1.566876900551991803e+00 2.338929052832706912e+00 2.358748123412745201e+00
-1.560191217028142674e+00 2.326424246733851398e+00 2.350465292066992617e+00
-1.567109932575860842e+00 2.336549364163363673e+00 2.361351557820325908e+00
-1.555398581376534528e+00 2.331044118057693737e+00 2.344469955545019246e+00
-1.556920414675196707e+00 2.335628959772976021e+00 2.344941169392463109e+00
-1.555720739609671721e+00 2.331879318182246585e+00 2.341922326706891155e+00
-1.555883186686978448e+00 2.320496158285894506e+00 2.345404783920612246e+00
-1.558716291809160381e+00 2.333989385868596056e+00 2.346649547855189866e+00
-1.558816903812525911e+00 2.330416817576022037e+00 2.348321341368542647e+00
-1.559415048512951874e+00 2.326640526006686027e+00 2.351728610394125951e+00
-1.562864610594976167e+00 2.324214796366766311e+00 2.355052955206227594e+00
-1.555092851843670632e+00 2.331220254036700634e+00 2.342783182464771130e+00
-1.564473581636463884e+00 2.332234949007254254e+00 2.358954758528795992e+00
-1.557487970708822278e+00 2.332427752704385071e+00 2.343988394359966421e+00
-1.565076742831889689e+00 2.335065752513921566e+00 2.357085077448910937e+00
-1.553499234207694535e+00 2.331793346842598869e+00 2.338985223165217064e+00
-1.559556465793063618e+00 2.330173715081499619e+00 2.348276126977332012e+00
-1.559556465793063618e+00 2.330173715081499619e+00 2.348276126977332012e+00
-1.563509189748522488e+00 2.336960560497041151e+00 2.354542126903877985e+00
-1.563509189748522488e+00 2.336960560497041151e+00 2.354542126903877985e+00
-1.555875037761520030e+00 2.328936445056238203e+00 2.345168645889232906e+00
-1.558972282356970274e+00 2.323509031711390893e+00 2.348879137000192685e+00
-1.558972282356970274e+00 2.323509031711390893e+00 2.348879137000192685e+00
-1.569028124893059761e+00 2.335858971829603448e+00 2.364042540047616825e+00
-1.563632883259127526e+00 2.334437495839720711e+00 2.356320776081412660e+00
