{
    "modes": [
        {
            "index": 0,
            "strictly local log-evidence": -295.8441546311913,
            "strictly local log-evidence error": 0.020001262514272207,
            "local log-evidence": -295.8441546311913,
            "local log-evidence error": 0.020001262514272207,
            "mean": [
                -1.5620112420510088,
                2.3310268842625277,
                2.353124230964792
            ],
            "sigma": [
                0.010490395093778476,
                0.010012030694869915,
                0.015293303433803914
            ],
            "maximum": [
                -1.5613971641325466,
                2.3302588519435155,
                2.3523347760009994
            ],
            "maximum a posterior": [
                -1.5613971641325466,
                2.3302588519435155,
                2.3523347760009994
            ]
        }
    ],
    "nested sampling global log-evidence": -295.6377219928751,
    "nested sampling global log-evidence error": 0.20472529685336802,
    "global evidence": -295.8441546311913,
    "global evidence error": 0.020001262514272207,
    "nested importance sampling global log-evidence": -295.8441546311913,
    "nested importance sampling global log-evidence error": 0.020001262514272207,
    "marginals": [
        {
            "median": -1.5621877183706379,
            "sigma": 0.010284503443828807,
            "1sigma": [
                -1.572092854391756,
                -1.5515238475040984
            ],
            "2sigma": [
                -1.582874362166804,
                -1.541284464494649
            ],
            "3sigma": [
                -1.5931582632010963,
                -1.5324231228930145
            ],
            "5sigma": [
                -1.6128844674767948,
                -1.5098675414828728
            ],
            "q75%": -1.5549843214741847,
            "q25%": -1.5691892298275327,
            "q99%": -1.537927742784254,
            "q01%": -1.586044354387918,
            "q90%": -1.548045760030494,
            "q10%": -1.57473271500281
        },
        {
            "median": 2.331065652985223,
            "sigma": 0.010176020000034258,
            "1sigma": [
                2.320831044194834,
                2.3411830841949026
            ],
            "2sigma": [
                2.311885724686732,
                2.3505967718769996
            ],
            "3sigma": [
                2.301169121593078,
                2.3625979014686678
            ],
            "5sigma": [
                2.2852421734260564,
                2.383657482705766
            ],
            "q75%": 2.3378964907558246,
            "q25%": 2.324060397126576,
            "q99%": 2.3549097254165052,
            "q01%": 2.308251421763243,
            "q90%": 2.3438159953832702,
            "q10%": 2.3184193870815224
        },
        {
            "median": 2.353534375469137,
            "sigma": 0.014796120157837045,
            "1sigma": [
                2.3382574096009296,
                2.3678496499166037
            ],
            "2sigma": [
                2.3231998081084164,
                2.383000031710502
            ],
            "3sigma": [
                2.3087253341202905,
                2.3998616730853732
            ],
            "5sigma": [
                2.277380896249407,
                2.427419945026773
            ],
            "q75%": 2.3635573821234974,
            "q25%": 2.3426869762632814,
            "q99%": 2.3885855814517125,
            "q01%": 2.31699188081108,
            "q90%": 2.3720585424084604,
            "q10%": 2.3329217628446344
        }
    ]
}