{
    "modes": [
        {
            "index": 0,
            "strictly local log-evidence": -228.7422176890711,
            "strictly local log-evidence error": 0.019948670258833266,
            "local log-evidence": -228.7422176890711,
            "local log-evidence error": 0.019948670258833266,
            "mean": [
                -1.5627891796639146,
                2.6911622143401646,
                -0.7712561347637821
            ],
            "sigma": [
                0.010197054424335026,
                0.017244690021492537,
                0.0063566274926627865
            ],
            "maximum": [
                -1.561871968324116,
                2.688706176120435,
                -0.7706304562652537
            ],
            "maximum a posterior": [
                -1.561871968324116,
                2.688706176120435,
                -0.7706304562652537
            ]
        }
    ],
    "nested sampling global log-evidence": -228.4432791816268,
    "nested sampling global log-evidence error": 0.20713506196517553,
    "global evidence": -228.7422176890711,
    "global evidence error": 0.019948670258833266,
    "nested importance sampling global log-evidence": -228.7422176890711,
    "nested importance sampling global log-evidence error": 0.019948670258833266,
    "marginals": [
        {
            "median": -1.562918561297769,
            "sigma": 0.01011285594427136,
            "1sigma": [
                -1.573144069516757,
                -1.5529183576282142
            ],
            "2sigma": [
                -1.5823610569980129,
                -1.542071121722067
            ],
            "3sigma": [
                -1.592624688804954,
                -1.5319454081166672
            ],
            "5sigma": [
                -1.6139221182785306,
                -1.5115032832434714
            ],
            "q75%": -1.5558185208904467,
            "q25%": -1.5697257673822997,
            "q99%": -1.5387307752255348,
            "q01%": -1.5858834029641224,
            "q90%": -1.5497503351702797,
            "q10%": -1.5758686609510937
        },
        {
            "median": 2.690810605999256,
            "sigma": 0.01736254118409719,
            "1sigma": [
                2.6738823198435573,
                2.7086074022117517
            ],
            "2sigma": [
                2.6578665459205046,
                2.72566004374548
            ],
            "3sigma": [
                2.639532676970859,
                2.7421907726620764
            ],
            "5sigma": [
                2.6101247291446565,
                2.782078685597173
            ],
            "q75%": 2.702856048309214,
            "q25%": 2.679231025829107,
            "q99%": 2.732965800370919,
            "q01%": 2.6520344411188055,
            "q90%": 2.713241985622212,
            "q10%": 2.66937670008326
        },
        {
            "median": -0.7712164752092561,
            "sigma": 0.006388070535314427,
            "1sigma": [
                -0.7775831702385355,
                -0.7648070291679067
            ],
            "2sigma": [
                -0.7836201639222627,
                -0.7585867180345831
            ],
            "3sigma": [
                -0.7896671060011466,
                -0.7519673454940813
            ],
            "5sigma": [
                -0.8032170946780094,
                -0.7389954874585825
            ],
            "q75%": -0.7671476003466271,
            "q25%": -0.7754902721664332,
            "q99%": -0.7565666882249247,
            "q01%": -0.7860801742276988,
            "q90%": -0.7631627638061896,
            "q10%": -0.7794734899446566
        }
    ]
}